Season,Round,Driver,Team,Position,Points,Status,Podium,DNF,teammate_points,teammate_podium,teammate_finish_delta,teammate_points_delta,avg_teammate_finish_delta_last_n,avg_teammate_points_delta_last_n,EventName,team_points,avg_team_finish,best_team_finish,team_podiums,team_dnfs,team_finishers,drivers_count,constructor_points_prev,avg_finish_to_date_prev,avg_points_to_date_prev,dnf_rate_to_date_prev,reliability_to_date_prev,avg_team_finish_last_15,team_points_last_15,team_dnf_rate_last_15,historical_event_avg_finish_prev,historical_event_avg_points_prev,historical_event_podium_rate_prev,constructor_standing_prev,pace_rank_prev
2024,1,ALB,Williams,15.0,0.0,Lapped,0,1,0.0,0.0,5.0,0.0,,,Bahrain Grand Prix,0.0,17.5,15.0,0,0,2,2,0.0,,,,,,,,,,,1.0,
2024,2,ALB,Williams,11.0,0.0,Finished,0,0,0.0,0.0,3.0,0.0,5.0,0.0,Saudi Arabian Grand Prix,0.0,12.5,11.0,0,0,2,2,0.0,17.5,0.0,0.0,1.0,17.5,0.0,0.0,,,,6.0,9.0
2024,3,ALB,Williams,11.0,0.0,Lapped,0,1,,,,,4.0,0.0,Australian Grand Prix,0.0,11.0,11.0,0,0,1,1,0.0,15.0,0.0,0.0,1.0,15.0,0.0,0.0,,,,7.0,8.0
2024,4,ALB,Williams,20.0,0.0,Retired,0,1,0.0,0.0,-3.0,0.0,4.0,0.0,Japanese Grand Prix,0.0,18.5,17.0,0,1,1,2,0.0,13.666666666666666,0.0,0.0,1.0,13.666666666666666,0.0,0.0,,,,8.0,8.0
2024,5,ALB,Williams,12.0,0.0,Finished,0,0,0.0,0.0,5.0,0.0,1.6666666666666667,0.0,Chinese Grand Prix,0.0,14.5,12.0,0,0,2,2,0.0,14.875,0.0,0.25,0.75,14.875,0.0,0.25,,,,8.0,8.0
2024,6,ALB,Williams,18.0,0.0,Finished,0,0,0.0,0.0,2.0,0.0,2.5,0.0,Miami Grand Prix,0.0,19.0,18.0,0,1,1,2,0.0,14.8,0.0,0.2,0.8,14.8,0.0,0.2,,,,8.0,8.0
2024,7,ALB,Williams,20.0,0.0,Retired,0,1,0.0,0.0,-3.0,0.0,2.4,0.0,Emilia Romagna Grand Prix,0.0,18.5,17.0,0,1,1,2,0.0,15.5,0.0,0.3333333333333333,0.6666666666666667,15.5,0.0,0.3333333333333333,,,,9.0,9.0
2024,8,ALB,Williams,9.0,2.0,Lapped,0,1,0.0,0.0,6.0,2.0,1.5,0.0,Monaco Grand Prix,2.0,12.0,9.0,0,0,2,2,0.0,15.928571428571429,0.0,0.42857142857142855,0.5714285714285714,15.928571428571429,0.0,0.42857142857142855,,,,9.0,9.0
2024,9,ALB,Williams,17.0,0.0,Retired,0,1,0.0,0.0,3.0,0.0,2.142857142857143,0.2857142857142857,Canadian Grand Prix,0.0,18.5,17.0,0,2,0,2,2.0,15.4375,0.25,0.375,0.625,15.4375,0.25,0.375,,,,8.0,9.0
2024,10,ALB,Williams,18.0,0.0,Lapped,0,1,0.0,0.0,2.0,0.0,2.25,0.25,Spanish Grand Prix,0.0,19.0,18.0,0,0,2,2,2.0,15.777777777777779,0.2222222222222222,0.5555555555555556,0.4444444444444444,15.777777777777779,0.2222222222222222,0.5555555555555556,,,,9.0,10.0
2024,11,ALB,Williams,15.0,0.0,Lapped,0,1,0.0,0.0,4.0,0.0,2.2222222222222223,0.2222222222222222,Austrian Grand Prix,0.0,17.0,15.0,0,0,2,2,2.0,16.1,0.2,0.5,0.5,16.1,0.2,0.5,,,,9.0,10.0
2024,12,ALB,Williams,9.0,2.0,Finished,0,0,0.0,0.0,2.0,2.0,2.4,0.2,British Grand Prix,2.0,10.0,9.0,0,0,2,2,2.0,16.181818181818183,0.18181818181818182,0.45454545454545453,0.5454545454545454,16.181818181818183,0.18181818181818182,0.45454545454545453,,,,9.0,10.0
2024,13,ALB,Williams,14.0,0.0,Lapped,0,1,0.0,0.0,3.0,0.0,2.3636363636363638,0.36363636363636365,Hungarian Grand Prix,0.0,15.5,14.0,0,0,2,2,4.0,15.666666666666666,0.3333333333333333,0.4166666666666667,0.5833333333333333,15.666666666666666,0.3333333333333333,0.4166666666666667,,,,9.0,10.0
2024,14,ALB,Williams,12.0,0.0,Finished,0,0,0.0,0.0,5.0,0.0,2.4166666666666665,0.3333333333333333,Belgian Grand Prix,0.0,14.5,12.0,0,0,2,2,4.0,15.653846153846153,0.3076923076923077,0.38461538461538464,0.6153846153846154,15.653846153846153,0.3076923076923077,0.38461538461538464,,,,9.0,9.0
2024,15,ALB,Williams,14.0,0.0,Lapped,0,1,0.0,0.0,2.0,0.0,2.6153846153846154,0.3076923076923077,Dutch Grand Prix,0.0,15.0,14.0,0,0,2,2,4.0,15.571428571428571,0.2857142857142857,0.35714285714285715,0.6428571428571428,15.571428571428571,0.2857142857142857,0.35714285714285715,,,,9.0,9.0
2024,16,ALB,Williams,9.0,2.0,Finished,0,0,0.0,0.0,3.0,2.0,2.5714285714285716,0.2857142857142857,Italian Grand Prix,2.0,10.5,9.0,0,0,2,2,4.0,15.533333333333333,0.26666666666666666,0.3333333333333333,0.6666666666666667,15.533333333333333,0.26666666666666666,0.3333333333333333,,,,9.0,9.0
2024,17,ALB,Williams,7.0,6.0,Finished,0,0,4.0,0.0,1.0,2.0,2.4285714285714284,0.42857142857142855,Azerbaijan Grand Prix,10.0,7.5,7.0,0,0,2,2,6.0,15.21875,0.375,0.3125,0.6875,15.066666666666666,0.4,0.3333333333333333,,,,9.0,9.0
2024,18,ALB,Williams,20.0,0.0,Retired,0,1,0.0,0.0,-9.0,0.0,2.2857142857142856,0.5714285714285714,Singapore Grand Prix,0.0,15.5,11.0,0,1,1,2,16.0,14.764705882352942,0.9411764705882353,0.29411764705882354,0.7058823529411764,14.733333333333333,1.0666666666666667,0.3333333333333333,,,,8.0,9.0
2024,19,ALB,Williams,16.0,0.0,Lapped,0,1,1.0,0.0,-6.0,-1.0,1.5333333333333334,0.5333333333333333,United States Grand Prix,1.0,13.0,10.0,0,0,2,2,16.0,14.805555555555555,0.8888888888888888,0.3333333333333333,0.6666666666666667,15.033333333333333,1.0666666666666667,0.4,,,,8.0,9.0
2024,20,ALB,Williams,19.0,0.0,Retired,0,1,0.0,0.0,-7.0,0.0,1.3333333333333333,0.4666666666666667,Mexico City Grand Prix,0.0,15.5,12.0,0,1,1,2,17.0,14.710526315789474,0.8947368421052632,0.3157894736842105,0.6842105263157895,14.666666666666666,1.1333333333333333,0.3333333333333333,,,,8.0,9.0
2024,21,ALB,Williams,18.0,0.0,Did not start,0,1,0.0,0.0,-1.0,0.0,0.5333333333333333,0.4666666666666667,São Paulo Grand Prix,0.0,17.5,17.0,0,2,0,2,17.0,14.75,0.85,0.35,0.65,14.733333333333333,1.1333333333333333,0.4,,,,8.0,9.0
2024,22,ALB,Williams,19.0,0.0,Retired,0,1,0.0,0.0,-5.0,0.0,0.3333333333333333,0.4666666666666667,Las Vegas Grand Prix,0.0,16.5,14.0,0,1,1,2,17.0,14.880952380952381,0.8095238095238095,0.42857142857142855,0.5714285714285714,14.633333333333333,1.1333333333333333,0.4666666666666667,,,,9.0,9.0
2024,23,ALB,Williams,15.0,0.0,Lapped,0,1,0.0,0.0,4.0,0.0,0.2,0.4666666666666667,Qatar Grand Prix,0.0,17.0,15.0,0,1,1,2,17.0,14.954545454545455,0.7727272727272727,0.45454545454545453,0.5454545454545454,14.5,1.1333333333333333,0.4666666666666667,,,,9.0,9.0
2024,24,ALB,Williams,11.0,0.0,Lapped,0,1,0.0,0.0,8.0,0.0,0.06666666666666667,0.3333333333333333,Abu Dhabi Grand Prix,0.0,15.0,11.0,0,1,1,2,17.0,15.043478260869565,0.7391304347826086,0.4782608695652174,0.5217391304347826,14.833333333333334,1.0,0.5333333333333333,,,,9.0,9.0
2025,1,ALB,Williams,5.0,10.0,Finished,0,0,0.0,0.0,13.0,10.0,0.4,0.3333333333333333,Australian Grand Prix,10.0,11.5,5.0,0,1,1,2,0.0,,,,,,,,11.0,0.0,0.0,1.0,
2025,2,ALB,Williams,7.0,6.0,Finished,0,0,1.0,0.0,3.0,5.0,1.1333333333333333,1.0,Chinese Grand Prix,7.0,8.5,7.0,0,0,2,2,10.0,11.5,10.0,1.0,0.0,11.5,10.0,1.0,14.5,0.0,0.0,4.0,5.0
2025,3,ALB,Williams,9.0,2.0,Finished,0,0,0.0,0.0,5.0,2.0,1.0666666666666667,1.3333333333333333,Japanese Grand Prix,2.0,11.5,9.0,0,0,2,2,17.0,10.0,8.5,0.5,0.5,10.0,8.5,0.5,18.5,0.0,0.0,4.0,4.0
2025,4,ALB,Williams,12.0,0.0,Finished,0,0,0.0,0.0,7.0,0.0,1.2666666666666666,1.3333333333333333,Bahrain Grand Prix,0.0,15.5,12.0,0,1,1,2,19.0,10.5,6.333333333333333,0.3333333333333333,0.6666666666666667,10.5,6.333333333333333,0.3333333333333333,17.5,0.0,0.0,5.0,4.0
2025,5,ALB,Williams,9.0,2.0,Finished,0,0,4.0,0.0,-1.0,-2.0,1.5333333333333334,1.3333333333333333,Saudi Arabian Grand Prix,6.0,8.5,8.0,0,0,2,2,19.0,11.75,4.75,0.5,0.5,11.75,4.75,0.5,12.5,0.0,0.0,6.0,6.0
2025,6,ALB,Williams,5.0,10.0,Finished,0,0,2.0,0.0,4.0,8.0,1.1333333333333333,1.2,Miami Grand Prix,12.0,7.0,5.0,0,0,2,2,25.0,11.1,5.0,0.4,0.6,11.1,5.0,0.4,19.0,0.0,0.0,5.0,5.0
2025,7,ALB,Williams,5.0,10.0,Finished,0,0,4.0,0.0,3.0,6.0,1.2666666666666666,1.7333333333333334,Emilia Romagna Grand Prix,14.0,6.5,5.0,0,0,2,2,37.0,10.416666666666666,6.166666666666667,0.3333333333333333,0.6666666666666667,10.416666666666666,6.166666666666667,0.3333333333333333,18.5,0.0,0.0,5.0,5.0
2025,8,ALB,Williams,9.0,2.0,Lapped,0,1,1.0,0.0,1.0,1.0,1.2666666666666666,2.0,Monaco Grand Prix,3.0,9.5,9.0,0,0,2,2,51.0,9.857142857142858,7.285714285714286,0.2857142857142857,0.7142857142857143,9.857142857142858,7.285714285714286,0.2857142857142857,12.0,2.0,0.0,5.0,5.0
2025,9,ALB,Williams,19.0,0.0,Retired,0,1,0.0,0.0,-5.0,0.0,1.2666666666666666,1.9333333333333333,Spanish Grand Prix,0.0,16.5,14.0,0,1,1,2,54.0,9.8125,6.75,0.25,0.75,9.8125,6.75,0.25,19.0,0.0,0.0,5.0,5.0
2024,1,ALO,Aston Martin,9.0,2.0,Finished,0,0,1.0,0.0,1.0,1.0,,,Bahrain Grand Prix,3.0,9.5,9.0,0,0,2,2,0.0,,,,,,,,,,,1.0,
2024,2,ALO,Aston Martin,5.0,10.0,Finished,0,0,0.0,0.0,14.0,10.0,1.0,1.0,Saudi Arabian Grand Prix,10.0,12.0,5.0,0,1,1,2,3.0,9.5,3.0,0.0,1.0,9.5,3.0,0.0,,,,5.0,5.0
2024,3,ALO,Aston Martin,8.0,4.0,Finished,0,0,8.0,0.0,-2.0,-4.0,7.5,5.5,Australian Grand Prix,12.0,7.0,6.0,0,0,2,2,13.0,10.75,6.5,0.5,0.5,10.75,6.5,0.5,,,,5.0,5.0
2024,4,ALO,Aston Martin,6.0,8.0,Finished,0,0,0.0,0.0,6.0,8.0,4.333333333333333,2.3333333333333335,Japanese Grand Prix,8.0,9.0,6.0,0,0,2,2,25.0,9.5,8.333333333333334,0.3333333333333333,0.6666666666666667,9.5,8.333333333333334,0.3333333333333333,,,,5.0,4.0
2024,5,ALO,Aston Martin,7.0,7.0,Finished,0,0,0.0,0.0,8.0,7.0,4.75,3.75,Chinese Grand Prix,7.0,11.0,7.0,0,0,2,2,33.0,9.375,8.25,0.25,0.75,9.375,8.25,0.25,,,,5.0,4.0
2024,6,ALO,Aston Martin,9.0,2.0,Finished,0,0,0.0,0.0,8.0,2.0,5.4,4.4,Miami Grand Prix,2.0,13.0,9.0,0,0,2,2,40.0,9.7,8.0,0.2,0.8,9.7,8.0,0.2,,,,5.0,5.0
2024,7,ALO,Aston Martin,19.0,0.0,Lapped,0,1,2.0,0.0,-10.0,-2.0,5.833333333333333,4.0,Emilia Romagna Grand Prix,2.0,14.0,9.0,0,0,2,2,42.0,10.25,7.0,0.16666666666666666,0.8333333333333334,10.25,7.0,0.16666666666666666,,,,5.0,5.0
2024,8,ALO,Aston Martin,11.0,0.0,Lapped,0,1,0.0,0.0,3.0,0.0,3.5714285714285716,3.142857142857143,Monaco Grand Prix,0.0,12.5,11.0,0,0,2,2,44.0,10.785714285714286,6.285714285714286,0.14285714285714285,0.8571428571428572,10.785714285714286,6.285714285714286,0.14285714285714285,,,,5.0,5.0
2024,9,ALO,Aston Martin,6.0,8.0,Finished,0,0,6.0,0.0,1.0,2.0,3.5,2.75,Canadian Grand Prix,14.0,6.5,6.0,0,0,2,2,44.0,11.0,5.5,0.125,0.875,11.0,5.5,0.125,,,,5.0,5.0
2024,10,ALO,Aston Martin,12.0,0.0,Lapped,0,1,0.0,0.0,2.0,0.0,3.2222222222222223,2.6666666666666665,Spanish Grand Prix,0.0,13.0,12.0,0,0,2,2,58.0,10.5,6.444444444444445,0.1111111111111111,0.8888888888888888,10.5,6.444444444444445,0.1111111111111111,,,,5.0,5.0
2024,11,ALO,Aston Martin,18.0,0.0,Lapped,0,1,0.0,0.0,-5.0,0.0,3.1,2.4,Austrian Grand Prix,0.0,15.5,13.0,0,0,2,2,58.0,10.75,5.8,0.1,0.9,10.75,5.8,0.1,,,,5.0,5.0
2024,12,ALO,Aston Martin,8.0,4.0,Finished,0,0,6.0,0.0,-1.0,-2.0,2.3636363636363638,2.1818181818181817,British Grand Prix,10.0,7.5,7.0,0,0,2,2,58.0,11.181818181818182,5.2727272727272725,0.09090909090909091,0.9090909090909091,11.181818181818182,5.2727272727272725,0.09090909090909091,,,,5.0,5.0
2024,13,ALO,Aston Martin,11.0,0.0,Finished,0,0,1.0,0.0,-1.0,-1.0,2.0833333333333335,1.8333333333333333,Hungarian Grand Prix,1.0,10.5,10.0,0,0,2,2,68.0,10.875,5.666666666666667,0.08333333333333333,0.9166666666666666,10.875,5.666666666666667,0.08333333333333333,,,,5.0,5.0
2024,14,ALO,Aston Martin,8.0,4.0,Finished,0,0,0.0,0.0,3.0,4.0,1.8461538461538463,1.6153846153846154,Belgian Grand Prix,4.0,9.5,8.0,0,0,2,2,69.0,10.846153846153847,5.3076923076923075,0.07692307692307693,0.9230769230769231,10.846153846153847,5.3076923076923075,0.07692307692307693,,,,5.0,5.0
2024,15,ALO,Aston Martin,10.0,1.0,Lapped,0,1,0.0,0.0,3.0,1.0,1.9285714285714286,1.7857142857142858,Dutch Grand Prix,1.0,11.5,10.0,0,0,2,2,73.0,10.75,5.214285714285714,0.07142857142857142,0.9285714285714286,10.75,5.214285714285714,0.07142857142857142,,,,5.0,5.0
2024,16,ALO,Aston Martin,11.0,0.0,Finished,0,0,0.0,0.0,8.0,0.0,2.0,1.7333333333333334,Italian Grand Prix,0.0,15.0,11.0,0,0,2,2,74.0,10.8,4.933333333333334,0.06666666666666667,0.9333333333333333,10.8,4.933333333333334,0.06666666666666667,,,,5.0,5.0
2024,17,ALO,Aston Martin,6.0,8.0,Finished,0,0,0.0,0.0,13.0,8.0,2.466666666666667,1.6666666666666667,Azerbaijan Grand Prix,8.0,12.5,6.0,0,1,1,2,74.0,11.0625,4.625,0.0625,0.9375,11.166666666666666,4.733333333333333,0.06666666666666667,,,,5.0,5.0
2024,18,ALO,Aston Martin,8.0,4.0,Lapped,0,1,0.0,0.0,6.0,4.0,2.4,1.5333333333333334,Singapore Grand Prix,4.0,11.0,8.0,0,0,2,2,82.0,11.147058823529411,4.823529411764706,0.11764705882352941,0.8823529411764706,11.2,4.6,0.06666666666666667,,,,5.0,5.0
2024,19,ALO,Aston Martin,13.0,0.0,Lapped,0,1,0.0,0.0,2.0,0.0,2.933333333333333,2.066666666666667,United States Grand Prix,0.0,14.0,13.0,0,0,2,2,86.0,11.13888888888889,4.777777777777778,0.1111111111111111,0.8888888888888888,11.466666666666667,4.066666666666666,0.06666666666666667,,,,5.0,5.0
2024,20,ALO,Aston Martin,18.0,0.0,Retired,0,1,0.0,0.0,-7.0,0.0,2.6666666666666665,1.5333333333333334,Mexico City Grand Prix,0.0,14.5,11.0,0,1,1,2,86.0,11.289473684210526,4.526315789473684,0.10526315789473684,0.8947368421052632,11.8,3.533333333333333,0.06666666666666667,,,,5.0,5.0
2024,21,ALO,Aston Martin,14.0,0.0,Finished,0,0,0.0,0.0,5.0,0.0,1.6666666666666667,1.0666666666666667,São Paulo Grand Prix,0.0,16.5,14.0,0,1,1,2,86.0,11.45,4.3,0.15,0.85,12.033333333333333,3.066666666666667,0.13333333333333333,,,,5.0,5.0
2024,22,ALO,Aston Martin,11.0,0.0,Finished,0,0,0.0,0.0,4.0,0.0,1.4666666666666666,0.9333333333333333,Las Vegas Grand Prix,0.0,13.0,11.0,0,0,2,2,86.0,11.69047619047619,4.095238095238095,0.19047619047619047,0.8095238095238095,12.266666666666667,2.933333333333333,0.2,,,,5.0,5.0
2024,23,ALO,Aston Martin,7.0,6.0,Finished,0,0,0.0,0.0,11.0,6.0,2.4,1.0666666666666667,Qatar Grand Prix,6.0,12.5,7.0,0,1,1,2,86.0,11.75,3.909090909090909,0.18181818181818182,0.8181818181818181,12.2,2.8,0.2,,,,5.0,5.0
2024,24,ALO,Aston Martin,9.0,2.0,Finished,0,0,0.0,0.0,5.0,2.0,2.933333333333333,1.4666666666666666,Abu Dhabi Grand Prix,2.0,11.5,9.0,0,0,2,2,92.0,11.782608695652174,4.0,0.21739130434782608,0.782608695652174,12.2,3.2,0.26666666666666666,,,,5.0,5.0
2025,1,ALO,Aston Martin,17.0,0.0,Retired,0,1,8.0,0.0,-11.0,-8.0,3.2,1.4666666666666666,Australian Grand Prix,8.0,11.5,6.0,0,1,1,2,0.0,,,,,,,,7.0,12.0,0.0,1.0,
2025,2,ALO,Aston Martin,17.0,0.0,Retired,0,1,2.0,0.0,-8.0,-2.0,2.3333333333333335,0.9333333333333333,Chinese Grand Prix,2.0,13.0,9.0,0,1,1,2,8.0,11.5,8.0,1.0,0.0,11.5,8.0,1.0,11.0,7.0,0.0,5.0,5.0
2025,3,ALO,Aston Martin,11.0,0.0,Finished,0,0,0.0,0.0,9.0,0.0,2.1333333333333333,0.8,Japanese Grand Prix,0.0,15.5,11.0,0,0,2,2,10.0,12.25,5.0,1.0,0.0,12.25,5.0,1.0,9.0,8.0,0.0,6.0,6.0
2025,4,ALO,Aston Martin,15.0,0.0,Finished,0,0,0.0,0.0,2.0,0.0,2.8,0.9333333333333333,Bahrain Grand Prix,0.0,16.0,15.0,0,0,2,2,10.0,13.333333333333334,3.3333333333333335,0.6666666666666666,0.33333333333333337,13.333333333333334,3.3333333333333335,0.6666666666666666,9.5,3.0,0.0,7.0,7.0
2025,5,ALO,Aston Martin,11.0,0.0,Finished,0,0,0.0,0.0,5.0,0.0,3.0,1.0,Saudi Arabian Grand Prix,0.0,13.5,11.0,0,0,2,2,10.0,14.0,2.5,0.5,0.5,14.0,2.5,0.5,12.0,10.0,0.0,7.0,7.0
2025,6,ALO,Aston Martin,15.0,0.0,Lapped,0,1,0.0,0.0,1.0,0.0,3.1333333333333333,0.7333333333333333,Miami Grand Prix,0.0,15.5,15.0,0,0,2,2,10.0,13.9,2.0,0.4,0.6,13.9,2.0,0.4,13.0,2.0,0.0,7.0,8.0
2025,7,ALO,Aston Martin,11.0,0.0,Finished,0,0,0.0,0.0,4.0,0.0,3.0,0.6666666666666666,Emilia Romagna Grand Prix,0.0,13.0,11.0,0,0,2,2,10.0,14.166666666666666,1.6666666666666667,0.3333333333333333,0.6666666666666667,14.166666666666666,1.6666666666666667,0.3333333333333333,14.0,2.0,0.0,7.0,8.0
2025,8,ALO,Aston Martin,19.0,0.0,Retired,0,1,0.0,0.0,-4.0,0.0,2.7333333333333334,0.6666666666666666,Monaco Grand Prix,0.0,17.0,15.0,0,1,1,2,10.0,14.0,1.4285714285714286,0.2857142857142857,0.7142857142857143,14.0,1.4285714285714286,0.2857142857142857,12.5,0.0,0.0,7.0,8.0
2025,9,ALO,Aston Martin,9.0,2.0,Finished,0,0,,,,,1.6,0.13333333333333333,Spanish Grand Prix,2.0,9.0,9.0,0,0,1,1,10.0,14.375,1.25,0.375,0.625,14.375,1.25,0.375,13.0,0.0,0.0,8.0,8.0
2025,1,ANT,Mercedes,4.0,12.0,Finished,0,0,15.0,1.0,-1.0,-3.0,,,Australian Grand Prix,27.0,3.5,3.0,1,0,2,2,0.0,,,,,,,,17.5,0.0,0.0,1.0,
2025,2,ANT,Mercedes,6.0,8.0,Finished,0,0,15.0,1.0,-3.0,-7.0,-1.0,-3.0,Chinese Grand Prix,23.0,4.5,3.0,1,0,2,2,27.0,3.5,27.0,0.0,1.0,3.5,27.0,0.0,7.5,10.0,0.0,1.0,1.0
2025,3,ANT,Mercedes,6.0,8.0,Finished,0,0,10.0,0.0,-1.0,-2.0,-2.0,-5.0,Japanese Grand Prix,18.0,5.5,5.0,0,0,2,2,50.0,4.0,25.0,0.0,1.0,4.0,25.0,0.0,8.0,8.0,0.0,2.0,2.0
2025,4,ANT,Mercedes,11.0,0.0,Finished,0,0,18.0,1.0,-9.0,-18.0,-1.6666666666666667,-4.0,Bahrain Grand Prix,18.0,6.5,2.0,1,0,2,2,68.0,4.5,22.666666666666668,0.0,1.0,4.5,22.666666666666668,0.0,6.0,16.0,0.0,2.0,2.0
2025,5,ANT,Mercedes,6.0,8.0,Finished,0,0,10.0,0.0,-1.0,-2.0,-3.5,-7.5,Saudi Arabian Grand Prix,18.0,5.5,5.0,0,0,2,2,86.0,5.0,21.5,0.0,1.0,5.0,21.5,0.0,7.5,10.0,0.0,2.0,2.0
2025,6,ANT,Mercedes,6.0,8.0,Finished,0,0,15.0,1.0,-3.0,-7.0,-3.0,-6.4,Miami Grand Prix,23.0,4.5,3.0,1,0,2,2,104.0,5.1,20.8,0.0,1.0,5.1,20.8,0.0,7.0,12.0,0.0,2.0,2.0
2025,7,ANT,Mercedes,19.0,0.0,Retired,0,1,6.0,0.0,-12.0,-6.0,-3.0,-6.5,Emilia Romagna Grand Prix,6.0,13.0,7.0,0,1,1,2,127.0,5.0,21.166666666666668,0.0,1.0,5.0,21.166666666666668,0.0,6.5,15.0,0.0,2.0,2.0
2025,8,ANT,Mercedes,18.0,0.0,Lapped,0,1,0.0,0.0,-7.0,0.0,-4.285714285714286,-6.428571428571429,Monaco Grand Prix,0.0,14.5,11.0,0,0,2,2,133.0,6.142857142857143,19.0,0.14285714285714285,0.8571428571428572,6.142857142857143,19.0,0.14285714285714285,6.0,17.0,0.0,2.0,2.0
2025,9,ANT,Mercedes,18.0,0.0,Retired,0,1,12.0,0.0,-14.0,-12.0,-4.625,-5.625,Spanish Grand Prix,12.0,11.0,4.0,0,1,1,2,133.0,7.1875,16.625,0.125,0.875,7.1875,16.625,0.125,3.5,27.0,1.0,3.0,2.0
2024,2,BEA,Ferrari,7.0,6.0,Finished,0,0,16.0,1.0,-4.0,-10.0,,,Saudi Arabian Grand Prix,22.0,5.0,3.0,1,0,2,2,27.0,3.5,27.0,0.0,1.0,3.5,27.0,0.0,,,,2.0,2.0
2024,17,BEA,Haas F1 Team,10.0,1.0,Finished,0,0,0.0,0.0,1.0,1.0,-4.0,-10.0,Azerbaijan Grand Prix,1.0,10.5,10.0,0,0,2,2,26.0,12.8125,1.625,0.125,0.875,12.733333333333333,1.7333333333333334,0.13333333333333333,,,,7.0,6.0
2024,21,BEA,Haas F1 Team,12.0,0.0,Finished,0,0,0.0,0.0,8.0,0.0,-1.5,-4.5,São Paulo Grand Prix,0.0,16.0,12.0,0,1,1,2,41.0,12.35,2.05,0.15,0.85,12.5,2.4,0.2,,,,6.0,6.0
2025,1,BEA,Haas F1 Team,14.0,0.0,Finished,0,0,0.0,0.0,-1.0,0.0,1.6666666666666667,-3.0,Australian Grand Prix,0.0,13.5,13.0,0,0,2,2,0.0,,,,,,,,9.5,3.0,0.0,1.0,
2025,2,BEA,Haas F1 Team,8.0,4.0,Finished,0,0,10.0,0.0,-3.0,-6.0,1.0,-2.25,Chinese Grand Prix,14.0,6.5,5.0,0,0,2,2,0.0,13.5,0.0,0.0,1.0,13.5,0.0,0.0,13.0,1.0,0.0,8.0,8.0
2025,3,BEA,Haas F1 Team,10.0,1.0,Finished,0,0,0.0,0.0,8.0,1.0,0.2,-3.0,Japanese Grand Prix,1.0,14.0,10.0,0,0,2,2,14.0,10.0,7.0,0.0,1.0,10.0,7.0,0.0,12.0,0.0,0.0,5.0,4.0
2025,4,BEA,Haas F1 Team,10.0,1.0,Finished,0,0,4.0,0.0,-2.0,-3.0,1.5,-2.3333333333333335,Bahrain Grand Prix,5.0,9.0,8.0,0,0,2,2,15.0,11.333333333333334,5.0,0.0,1.0,11.333333333333334,5.0,0.0,14.0,0.0,0.0,6.0,6.0
2025,5,BEA,Haas F1 Team,13.0,0.0,Finished,0,0,0.0,0.0,1.0,0.0,1.0,-2.4285714285714284,Saudi Arabian Grand Prix,0.0,13.5,13.0,0,0,2,2,20.0,10.75,5.0,0.0,1.0,10.75,5.0,0.0,11.0,1.0,0.0,5.0,5.0
2025,6,BEA,Haas F1 Team,19.0,0.0,Retired,0,1,0.0,0.0,-7.0,0.0,1.0,-2.125,Miami Grand Prix,0.0,15.5,12.0,0,1,1,2,20.0,11.3,4.0,0.0,1.0,11.3,4.0,0.0,15.0,0.0,0.0,6.0,6.0
2025,7,BEA,Haas F1 Team,17.0,0.0,Finished,0,0,0.0,0.0,3.0,0.0,0.1111111111111111,-1.8888888888888888,Emilia Romagna Grand Prix,0.0,18.5,17.0,0,1,1,2,20.0,12.0,3.3333333333333335,0.16666666666666666,0.8333333333333334,12.0,3.3333333333333335,0.16666666666666666,11.5,0.0,0.0,6.0,6.0
2025,8,BEA,Haas F1 Team,12.0,0.0,Lapped,0,1,6.0,0.0,-5.0,-6.0,0.4,-1.7,Monaco Grand Prix,6.0,9.5,7.0,0,0,2,2,20.0,12.928571428571429,2.857142857142857,0.2857142857142857,0.7142857142857143,12.928571428571429,2.857142857142857,0.2857142857142857,19.5,0.0,0.0,6.0,6.0
2025,9,BEA,Haas F1 Team,17.0,0.0,Finished,0,0,0.0,0.0,-1.0,0.0,-0.09090909090909091,-2.090909090909091,Spanish Grand Prix,0.0,16.5,16.0,0,0,2,2,26.0,12.5,3.25,0.25,0.75,12.5,3.25,0.25,14.0,0.0,0.0,6.0,6.0
2025,1,BOR,Kick Sauber,16.0,0.0,Retired,0,1,6.0,0.0,-9.0,-6.0,,,Australian Grand Prix,6.0,11.5,7.0,0,1,1,2,0.0,,,,,,,,14.5,0.0,0.0,1.0,
2025,2,BOR,Kick Sauber,14.0,0.0,Lapped,0,1,0.0,0.0,1.0,0.0,-9.0,-6.0,Chinese Grand Prix,0.0,14.5,14.0,0,0,2,2,6.0,11.5,6.0,1.0,0.0,11.5,6.0,1.0,17.0,0.0,0.0,6.0,5.0
2025,3,BOR,Kick Sauber,19.0,0.0,Finished,0,0,0.0,0.0,-3.0,0.0,-4.0,-3.0,Japanese Grand Prix,0.0,17.5,16.0,0,0,2,2,6.0,13.0,3.0,0.5,0.5,13.0,3.0,0.5,16.0,0.0,0.0,7.0,7.0
2025,4,BOR,Kick Sauber,18.0,0.0,Finished,0,0,0.0,0.0,2.0,0.0,-3.6666666666666665,-2.0,Bahrain Grand Prix,0.0,19.0,18.0,0,1,1,2,6.0,14.5,2.0,0.3333333333333333,0.6666666666666667,14.5,2.0,0.3333333333333333,15.0,0.0,0.0,8.0,9.0
2025,5,BOR,Kick Sauber,18.0,0.0,Lapped,0,1,0.0,0.0,-3.0,0.0,-2.25,-1.5,Saudi Arabian Grand Prix,0.0,16.5,15.0,0,0,2,2,6.0,15.625,1.5,0.5,0.5,15.625,1.5,0.5,17.5,0.0,0.0,8.0,10.0
2025,6,BOR,Kick Sauber,18.0,0.0,Retired,0,1,0.0,0.0,-4.0,0.0,-2.4,-1.2,Miami Grand Prix,0.0,16.0,14.0,0,1,1,2,6.0,15.8,1.2,0.4,0.6,15.8,1.2,0.4,15.0,0.0,0.0,8.0,10.0
2025,7,BOR,Kick Sauber,18.0,0.0,Finished,0,0,0.0,0.0,-6.0,0.0,-2.6666666666666665,-1.0,Emilia Romagna Grand Prix,0.0,15.0,12.0,0,0,2,2,6.0,15.833333333333334,1.0,0.5,0.5,15.833333333333334,1.0,0.5,16.5,0.0,0.0,8.0,10.0
2025,8,BOR,Kick Sauber,14.0,0.0,Lapped,0,1,0.0,0.0,2.0,0.0,-3.142857142857143,-0.8571428571428571,Monaco Grand Prix,0.0,15.0,14.0,0,0,2,2,6.0,15.714285714285714,0.8571428571428571,0.42857142857142855,0.5714285714285714,15.714285714285714,0.8571428571428571,0.42857142857142855,14.5,0.0,0.0,9.0,10.0
2025,9,BOR,Kick Sauber,12.0,0.0,Finished,0,0,10.0,0.0,-7.0,-10.0,-2.5,-0.75,Spanish Grand Prix,10.0,8.5,5.0,0,0,2,2,6.0,15.625,0.75,0.375,0.625,15.625,0.75,0.375,14.5,0.0,0.0,9.0,10.0
2024,1,BOT,Kick Sauber,19.0,0.0,Lapped,0,1,0.0,0.0,-8.0,0.0,,,Bahrain Grand Prix,0.0,15.0,11.0,0,0,2,2,0.0,,,,,,,,,,,1.0,
2024,2,BOT,Kick Sauber,17.0,0.0,Lapped,0,1,0.0,0.0,1.0,0.0,-8.0,0.0,Saudi Arabian Grand Prix,0.0,17.5,17.0,0,0,2,2,0.0,15.0,0.0,0.0,1.0,15.0,0.0,0.0,,,,6.0,8.0
2024,3,BOT,Kick Sauber,14.0,0.0,Lapped,0,1,0.0,0.0,1.0,0.0,-3.5,0.0,Australian Grand Prix,0.0,14.5,14.0,0,0,2,2,0.0,16.25,0.0,0.0,1.0,16.25,0.0,0.0,,,,7.0,9.0
2024,4,BOT,Kick Sauber,14.0,0.0,Lapped,0,1,0.0,0.0,4.0,0.0,-2.0,0.0,Japanese Grand Prix,0.0,16.0,14.0,0,1,1,2,0.0,15.666666666666666,0.0,0.0,1.0,15.666666666666666,0.0,0.0,,,,8.0,9.0
2024,5,BOT,Kick Sauber,20.0,0.0,Retired,0,1,0.0,0.0,-6.0,0.0,-0.5,0.0,Chinese Grand Prix,0.0,17.0,14.0,0,1,1,2,0.0,15.75,0.0,0.25,0.75,15.75,0.0,0.25,,,,8.0,9.0
2024,6,BOT,Kick Sauber,16.0,0.0,Finished,0,0,0.0,0.0,-2.0,0.0,-1.6,0.0,Miami Grand Prix,0.0,15.0,14.0,0,0,2,2,0.0,16.0,0.0,0.4,0.6,16.0,0.0,0.4,,,,8.0,10.0
2024,7,BOT,Kick Sauber,18.0,0.0,Lapped,0,1,0.0,0.0,-3.0,0.0,-1.6666666666666667,0.0,Emilia Romagna Grand Prix,0.0,16.5,15.0,0,0,2,2,0.0,15.833333333333334,0.0,0.3333333333333333,0.6666666666666667,15.833333333333334,0.0,0.3333333333333333,,,,9.0,10.0
2024,8,BOT,Kick Sauber,13.0,0.0,Lapped,0,1,0.0,0.0,3.0,0.0,-1.8571428571428572,0.0,Monaco Grand Prix,0.0,14.5,13.0,0,0,2,2,0.0,15.928571428571429,0.0,0.2857142857142857,0.7142857142857143,15.928571428571429,0.0,0.2857142857142857,,,,9.0,9.0
2024,9,BOT,Kick Sauber,13.0,0.0,Finished,0,0,0.0,0.0,2.0,0.0,-1.25,0.0,Canadian Grand Prix,0.0,14.0,13.0,0,0,2,2,0.0,15.75,0.0,0.25,0.75,15.75,0.0,0.25,,,,10.0,10.0
2024,10,BOT,Kick Sauber,16.0,0.0,Lapped,0,1,0.0,0.0,-3.0,0.0,-0.8888888888888888,0.0,Spanish Grand Prix,0.0,14.5,13.0,0,0,2,2,0.0,15.555555555555555,0.0,0.2222222222222222,0.7777777777777778,15.555555555555555,0.0,0.2222222222222222,,,,10.0,9.0
2024,11,BOT,Kick Sauber,16.0,0.0,Lapped,0,1,0.0,0.0,1.0,0.0,-1.1,0.0,Austrian Grand Prix,0.0,16.5,16.0,0,0,2,2,0.0,15.45,0.0,0.2,0.8,15.45,0.0,0.2,,,,10.0,9.0
2024,12,BOT,Kick Sauber,15.0,0.0,Lapped,0,1,0.0,0.0,3.0,0.0,-0.9090909090909091,0.0,British Grand Prix,0.0,16.5,15.0,0,0,2,2,0.0,15.545454545454545,0.0,0.18181818181818182,0.8181818181818181,15.545454545454545,0.0,0.18181818181818182,,,,10.0,9.0
2024,13,BOT,Kick Sauber,16.0,0.0,Lapped,0,1,0.0,0.0,3.0,0.0,-0.5833333333333334,0.0,Hungarian Grand Prix,0.0,17.5,16.0,0,0,2,2,0.0,15.625,0.0,0.16666666666666666,0.8333333333333334,15.625,0.0,0.16666666666666666,,,,10.0,9.0
2024,14,BOT,Kick Sauber,15.0,0.0,Finished,0,0,0.0,0.0,4.0,0.0,-0.3076923076923077,0.0,Belgian Grand Prix,0.0,17.0,15.0,0,1,1,2,0.0,15.76923076923077,0.0,0.15384615384615385,0.8461538461538461,15.76923076923077,0.0,0.15384615384615385,,,,10.0,10.0
2024,15,BOT,Kick Sauber,19.0,0.0,Lapped,0,1,0.0,0.0,1.0,0.0,0.0,0.0,Dutch Grand Prix,0.0,19.5,19.0,0,0,2,2,0.0,15.857142857142858,0.0,0.21428571428571427,0.7857142857142857,15.857142857142858,0.0,0.21428571428571427,,,,10.0,10.0
2024,16,BOT,Kick Sauber,16.0,0.0,Lapped,0,1,0.0,0.0,2.0,0.0,0.06666666666666667,0.0,Italian Grand Prix,0.0,17.0,16.0,0,0,2,2,0.0,16.1,0.0,0.2,0.8,16.1,0.0,0.2,,,,10.0,10.0
2024,17,BOT,Kick Sauber,16.0,0.0,Lapped,0,1,0.0,0.0,-2.0,0.0,0.7333333333333333,0.0,Azerbaijan Grand Prix,0.0,15.0,14.0,0,0,2,2,0.0,16.15625,0.0,0.1875,0.8125,16.233333333333334,0.0,0.2,,,,10.0,10.0
2024,18,BOT,Kick Sauber,16.0,0.0,Lapped,0,1,0.0,0.0,-1.0,0.0,0.5333333333333333,0.0,Singapore Grand Prix,0.0,15.5,15.0,0,0,2,2,0.0,16.08823529411765,0.0,0.17647058823529413,0.8235294117647058,16.066666666666666,0.0,0.2,,,,10.0,10.0
2024,19,BOT,Kick Sauber,17.0,0.0,Lapped,0,1,0.0,0.0,2.0,0.0,0.4,0.0,United States Grand Prix,0.0,18.0,17.0,0,0,2,2,0.0,16.055555555555557,0.0,0.16666666666666666,0.8333333333333334,16.133333333333333,0.0,0.2,,,,10.0,10.0
2024,20,BOT,Kick Sauber,14.0,0.0,Lapped,0,1,0.0,0.0,1.0,0.0,0.26666666666666666,0.0,Mexico City Grand Prix,0.0,14.5,14.0,0,0,2,2,0.0,16.157894736842106,0.0,0.15789473684210525,0.8421052631578947,16.266666666666666,0.0,0.13333333333333333,,,,10.0,10.0
2024,21,BOT,Kick Sauber,13.0,0.0,Finished,0,0,0.0,0.0,2.0,0.0,0.7333333333333333,0.0,São Paulo Grand Prix,0.0,14.0,13.0,0,0,2,2,0.0,16.075,0.0,0.15,0.85,16.1,0.0,0.06666666666666667,,,,10.0,10.0
2024,22,BOT,Kick Sauber,18.0,0.0,Lapped,0,1,0.0,0.0,-5.0,0.0,1.0,0.0,Las Vegas Grand Prix,0.0,15.5,13.0,0,0,2,2,0.0,15.976190476190476,0.0,0.14285714285714285,0.8571428571428572,16.033333333333335,0.0,0.06666666666666667,,,,10.0,10.0
2024,23,BOT,Kick Sauber,11.0,0.0,Finished,0,0,4.0,0.0,-3.0,-4.0,0.8666666666666667,0.0,Qatar Grand Prix,4.0,9.5,8.0,0,0,2,2,0.0,15.954545454545455,0.0,0.13636363636363635,0.8636363636363636,15.966666666666667,0.0,0.06666666666666667,,,,10.0,10.0
2024,24,BOT,Kick Sauber,18.0,0.0,Retired,0,1,0.0,0.0,-5.0,0.0,0.4666666666666667,-0.26666666666666666,Abu Dhabi Grand Prix,0.0,15.5,13.0,0,1,1,2,4.0,15.673913043478262,0.17391304347826086,0.13043478260869565,0.8695652173913043,15.633333333333333,0.26666666666666666,0.06666666666666667,,,,10.0,10.0
2024,16,COL,Williams,12.0,0.0,Finished,0,0,2.0,0.0,-3.0,-2.0,,,Italian Grand Prix,2.0,10.5,9.0,0,0,2,2,4.0,15.533333333333333,0.26666666666666666,0.3333333333333333,0.6666666666666667,15.533333333333333,0.26666666666666666,0.3333333333333333,,,,9.0,9.0
2024,17,COL,Williams,8.0,4.0,Finished,0,0,6.0,0.0,-1.0,-2.0,-3.0,-2.0,Azerbaijan Grand Prix,10.0,7.5,7.0,0,0,2,2,6.0,15.21875,0.375,0.3125,0.6875,15.066666666666666,0.4,0.3333333333333333,,,,9.0,9.0
2024,18,COL,Williams,11.0,0.0,Lapped,0,1,0.0,0.0,9.0,0.0,-2.0,-2.0,Singapore Grand Prix,0.0,15.5,11.0,0,1,1,2,16.0,14.764705882352942,0.9411764705882353,0.29411764705882354,0.7058823529411764,14.733333333333333,1.0666666666666667,0.3333333333333333,,,,8.0,9.0
2024,19,COL,Williams,10.0,1.0,Finished,0,0,0.0,0.0,6.0,1.0,1.6666666666666667,-1.3333333333333333,United States Grand Prix,1.0,13.0,10.0,0,0,2,2,16.0,14.805555555555555,0.8888888888888888,0.3333333333333333,0.6666666666666667,15.033333333333333,1.0666666666666667,0.4,,,,8.0,9.0
2024,20,COL,Williams,12.0,0.0,Lapped,0,1,0.0,0.0,7.0,0.0,2.75,-0.75,Mexico City Grand Prix,0.0,15.5,12.0,0,1,1,2,17.0,14.710526315789474,0.8947368421052632,0.3157894736842105,0.6842105263157895,14.666666666666666,1.1333333333333333,0.3333333333333333,,,,8.0,9.0
2024,21,COL,Williams,17.0,0.0,Retired,0,1,0.0,0.0,1.0,0.0,3.6,-0.6,São Paulo Grand Prix,0.0,17.5,17.0,0,2,0,2,17.0,14.75,0.85,0.35,0.65,14.733333333333333,1.1333333333333333,0.4,,,,8.0,9.0
2024,22,COL,Williams,14.0,0.0,Finished,0,0,0.0,0.0,5.0,0.0,3.1666666666666665,-0.5,Las Vegas Grand Prix,0.0,16.5,14.0,0,1,1,2,17.0,14.880952380952381,0.8095238095238095,0.42857142857142855,0.5714285714285714,14.633333333333333,1.1333333333333333,0.4666666666666667,,,,9.0,9.0
2024,23,COL,Williams,19.0,0.0,Retired,0,1,0.0,0.0,-4.0,0.0,3.4285714285714284,-0.42857142857142855,Qatar Grand Prix,0.0,17.0,15.0,0,1,1,2,17.0,14.954545454545455,0.7727272727272727,0.45454545454545453,0.5454545454545454,14.5,1.1333333333333333,0.4666666666666667,,,,9.0,9.0
2024,24,COL,Williams,19.0,0.0,Retired,0,1,0.0,0.0,-8.0,0.0,2.5,-0.375,Abu Dhabi Grand Prix,0.0,15.0,11.0,0,1,1,2,17.0,15.043478260869565,0.7391304347826086,0.4782608695652174,0.5217391304347826,14.833333333333334,1.0,0.5333333333333333,,,,9.0,9.0
2025,7,COL,Alpine,16.0,0.0,Finished,0,0,0.0,0.0,-3.0,0.0,1.3333333333333333,-0.3333333333333333,Emilia Romagna Grand Prix,0.0,14.5,13.0,0,0,2,2,6.0,15.166666666666666,1.0,0.6666666666666666,0.33333333333333337,15.166666666666666,1.0,0.6666666666666666,15.0,0.0,0.0,8.0,9.0
2025,8,COL,Alpine,13.0,0.0,Lapped,0,1,0.0,0.0,7.0,0.0,0.9,-0.3,Monaco Grand Prix,0.0,16.5,13.0,0,1,1,2,6.0,15.071428571428571,0.8571428571428571,0.5714285714285714,0.4285714285714286,15.071428571428571,0.8571428571428571,0.5714285714285714,13.5,1.0,0.0,9.0,9.0
2025,9,COL,Alpine,15.0,0.0,Finished,0,0,4.0,0.0,-7.0,-4.0,1.4545454545454546,-0.2727272727272727,Spanish Grand Prix,4.0,11.5,8.0,0,0,2,2,6.0,15.25,0.75,0.625,0.375,15.25,0.75,0.625,9.5,3.0,0.0,9.0,9.0
2024,24,DOO,Alpine,15.0,0.0,Lapped,0,1,6.0,0.0,-8.0,-6.0,,,Abu Dhabi Grand Prix,6.0,11.0,7.0,0,0,2,2,57.0,13.41304347826087,2.4782608695652173,0.2608695652173913,0.7391304347826086,12.866666666666667,3.6666666666666665,0.26666666666666666,,,,6.0,8.0
2025,1,DOO,Alpine,19.0,0.0,Retired,0,1,0.0,0.0,-8.0,0.0,-8.0,-6.0,Australian Grand Prix,0.0,15.0,11.0,0,1,1,2,0.0,,,,,,,,14.5,0.0,0.0,1.0,
2025,2,DOO,Alpine,13.0,0.0,Finished,0,0,0.0,0.0,7.0,0.0,-8.0,-3.0,Chinese Grand Prix,0.0,16.5,13.0,0,1,1,2,0.0,15.0,0.0,1.0,0.0,15.0,0.0,1.0,12.0,0.0,0.0,8.0,9.0
2025,3,DOO,Alpine,15.0,0.0,Finished,0,0,0.0,0.0,-2.0,0.0,-3.0,-2.0,Japanese Grand Prix,0.0,14.0,13.0,0,0,2,2,0.0,15.75,0.0,1.0,0.0,15.75,0.0,1.0,15.5,0.0,0.0,9.0,10.0
2025,4,DOO,Alpine,14.0,0.0,Finished,0,0,6.0,0.0,-7.0,-6.0,-2.75,-1.5,Bahrain Grand Prix,6.0,10.5,7.0,0,0,2,2,0.0,15.166666666666666,0.0,0.6666666666666666,0.33333333333333337,15.166666666666666,0.0,0.6666666666666666,17.5,0.0,0.0,10.0,10.0
2025,5,DOO,Alpine,17.0,0.0,Lapped,0,1,0.0,0.0,3.0,0.0,-3.6,-2.4,Saudi Arabian Grand Prix,0.0,18.5,17.0,0,1,1,2,6.0,14.0,1.5,0.5,0.5,14.0,1.5,0.5,16.5,0.0,0.0,8.0,7.0
2025,6,DOO,Alpine,20.0,0.0,Retired,0,1,0.0,0.0,-7.0,0.0,-2.5,-2.0,Miami Grand Prix,0.0,16.5,13.0,0,1,1,2,6.0,14.9,1.2,0.6,0.4,14.9,1.2,0.6,11.0,1.0,0.0,8.0,9.0
2024,1,GAS,Alpine,18.0,0.0,Lapped,0,1,0.0,0.0,-1.0,0.0,,,Bahrain Grand Prix,0.0,17.5,17.0,0,0,2,2,0.0,,,,,,,,,,,1.0,
2024,2,GAS,Alpine,20.0,0.0,Retired,0,1,0.0,0.0,-7.0,0.0,-1.0,0.0,Saudi Arabian Grand Prix,0.0,16.5,13.0,0,1,1,2,0.0,17.5,0.0,0.0,1.0,17.5,0.0,0.0,,,,6.0,9.0
2024,3,GAS,Alpine,13.0,0.0,Lapped,0,1,0.0,0.0,3.0,0.0,-4.0,0.0,Australian Grand Prix,0.0,14.5,13.0,0,0,2,2,0.0,17.0,0.0,0.5,0.5,17.0,0.0,0.5,,,,7.0,10.0
2024,4,GAS,Alpine,16.0,0.0,Lapped,0,1,0.0,0.0,-1.0,0.0,-1.6666666666666667,0.0,Japanese Grand Prix,0.0,15.5,15.0,0,0,2,2,0.0,16.166666666666668,0.0,0.3333333333333333,0.6666666666666667,16.166666666666668,0.0,0.3333333333333333,,,,8.0,10.0
2024,5,GAS,Alpine,13.0,0.0,Finished,0,0,0.0,0.0,-2.0,0.0,-1.5,0.0,Chinese Grand Prix,0.0,12.0,11.0,0,0,2,2,0.0,16.0,0.0,0.25,0.75,16.0,0.0,0.25,,,,8.0,10.0
2024,6,GAS,Alpine,12.0,0.0,Finished,0,0,1.0,0.0,-2.0,-1.0,-1.6,0.0,Miami Grand Prix,1.0,11.0,10.0,0,0,2,2,0.0,15.2,0.0,0.2,0.8,15.2,0.0,0.2,,,,8.0,9.0
2024,7,GAS,Alpine,16.0,0.0,Lapped,0,1,0.0,0.0,-2.0,0.0,-1.6666666666666667,-0.16666666666666666,Emilia Romagna Grand Prix,0.0,15.0,14.0,0,0,2,2,1.0,14.5,0.16666666666666666,0.16666666666666666,0.8333333333333334,14.5,0.16666666666666666,0.16666666666666666,,,,8.0,8.0
2024,8,GAS,Alpine,10.0,1.0,Lapped,0,1,0.0,0.0,7.0,1.0,-1.7142857142857142,-0.14285714285714285,Monaco Grand Prix,1.0,13.5,10.0,0,1,1,2,1.0,14.571428571428571,0.14285714285714285,0.14285714285714285,0.8571428571428572,14.571428571428571,0.14285714285714285,0.14285714285714285,,,,8.0,8.0
2024,9,GAS,Alpine,9.0,2.0,Finished,0,0,1.0,0.0,1.0,1.0,-0.625,0.0,Canadian Grand Prix,3.0,9.5,9.0,0,0,2,2,2.0,14.4375,0.25,0.25,0.75,14.4375,0.25,0.25,,,,8.0,8.0
2024,10,GAS,Alpine,9.0,2.0,Finished,0,0,1.0,0.0,1.0,1.0,-0.4444444444444444,0.1111111111111111,Spanish Grand Prix,3.0,9.5,9.0,0,0,2,2,5.0,13.88888888888889,0.5555555555555556,0.2222222222222222,0.7777777777777778,13.88888888888889,0.5555555555555556,0.2222222222222222,,,,7.0,8.0
2024,11,GAS,Alpine,10.0,1.0,Finished,0,0,0.0,0.0,2.0,1.0,-0.3,0.2,Austrian Grand Prix,1.0,11.0,10.0,0,0,2,2,8.0,13.45,0.8,0.2,0.8,13.45,0.8,0.2,,,,7.0,8.0
2024,12,GAS,Alpine,20.0,0.0,Did not start,0,1,0.0,0.0,-4.0,0.0,-0.09090909090909091,0.2727272727272727,British Grand Prix,0.0,18.0,16.0,0,1,1,2,9.0,13.227272727272727,0.8181818181818182,0.18181818181818182,0.8181818181818181,13.227272727272727,0.8181818181818182,0.18181818181818182,,,,8.0,8.0
2024,13,GAS,Alpine,20.0,0.0,Retired,0,1,0.0,0.0,-2.0,0.0,-0.4166666666666667,0.25,Hungarian Grand Prix,0.0,19.0,18.0,0,1,1,2,9.0,13.625,0.75,0.25,0.75,13.625,0.75,0.25,,,,8.0,8.0
2024,14,GAS,Alpine,13.0,0.0,Finished,0,0,2.0,0.0,-4.0,-2.0,-0.5384615384615384,0.23076923076923078,Belgian Grand Prix,2.0,11.0,9.0,0,0,2,2,9.0,14.038461538461538,0.6923076923076923,0.3076923076923077,0.6923076923076923,14.038461538461538,0.6923076923076923,0.3076923076923077,,,,8.0,8.0
2024,15,GAS,Alpine,9.0,2.0,Lapped,0,1,0.0,0.0,6.0,2.0,-0.7857142857142857,0.07142857142857142,Dutch Grand Prix,2.0,12.0,9.0,0,0,2,2,11.0,13.821428571428571,0.7857142857142857,0.2857142857142857,0.7142857142857143,13.821428571428571,0.7857142857142857,0.2857142857142857,,,,8.0,8.0
2024,16,GAS,Alpine,15.0,0.0,Lapped,0,1,0.0,0.0,-1.0,0.0,-0.3333333333333333,0.2,Italian Grand Prix,0.0,14.5,14.0,0,0,2,2,13.0,13.7,0.8666666666666667,0.26666666666666666,0.7333333333333334,13.7,0.8666666666666667,0.26666666666666666,,,,8.0,8.0
2024,17,GAS,Alpine,12.0,0.0,Finished,0,0,0.0,0.0,3.0,0.0,-0.3333333333333333,0.2,Azerbaijan Grand Prix,0.0,13.5,12.0,0,0,2,2,13.0,13.75,0.8125,0.25,0.75,13.5,0.8666666666666667,0.26666666666666666,,,,8.0,8.0
2024,18,GAS,Alpine,17.0,0.0,Lapped,0,1,0.0,0.0,-4.0,0.0,0.3333333333333333,0.2,Singapore Grand Prix,0.0,15.0,13.0,0,0,2,2,13.0,13.735294117647058,0.7647058823529411,0.23529411764705882,0.7647058823529411,13.3,0.8666666666666667,0.2,,,,9.0,8.0
2024,19,GAS,Alpine,12.0,0.0,Finished,0,0,0.0,0.0,6.0,0.0,-0.13333333333333333,0.2,United States Grand Prix,0.0,15.0,12.0,0,0,2,2,13.0,13.805555555555555,0.7222222222222222,0.2222222222222222,0.7777777777777778,13.333333333333334,0.8666666666666667,0.2,,,,9.0,8.0
2024,20,GAS,Alpine,10.0,1.0,Lapped,0,1,0.0,0.0,3.0,1.0,0.3333333333333333,0.2,Mexico City Grand Prix,1.0,11.5,10.0,0,0,2,2,13.0,13.868421052631579,0.6842105263157895,0.21052631578947367,0.7894736842105263,13.3,0.8666666666666667,0.2,,,,9.0,8.0
2024,21,GAS,Alpine,3.0,15.0,Finished,1,0,18.0,1.0,-1.0,-3.0,0.6666666666666666,0.26666666666666666,São Paulo Grand Prix,33.0,2.5,2.0,2,0,2,2,14.0,13.75,0.7,0.2,0.8,13.266666666666667,0.9333333333333333,0.2,,,,9.0,8.0
2024,22,GAS,Alpine,20.0,0.0,Retired,0,1,0.0,0.0,-3.0,0.0,0.7333333333333333,0.13333333333333333,Las Vegas Grand Prix,0.0,18.5,17.0,0,1,1,2,47.0,13.214285714285714,2.238095238095238,0.19047619047619047,0.8095238095238095,12.7,3.066666666666667,0.2,,,,6.0,7.0
2024,23,GAS,Alpine,5.0,10.0,Finished,0,0,0.0,0.0,15.0,10.0,0.6666666666666666,0.13333333333333333,Qatar Grand Prix,10.0,12.5,5.0,0,1,1,2,47.0,13.454545454545455,2.1363636363636362,0.22727272727272727,0.7727272727272727,12.933333333333334,3.066666666666667,0.26666666666666666,,,,6.0,8.0
2024,24,GAS,Alpine,7.0,6.0,Finished,0,0,0.0,0.0,8.0,6.0,1.2,0.7333333333333333,Abu Dhabi Grand Prix,6.0,11.0,7.0,0,0,2,2,57.0,13.41304347826087,2.4782608695652173,0.2608695652173913,0.7391304347826086,12.866666666666667,3.6666666666666665,0.26666666666666666,,,,6.0,8.0
2025,1,GAS,Alpine,11.0,0.0,Finished,0,0,0.0,0.0,8.0,0.0,1.6666666666666667,1.0666666666666667,Australian Grand Prix,0.0,15.0,11.0,0,1,1,2,0.0,,,,,,,,14.5,0.0,0.0,1.0,
2025,2,GAS,Alpine,20.0,0.0,Disqualified,0,1,0.0,0.0,-7.0,0.0,2.1333333333333333,1.0,Chinese Grand Prix,0.0,16.5,13.0,0,1,1,2,0.0,15.0,0.0,1.0,0.0,15.0,0.0,1.0,12.0,0.0,0.0,8.0,9.0
2025,3,GAS,Alpine,13.0,0.0,Finished,0,0,0.0,0.0,2.0,0.0,1.5333333333333334,0.9333333333333333,Japanese Grand Prix,0.0,14.0,13.0,0,0,2,2,0.0,15.75,0.0,1.0,0.0,15.75,0.0,1.0,15.5,0.0,0.0,9.0,10.0
2025,4,GAS,Alpine,7.0,6.0,Finished,0,0,0.0,0.0,7.0,6.0,1.9333333333333333,0.9333333333333333,Bahrain Grand Prix,6.0,10.5,7.0,0,0,2,2,0.0,15.166666666666666,0.0,0.6666666666666666,0.33333333333333337,15.166666666666666,0.0,0.6666666666666666,17.5,0.0,0.0,10.0,10.0
2025,5,GAS,Alpine,20.0,0.0,Retired,0,1,0.0,0.0,-3.0,0.0,2.533333333333333,1.3333333333333333,Saudi Arabian Grand Prix,0.0,18.5,17.0,0,1,1,2,6.0,14.0,1.5,0.5,0.5,14.0,1.5,0.5,16.5,0.0,0.0,8.0,7.0
2025,6,GAS,Alpine,13.0,0.0,Finished,0,0,0.0,0.0,7.0,0.0,2.6,1.4666666666666666,Miami Grand Prix,0.0,16.5,13.0,0,1,1,2,6.0,14.9,1.2,0.6,0.4,14.9,1.2,0.6,11.0,1.0,0.0,8.0,9.0
2025,7,GAS,Alpine,13.0,0.0,Finished,0,0,0.0,0.0,3.0,0.0,2.6666666666666665,1.3333333333333333,Emilia Romagna Grand Prix,0.0,14.5,13.0,0,0,2,2,6.0,15.166666666666666,1.0,0.6666666666666666,0.33333333333333337,15.166666666666666,1.0,0.6666666666666666,15.0,0.0,0.0,8.0,9.0
2025,8,GAS,Alpine,20.0,0.0,Retired,0,1,0.0,0.0,-7.0,0.0,2.933333333333333,1.3333333333333333,Monaco Grand Prix,0.0,16.5,13.0,0,1,1,2,6.0,15.071428571428571,0.8571428571428571,0.5714285714285714,0.4285714285714286,15.071428571428571,0.8571428571428571,0.5714285714285714,13.5,1.0,0.0,9.0,9.0
2025,9,GAS,Alpine,8.0,4.0,Finished,0,0,0.0,0.0,7.0,4.0,2.2666666666666666,1.3333333333333333,Spanish Grand Prix,4.0,11.5,8.0,0,0,2,2,6.0,15.25,0.75,0.625,0.375,15.25,0.75,0.625,9.5,3.0,0.0,9.0,9.0
2025,1,HAD,Racing Bulls,20.0,0.0,Retired,0,1,0.0,0.0,-8.0,0.0,,,Australian Grand Prix,0.0,16.0,12.0,0,1,1,2,0.0,,,,,,,,,,,1.0,
2025,2,HAD,Racing Bulls,11.0,0.0,Finished,0,0,0.0,0.0,5.0,0.0,-8.0,0.0,Chinese Grand Prix,0.0,13.5,11.0,0,0,2,2,0.0,16.0,0.0,1.0,0.0,16.0,0.0,1.0,,,,8.0,10.0
2025,3,HAD,Racing Bulls,8.0,4.0,Finished,0,0,0.0,0.0,9.0,4.0,-1.5,0.0,Japanese Grand Prix,4.0,12.5,8.0,0,0,2,2,0.0,14.75,0.0,0.5,0.5,14.75,0.0,0.5,,,,9.0,9.0
2025,4,HAD,Racing Bulls,13.0,0.0,Finished,0,0,0.0,0.0,3.0,0.0,2.0,1.3333333333333333,Bahrain Grand Prix,0.0,14.5,13.0,0,0,2,2,4.0,14.0,1.3333333333333333,0.3333333333333333,0.6666666666666667,14.0,1.3333333333333333,0.3333333333333333,,,,9.0,8.0
2025,5,HAD,Racing Bulls,10.0,1.0,Finished,0,0,0.0,0.0,2.0,1.0,2.25,1.0,Saudi Arabian Grand Prix,1.0,11.0,10.0,0,0,2,2,4.0,14.125,1.0,0.25,0.75,14.125,1.0,0.25,,,,10.0,9.0
2025,6,HAD,Racing Bulls,11.0,0.0,Finished,0,0,0.0,0.0,6.0,0.0,2.2,1.0,Miami Grand Prix,0.0,14.0,11.0,0,1,1,2,5.0,13.5,1.0,0.2,0.8,13.5,1.0,0.2,,,,10.0,7.0
2025,7,HAD,Racing Bulls,9.0,2.0,Finished,0,0,0.0,0.0,5.0,2.0,2.8333333333333335,0.8333333333333334,Emilia Romagna Grand Prix,2.0,11.5,9.0,0,0,2,2,5.0,13.583333333333334,0.8333333333333334,0.3333333333333333,0.6666666666666667,13.583333333333334,0.8333333333333334,0.3333333333333333,,,,10.0,7.0
2025,8,HAD,Racing Bulls,6.0,8.0,Lapped,0,1,4.0,0.0,2.0,4.0,3.142857142857143,1.0,Monaco Grand Prix,12.0,7.0,6.0,0,0,2,2,7.0,13.285714285714286,1.0,0.2857142857142857,0.7142857142857143,13.285714285714286,1.0,0.2857142857142857,,,,8.0,7.0
2025,9,HAD,Racing Bulls,7.0,6.0,Finished,0,0,0.0,0.0,4.0,6.0,3.0,1.375,Spanish Grand Prix,6.0,9.0,7.0,0,0,2,2,19.0,12.5,2.375,0.25,0.75,12.5,2.375,0.25,,,,7.0,6.0
2024,1,HAM,Mercedes,7.0,6.0,Finished,0,0,10.0,0.0,-2.0,-4.0,,,Bahrain Grand Prix,16.0,6.0,5.0,0,0,2,2,0.0,,,,,,,,,,,1.0,
2024,2,HAM,Mercedes,9.0,2.0,Finished,0,0,8.0,0.0,-3.0,-6.0,-2.0,-4.0,Saudi Arabian Grand Prix,10.0,7.5,6.0,0,0,2,2,16.0,6.0,16.0,0.0,1.0,6.0,16.0,0.0,,,,3.0,3.0
2024,3,HAM,Mercedes,18.0,0.0,Retired,0,1,0.0,0.0,-1.0,0.0,-2.5,-5.0,Australian Grand Prix,0.0,17.5,17.0,0,2,0,2,26.0,6.75,13.0,0.0,1.0,6.75,13.0,0.0,,,,4.0,4.0
2024,4,HAM,Mercedes,9.0,2.0,Finished,0,0,6.0,0.0,-2.0,-4.0,-2.0,-3.3333333333333335,Japanese Grand Prix,8.0,8.0,7.0,0,0,2,2,26.0,10.333333333333334,8.666666666666666,0.6666666666666666,0.33333333333333337,10.333333333333334,8.666666666666666,0.6666666666666666,,,,4.0,5.0
2024,5,HAM,Mercedes,9.0,2.0,Finished,0,0,8.0,0.0,-3.0,-6.0,-2.0,-3.5,Chinese Grand Prix,10.0,7.5,6.0,0,0,2,2,34.0,9.75,8.5,0.5,0.5,9.75,8.5,0.5,,,,4.0,5.0
2024,6,HAM,Mercedes,6.0,8.0,Finished,0,0,4.0,0.0,2.0,4.0,-2.2,-4.0,Miami Grand Prix,12.0,7.0,6.0,0,0,2,2,44.0,9.3,8.8,0.4,0.6,9.3,8.8,0.4,,,,4.0,4.0
2024,7,HAM,Mercedes,6.0,8.0,Finished,0,0,7.0,0.0,1.0,1.0,-1.5,-2.6666666666666665,Emilia Romagna Grand Prix,15.0,6.5,6.0,0,0,2,2,56.0,8.916666666666666,9.333333333333334,0.3333333333333333,0.6666666666666667,8.916666666666666,9.333333333333334,0.3333333333333333,,,,4.0,4.0
2024,8,HAM,Mercedes,7.0,7.0,Finished,0,0,10.0,0.0,-2.0,-3.0,-1.1428571428571428,-2.142857142857143,Monaco Grand Prix,17.0,6.0,5.0,0,0,2,2,71.0,8.571428571428571,10.142857142857142,0.2857142857142857,0.7142857142857143,8.571428571428571,10.142857142857142,0.2857142857142857,,,,4.0,4.0
2024,9,HAM,Mercedes,4.0,13.0,Finished,0,0,15.0,1.0,-1.0,-2.0,-1.25,-2.25,Canadian Grand Prix,28.0,3.5,3.0,1,0,2,2,88.0,8.25,11.0,0.25,0.75,8.25,11.0,0.25,,,,4.0,4.0
2024,10,HAM,Mercedes,3.0,15.0,Finished,1,0,12.0,0.0,1.0,3.0,-1.2222222222222223,-2.2222222222222223,Spanish Grand Prix,27.0,3.5,3.0,1,0,2,2,116.0,7.722222222222222,12.88888888888889,0.2222222222222222,0.7777777777777778,7.722222222222222,12.88888888888889,0.2222222222222222,,,,4.0,4.0
2024,11,HAM,Mercedes,4.0,12.0,Finished,0,0,25.0,1.0,-3.0,-13.0,-1.0,-1.7,Austrian Grand Prix,37.0,2.5,1.0,1,0,2,2,143.0,7.3,14.3,0.2,0.8,7.3,14.3,0.2,,,,4.0,4.0
2024,12,HAM,Mercedes,1.0,25.0,Finished,1,0,0.0,0.0,18.0,25.0,-1.1818181818181819,-2.727272727272727,British Grand Prix,25.0,10.0,1.0,1,1,1,2,180.0,6.863636363636363,16.363636363636363,0.18181818181818182,0.8181818181818181,6.863636363636363,16.363636363636363,0.18181818181818182,,,,4.0,4.0
2024,13,HAM,Mercedes,3.0,15.0,Finished,1,0,5.0,0.0,5.0,10.0,0.4166666666666667,-0.4166666666666667,Hungarian Grand Prix,20.0,5.5,3.0,1,0,2,2,205.0,7.125,17.083333333333332,0.25,0.75,7.125,17.083333333333332,0.25,,,,4.0,4.0
2024,14,HAM,Mercedes,1.0,25.0,Finished,1,0,0.0,0.0,19.0,25.0,0.7692307692307693,0.38461538461538464,Belgian Grand Prix,25.0,10.5,1.0,1,1,1,2,225.0,7.0,17.307692307692307,0.23076923076923078,0.7692307692307692,7.0,17.307692307692307,0.23076923076923078,,,,4.0,4.0
2024,15,HAM,Mercedes,8.0,4.0,Finished,0,0,6.0,0.0,-1.0,-2.0,2.0714285714285716,2.142857142857143,Dutch Grand Prix,10.0,7.5,7.0,0,0,2,2,250.0,7.25,17.857142857142858,0.2857142857142857,0.7142857142857143,7.25,17.857142857142858,0.2857142857142857,,,,4.0,4.0
2024,16,HAM,Mercedes,5.0,10.0,Finished,0,0,6.0,0.0,2.0,4.0,1.8666666666666667,1.8666666666666667,Italian Grand Prix,16.0,6.0,5.0,0,0,2,2,260.0,7.266666666666667,17.333333333333332,0.26666666666666666,0.7333333333333334,7.266666666666667,17.333333333333332,0.26666666666666666,,,,4.0,4.0
2024,17,HAM,Mercedes,9.0,2.0,Finished,0,0,15.0,1.0,-6.0,-13.0,2.1333333333333333,2.4,Azerbaijan Grand Prix,17.0,6.0,3.0,1,0,2,2,276.0,7.1875,17.25,0.25,0.75,7.266666666666667,17.333333333333332,0.26666666666666666,,,,4.0,4.0
2024,18,HAM,Mercedes,6.0,8.0,Finished,0,0,12.0,0.0,-2.0,-4.0,1.9333333333333333,1.9333333333333333,Singapore Grand Prix,20.0,5.0,4.0,0,0,2,2,293.0,7.117647058823529,17.235294117647058,0.23529411764705882,0.7647058823529411,7.166666666666667,17.8,0.26666666666666666,,,,4.0,4.0
2024,19,HAM,Mercedes,20.0,0.0,Retired,0,1,8.0,0.0,-14.0,-8.0,1.8666666666666667,1.6666666666666667,United States Grand Prix,8.0,13.0,6.0,0,1,1,2,313.0,7.0,17.38888888888889,0.2222222222222222,0.7777777777777778,6.333333333333333,19.133333333333333,0.13333333333333333,,,,4.0,4.0
2024,20,HAM,Mercedes,4.0,12.0,Finished,0,0,10.0,0.0,1.0,2.0,1.0666666666666667,1.4,Mexico City Grand Prix,22.0,4.5,4.0,0,0,2,2,321.0,7.315789473684211,16.894736842105264,0.2631578947368421,0.736842105263158,6.666666666666667,19.133333333333333,0.2,,,,4.0,4.0
2024,21,HAM,Mercedes,10.0,1.0,Finished,0,0,12.0,0.0,-6.0,-11.0,1.3333333333333333,1.9333333333333333,São Paulo Grand Prix,13.0,7.0,4.0,0,0,2,2,343.0,7.175,17.15,0.25,0.75,6.466666666666667,19.933333333333334,0.2,,,,4.0,4.0
2024,22,HAM,Mercedes,2.0,18.0,Finished,1,0,25.0,1.0,-1.0,-7.0,0.8,0.9333333333333333,Las Vegas Grand Prix,43.0,1.5,1.0,2,0,2,2,356.0,7.166666666666667,16.952380952380953,0.23809523809523808,0.7619047619047619,6.466666666666667,20.0,0.2,,,,4.0,4.0
2024,23,HAM,Mercedes,12.0,0.0,Finished,0,0,12.0,0.0,-8.0,-12.0,0.6666666666666666,0.4,Qatar Grand Prix,12.0,8.0,4.0,0,0,2,2,399.0,6.909090909090909,18.136363636363637,0.22727272727272727,0.7727272727272727,6.133333333333334,21.866666666666667,0.2,,,,4.0,4.0
2024,24,HAM,Mercedes,4.0,12.0,Finished,0,0,10.0,0.0,1.0,2.0,0.26666666666666666,-0.2,Abu Dhabi Grand Prix,22.0,4.5,4.0,0,0,2,2,411.0,6.956521739130435,17.869565217391305,0.21739130434782608,0.782608695652174,6.266666666666667,21.533333333333335,0.2,,,,4.0,4.0
2025,1,HAM,Ferrari,10.0,1.0,Finished,0,0,4.0,0.0,-2.0,-3.0,0.4,0.06666666666666667,Australian Grand Prix,5.0,9.0,8.0,0,0,2,2,0.0,,,,,,,,1.5,44.0,2.0,1.0,
2025,2,HAM,Ferrari,19.0,0.0,Disqualified,0,1,0.0,0.0,-1.0,0.0,0.2,-0.3333333333333333,Chinese Grand Prix,0.0,18.5,18.0,0,2,0,2,5.0,9.0,5.0,0.0,1.0,9.0,5.0,0.0,4.5,22.0,0.0,7.0,4.0
2025,3,HAM,Ferrari,7.0,6.0,Finished,0,0,12.0,0.0,-3.0,-6.0,0.3333333333333333,0.5333333333333333,Japanese Grand Prix,18.0,5.5,4.0,0,0,2,2,5.0,13.75,2.5,1.0,0.0,13.75,2.5,1.0,3.5,27.0,1.0,8.0,8.0
2025,4,HAM,Ferrari,5.0,10.0,Finished,0,0,12.0,0.0,-1.0,-2.0,-1.0666666666666667,-1.5333333333333334,Bahrain Grand Prix,22.0,4.5,4.0,0,0,2,2,23.0,11.0,7.666666666666667,0.6666666666666666,0.33333333333333337,11.0,7.666666666666667,0.6666666666666666,3.5,27.0,1.0,4.0,5.0
2025,5,HAM,Ferrari,7.0,6.0,Finished,0,0,15.0,1.0,-4.0,-9.0,-1.4666666666666666,-2.3333333333333335,Saudi Arabian Grand Prix,21.0,5.0,3.0,1,0,2,2,45.0,9.375,11.25,0.5,0.5,9.375,11.25,0.5,5.0,22.0,1.0,4.0,4.0
2025,6,HAM,Ferrari,8.0,4.0,Finished,0,0,6.0,0.0,-1.0,-2.0,-3.0,-4.6,Miami Grand Prix,10.0,7.5,7.0,0,0,2,2,66.0,8.5,13.2,0.4,0.6,8.5,13.2,0.4,4.0,25.0,1.0,4.0,4.0
2025,7,HAM,Ferrari,4.0,12.0,Finished,0,0,8.0,0.0,2.0,4.0,-3.0,-4.6,Emilia Romagna Grand Prix,20.0,5.0,4.0,0,0,2,2,76.0,8.333333333333334,12.666666666666666,0.3333333333333333,0.6666666666666667,8.333333333333334,12.666666666666666,0.3333333333333333,4.0,25.0,1.0,4.0,4.0
2025,8,HAM,Ferrari,5.0,10.0,Finished,0,0,18.0,1.0,-3.0,-8.0,-3.0,-4.6,Monaco Grand Prix,28.0,3.5,2.0,1,0,2,2,96.0,7.857142857142857,13.714285714285714,0.2857142857142857,0.7142857142857143,7.857142857142857,13.714285714285714,0.2857142857142857,2.0,40.0,2.0,4.0,4.0
2025,9,HAM,Ferrari,6.0,8.0,Finished,0,0,15.0,1.0,-3.0,-7.0,-2.8,-4.266666666666667,Spanish Grand Prix,23.0,4.5,3.0,1,0,2,2,124.0,7.3125,15.5,0.25,0.75,7.3125,15.5,0.25,5.5,18.0,0.0,4.0,3.0
2024,1,HUL,Haas F1 Team,16.0,0.0,Lapped,0,1,0.0,0.0,-4.0,0.0,,,Bahrain Grand Prix,0.0,14.0,12.0,0,0,2,2,0.0,,,,,,,,,,,1.0,
2024,2,HUL,Haas F1 Team,10.0,1.0,Finished,0,0,0.0,0.0,2.0,1.0,-4.0,0.0,Saudi Arabian Grand Prix,1.0,11.0,10.0,0,0,2,2,0.0,14.0,0.0,0.0,1.0,14.0,0.0,0.0,,,,6.0,7.0
2024,3,HUL,Haas F1 Team,9.0,2.0,Finished,0,0,1.0,0.0,1.0,1.0,-1.0,0.5,Australian Grand Prix,3.0,9.5,9.0,0,0,2,2,1.0,12.5,0.5,0.0,1.0,12.5,0.5,0.0,,,,6.0,6.0
2024,4,HUL,Haas F1 Team,11.0,0.0,Lapped,0,1,0.0,0.0,2.0,0.0,-0.3333333333333333,0.6666666666666666,Japanese Grand Prix,0.0,12.0,11.0,0,0,2,2,4.0,11.5,1.3333333333333333,0.0,1.0,11.5,1.3333333333333333,0.0,,,,7.0,6.0
2024,5,HUL,Haas F1 Team,10.0,1.0,Finished,0,0,0.0,0.0,6.0,1.0,0.25,0.5,Chinese Grand Prix,1.0,13.0,10.0,0,0,2,2,4.0,11.625,1.0,0.0,1.0,11.625,1.0,0.0,,,,7.0,6.0
2024,6,HUL,Haas F1 Team,11.0,0.0,Finished,0,0,0.0,0.0,8.0,0.0,1.4,0.6,Miami Grand Prix,0.0,15.0,11.0,0,0,2,2,5.0,11.9,1.0,0.0,1.0,11.9,1.0,0.0,,,,7.0,6.0
2024,7,HUL,Haas F1 Team,11.0,0.0,Lapped,0,1,0.0,0.0,1.0,0.0,2.5,0.5,Emilia Romagna Grand Prix,0.0,11.5,11.0,0,0,2,2,5.0,12.416666666666666,0.8333333333333334,0.0,1.0,12.416666666666666,0.8333333333333334,0.0,,,,7.0,6.0
2024,8,HUL,Haas F1 Team,19.0,0.0,Retired,0,1,0.0,0.0,1.0,0.0,2.2857142857142856,0.42857142857142855,Monaco Grand Prix,0.0,19.5,19.0,0,2,0,2,5.0,12.285714285714286,0.7142857142857143,0.0,1.0,12.285714285714286,0.7142857142857143,0.0,,,,7.0,6.0
2024,9,HUL,Haas F1 Team,11.0,0.0,Finished,0,0,0.0,0.0,1.0,0.0,2.125,0.375,Canadian Grand Prix,0.0,11.5,11.0,0,0,2,2,5.0,13.1875,0.625,0.25,0.75,13.1875,0.625,0.25,,,,7.0,7.0
2024,10,HUL,Haas F1 Team,11.0,0.0,Finished,0,0,0.0,0.0,6.0,0.0,2.0,0.3333333333333333,Spanish Grand Prix,0.0,14.0,11.0,0,0,2,2,5.0,13.0,0.5555555555555556,0.2222222222222222,0.7777777777777778,13.0,0.5555555555555556,0.2222222222222222,,,,7.0,7.0
2024,11,HUL,Haas F1 Team,6.0,8.0,Finished,0,0,4.0,0.0,2.0,4.0,2.4,0.3,Austrian Grand Prix,12.0,7.0,6.0,0,0,2,2,5.0,13.1,0.5,0.2,0.8,13.1,0.5,0.2,,,,8.0,6.0
2024,12,HUL,Haas F1 Team,6.0,8.0,Finished,0,0,0.0,0.0,6.0,8.0,2.3636363636363638,0.6363636363636364,British Grand Prix,8.0,9.0,6.0,0,0,2,2,17.0,12.545454545454545,1.5454545454545454,0.18181818181818182,0.8181818181818181,12.545454545454545,1.5454545454545454,0.18181818181818182,,,,7.0,6.0
2024,13,HUL,Haas F1 Team,13.0,0.0,Lapped,0,1,0.0,0.0,2.0,0.0,2.6666666666666665,1.25,Hungarian Grand Prix,0.0,14.0,13.0,0,0,2,2,25.0,12.25,2.0833333333333335,0.16666666666666666,0.8333333333333334,12.25,2.0833333333333335,0.16666666666666666,,,,6.0,6.0
2024,14,HUL,Haas F1 Team,18.0,0.0,Finished,0,0,0.0,0.0,-4.0,0.0,2.6153846153846154,1.1538461538461537,Belgian Grand Prix,0.0,16.0,14.0,0,0,2,2,25.0,12.384615384615385,1.9230769230769231,0.15384615384615385,0.8461538461538461,12.384615384615385,1.9230769230769231,0.15384615384615385,,,,7.0,6.0
2024,15,HUL,Haas F1 Team,11.0,0.0,Lapped,0,1,0.0,0.0,7.0,0.0,2.142857142857143,1.0714285714285714,Dutch Grand Prix,0.0,14.5,11.0,0,0,2,2,25.0,12.642857142857142,1.7857142857142858,0.14285714285714285,0.8571428571428572,12.642857142857142,1.7857142857142858,0.14285714285714285,,,,7.0,6.0
2024,16,HUL,Haas F1 Team,17.0,0.0,Lapped,0,1,1.0,0.0,-7.0,-1.0,2.466666666666667,1.0,Italian Grand Prix,1.0,13.5,10.0,0,0,2,2,25.0,12.766666666666667,1.6666666666666667,0.13333333333333333,0.8666666666666667,12.766666666666667,1.6666666666666667,0.13333333333333333,,,,7.0,6.0
2024,17,HUL,Haas F1 Team,11.0,0.0,Finished,0,0,1.0,0.0,-1.0,-1.0,2.2666666666666666,0.9333333333333333,Azerbaijan Grand Prix,1.0,10.5,10.0,0,0,2,2,26.0,12.8125,1.625,0.125,0.875,12.733333333333333,1.7333333333333334,0.13333333333333333,,,,7.0,6.0
2024,18,HUL,Haas F1 Team,9.0,2.0,Lapped,0,1,0.0,0.0,10.0,2.0,2.066666666666667,0.8,Singapore Grand Prix,2.0,14.0,9.0,0,1,1,2,27.0,12.676470588235293,1.588235294117647,0.11764705882352941,0.8823529411764706,12.7,1.7333333333333334,0.13333333333333333,,,,7.0,6.0
2024,19,HUL,Haas F1 Team,8.0,4.0,Finished,0,0,0.0,0.0,3.0,4.0,2.6666666666666665,0.8666666666666667,United States Grand Prix,4.0,9.5,8.0,0,0,2,2,29.0,12.75,1.6111111111111112,0.16666666666666666,0.8333333333333334,13.0,1.6666666666666667,0.2,,,,6.0,6.0
2024,20,HUL,Haas F1 Team,9.0,2.0,Lapped,0,1,6.0,0.0,-2.0,-4.0,2.7333333333333334,1.1333333333333333,Mexico City Grand Prix,8.0,8.0,7.0,0,0,2,2,33.0,12.578947368421053,1.736842105263158,0.15789473684210525,0.8421052631578947,12.833333333333334,1.9333333333333333,0.2,,,,6.0,6.0
2024,21,HUL,Haas F1 Team,20.0,0.0,Disqualified,0,1,0.0,0.0,-8.0,0.0,2.2,0.8,São Paulo Grand Prix,0.0,16.0,12.0,0,1,1,2,41.0,12.35,2.05,0.15,0.85,12.5,2.4,0.2,,,,6.0,6.0
2024,22,HUL,Haas F1 Team,8.0,4.0,Finished,0,0,0.0,0.0,4.0,4.0,1.1333333333333333,0.8,Las Vegas Grand Prix,4.0,10.0,8.0,0,0,2,2,41.0,12.523809523809524,1.9523809523809523,0.19047619047619047,0.8095238095238095,12.566666666666666,2.4,0.26666666666666666,,,,7.0,6.0
2024,23,HUL,Haas F1 Team,16.0,0.0,Retired,0,1,2.0,0.0,-7.0,-2.0,1.3333333333333333,1.0666666666666667,Qatar Grand Prix,2.0,12.5,9.0,0,1,1,2,45.0,12.409090909090908,2.0454545454545454,0.18181818181818182,0.8181818181818181,12.466666666666667,2.6666666666666665,0.26666666666666666,,,,7.0,6.0
2024,24,HUL,Haas F1 Team,8.0,4.0,Finished,0,0,0.0,0.0,8.0,4.0,0.8,0.9333333333333333,Abu Dhabi Grand Prix,4.0,12.0,8.0,0,0,2,2,47.0,12.41304347826087,2.0434782608695654,0.21739130434782608,0.782608695652174,12.0,2.8,0.2,,,,7.0,6.0
2025,1,HUL,Kick Sauber,7.0,6.0,Finished,0,0,0.0,0.0,9.0,6.0,1.2666666666666666,1.2,Australian Grand Prix,6.0,11.5,7.0,0,1,1,2,0.0,,,,,,,,14.5,0.0,0.0,1.0,
2025,2,HUL,Kick Sauber,15.0,0.0,Lapped,0,1,0.0,0.0,-1.0,0.0,1.4666666666666666,1.6,Chinese Grand Prix,0.0,14.5,14.0,0,0,2,2,6.0,11.5,6.0,1.0,0.0,11.5,6.0,1.0,17.0,0.0,0.0,6.0,5.0
2025,3,HUL,Kick Sauber,16.0,0.0,Finished,0,0,0.0,0.0,3.0,0.0,1.2666666666666666,1.3333333333333333,Japanese Grand Prix,0.0,17.5,16.0,0,0,2,2,6.0,13.0,3.0,0.5,0.5,13.0,3.0,0.5,16.0,0.0,0.0,7.0,7.0
2025,4,HUL,Kick Sauber,20.0,0.0,Disqualified,0,1,0.0,0.0,-2.0,0.0,1.0666666666666667,0.8,Bahrain Grand Prix,0.0,19.0,18.0,0,1,1,2,6.0,14.5,2.0,0.3333333333333333,0.6666666666666667,14.5,2.0,0.3333333333333333,15.0,0.0,0.0,8.0,9.0
2025,5,HUL,Kick Sauber,15.0,0.0,Lapped,0,1,0.0,0.0,3.0,0.0,0.8,0.8,Saudi Arabian Grand Prix,0.0,16.5,15.0,0,0,2,2,6.0,15.625,1.5,0.5,0.5,15.625,1.5,0.5,17.5,0.0,0.0,8.0,10.0
2025,6,HUL,Kick Sauber,14.0,0.0,Lapped,0,1,0.0,0.0,4.0,0.0,1.2666666666666666,0.8,Miami Grand Prix,0.0,16.0,14.0,0,1,1,2,6.0,15.8,1.2,0.4,0.6,15.8,1.2,0.4,15.0,0.0,0.0,8.0,10.0
2025,7,HUL,Kick Sauber,12.0,0.0,Finished,0,0,0.0,0.0,6.0,0.0,1.0666666666666667,0.8,Emilia Romagna Grand Prix,0.0,15.0,12.0,0,0,2,2,6.0,15.833333333333334,1.0,0.5,0.5,15.833333333333334,1.0,0.5,16.5,0.0,0.0,8.0,10.0
2025,8,HUL,Kick Sauber,16.0,0.0,Lapped,0,1,0.0,0.0,-2.0,0.0,1.9333333333333333,0.8666666666666667,Monaco Grand Prix,0.0,15.0,14.0,0,0,2,2,6.0,15.714285714285714,0.8571428571428571,0.42857142857142855,0.5714285714285714,15.714285714285714,0.8571428571428571,0.42857142857142855,14.5,0.0,0.0,9.0,10.0
2025,9,HUL,Kick Sauber,5.0,10.0,Finished,0,0,0.0,0.0,7.0,10.0,1.8666666666666667,0.9333333333333333,Spanish Grand Prix,10.0,8.5,5.0,0,0,2,2,6.0,15.625,0.75,0.375,0.625,15.625,0.75,0.375,14.5,0.0,0.0,9.0,10.0
2024,19,LAW,RB,9.0,2.0,Finished,0,0,0.0,0.0,5.0,2.0,,,United States Grand Prix,2.0,11.5,9.0,0,0,2,2,28.0,13.38888888888889,1.5555555555555556,0.2777777777777778,0.7222222222222222,13.5,1.4666666666666666,0.3333333333333333,,,,7.0,7.0
2024,20,LAW,RB,16.0,0.0,Lapped,0,1,0.0,0.0,4.0,0.0,5.0,2.0,Mexico City Grand Prix,0.0,18.0,16.0,0,1,1,2,30.0,13.289473684210526,1.5789473684210527,0.2631578947368421,0.736842105263158,13.3,1.5333333333333334,0.26666666666666666,,,,7.0,7.0
2024,21,LAW,RB,9.0,2.0,Finished,0,0,6.0,0.0,-2.0,-4.0,4.5,1.0,São Paulo Grand Prix,8.0,8.0,7.0,0,0,2,2,30.0,13.525,1.5,0.3,0.7,13.266666666666667,1.5333333333333334,0.2,,,,7.0,7.0
2024,22,LAW,RB,16.0,0.0,Finished,0,0,2.0,0.0,-7.0,-2.0,2.3333333333333335,-0.6666666666666666,Las Vegas Grand Prix,2.0,12.5,9.0,0,0,2,2,38.0,13.261904761904763,1.8095238095238095,0.2857142857142857,0.7142857142857143,13.066666666666666,1.6666666666666667,0.2,,,,8.0,8.0
2024,23,LAW,RB,14.0,0.0,Finished,0,0,0.0,0.0,-1.0,0.0,0.0,-1.0,Qatar Grand Prix,0.0,13.5,13.0,0,0,2,2,40.0,13.227272727272727,1.8181818181818181,0.2727272727272727,0.7272727272727273,13.133333333333333,1.7333333333333334,0.2,,,,8.0,7.0
2024,24,LAW,RB,17.0,0.0,Retired,0,1,0.0,0.0,-5.0,0.0,-0.2,-0.8,Abu Dhabi Grand Prix,0.0,14.5,12.0,0,1,1,2,40.0,13.23913043478261,1.7391304347826086,0.2608695652173913,0.7391304347826086,13.366666666666667,1.4666666666666666,0.2,,,,8.0,7.0
2025,1,LAW,Red Bull Racing,15.0,0.0,Retired,0,1,18.0,1.0,-13.0,-18.0,-1.0,-0.6666666666666666,Australian Grand Prix,18.0,8.5,2.0,1,1,1,2,0.0,,,,,,,,12.0,10.0,0.0,1.0,
2025,2,LAW,Red Bull Racing,12.0,0.0,Finished,0,0,12.0,0.0,-8.0,-12.0,-2.7142857142857144,-3.142857142857143,Chinese Grand Prix,12.0,8.0,4.0,0,0,2,2,18.0,8.5,18.0,1.0,0.0,8.5,18.0,1.0,2.0,40.0,2.0,3.0,3.0
2025,3,LAW,Racing Bulls,17.0,0.0,Finished,0,0,4.0,0.0,-9.0,-4.0,-3.375,-4.25,Japanese Grand Prix,4.0,12.5,8.0,0,0,2,2,0.0,14.75,0.0,0.5,0.5,14.75,0.0,0.5,,,,9.0,9.0
2025,4,LAW,Racing Bulls,16.0,0.0,Finished,0,0,0.0,0.0,-3.0,0.0,-4.0,-4.222222222222222,Bahrain Grand Prix,0.0,14.5,13.0,0,0,2,2,4.0,14.0,1.3333333333333333,0.3333333333333333,0.6666666666666667,14.0,1.3333333333333333,0.3333333333333333,,,,9.0,8.0
2025,5,LAW,Racing Bulls,12.0,0.0,Finished,0,0,1.0,0.0,-2.0,-1.0,-3.9,-3.8,Saudi Arabian Grand Prix,1.0,11.0,10.0,0,0,2,2,4.0,14.125,1.0,0.25,0.75,14.125,1.0,0.25,,,,10.0,9.0
2025,6,LAW,Racing Bulls,17.0,0.0,Retired,0,1,0.0,0.0,-6.0,0.0,-3.727272727272727,-3.5454545454545454,Miami Grand Prix,0.0,14.0,11.0,0,1,1,2,5.0,13.5,1.0,0.2,0.8,13.5,1.0,0.2,,,,10.0,7.0
2025,7,LAW,Racing Bulls,14.0,0.0,Finished,0,0,2.0,0.0,-5.0,-2.0,-3.9166666666666665,-3.25,Emilia Romagna Grand Prix,2.0,11.5,9.0,0,0,2,2,5.0,13.583333333333334,0.8333333333333334,0.3333333333333333,0.6666666666666667,13.583333333333334,0.8333333333333334,0.3333333333333333,,,,10.0,7.0
2025,8,LAW,Racing Bulls,8.0,4.0,Lapped,0,1,8.0,0.0,-2.0,-4.0,-4.0,-3.1538461538461537,Monaco Grand Prix,12.0,7.0,6.0,0,0,2,2,7.0,13.285714285714286,1.0,0.2857142857142857,0.7142857142857143,13.285714285714286,1.0,0.2857142857142857,,,,8.0,7.0
2025,9,LAW,Racing Bulls,11.0,0.0,Finished,0,0,6.0,0.0,-4.0,-6.0,-3.857142857142857,-3.2142857142857144,Spanish Grand Prix,6.0,9.0,7.0,0,0,2,2,19.0,12.5,2.375,0.25,0.75,12.5,2.375,0.25,,,,7.0,6.0
2024,1,LEC,Ferrari,4.0,12.0,Finished,0,0,15.0,1.0,-1.0,-3.0,,,Bahrain Grand Prix,27.0,3.5,3.0,1,0,2,2,0.0,,,,,,,,,,,1.0,
2024,2,LEC,Ferrari,3.0,16.0,Finished,1,0,6.0,0.0,4.0,10.0,-1.0,-3.0,Saudi Arabian Grand Prix,22.0,5.0,3.0,1,0,2,2,27.0,3.5,27.0,0.0,1.0,3.5,27.0,0.0,,,,2.0,2.0
2024,3,LEC,Ferrari,2.0,19.0,Finished,1,0,25.0,1.0,-1.0,-6.0,1.5,3.5,Australian Grand Prix,44.0,1.5,1.0,2,0,2,2,49.0,4.25,24.5,0.0,1.0,4.25,24.5,0.0,,,,2.0,2.0
2024,4,LEC,Ferrari,4.0,12.0,Finished,0,0,15.0,1.0,-1.0,-3.0,0.6666666666666666,0.3333333333333333,Japanese Grand Prix,27.0,3.5,3.0,1,0,2,2,93.0,3.3333333333333335,31.0,0.0,1.0,3.3333333333333335,31.0,0.0,,,,2.0,1.0
2024,5,LEC,Ferrari,4.0,12.0,Finished,0,0,10.0,0.0,1.0,2.0,0.25,-0.5,Chinese Grand Prix,22.0,4.5,4.0,0,0,2,2,120.0,3.375,30.0,0.0,1.0,3.375,30.0,0.0,,,,2.0,1.0
2024,6,LEC,Ferrari,3.0,15.0,Finished,1,0,10.0,0.0,2.0,5.0,0.4,0.0,Miami Grand Prix,25.0,4.0,3.0,1,0,2,2,142.0,3.6,28.4,0.0,1.0,3.6,28.4,0.0,,,,2.0,1.0
2024,7,LEC,Ferrari,3.0,15.0,Finished,1,0,10.0,0.0,2.0,5.0,0.6666666666666666,0.8333333333333334,Emilia Romagna Grand Prix,25.0,4.0,3.0,1,0,2,2,167.0,3.6666666666666665,27.833333333333332,0.0,1.0,3.6666666666666665,27.833333333333332,0.0,,,,2.0,2.0
2024,8,LEC,Ferrari,1.0,25.0,Finished,1,0,15.0,1.0,2.0,10.0,0.8571428571428571,1.4285714285714286,Monaco Grand Prix,40.0,2.0,1.0,2,0,2,2,192.0,3.7142857142857144,27.428571428571427,0.0,1.0,3.7142857142857144,27.428571428571427,0.0,,,,2.0,1.0
2024,9,LEC,Ferrari,19.0,0.0,Retired,0,1,0.0,0.0,-3.0,0.0,1.0,2.5,Canadian Grand Prix,0.0,17.5,16.0,0,2,0,2,232.0,3.5,29.0,0.0,1.0,3.5,29.0,0.0,,,,2.0,1.0
2024,10,LEC,Ferrari,5.0,10.0,Finished,0,0,8.0,0.0,1.0,2.0,0.5555555555555556,2.2222222222222223,Spanish Grand Prix,18.0,5.5,5.0,0,0,2,2,232.0,5.055555555555555,25.77777777777778,0.2222222222222222,0.7777777777777778,5.055555555555555,25.77777777777778,0.2222222222222222,,,,2.0,2.0
2024,11,LEC,Ferrari,11.0,0.0,Finished,0,0,15.0,1.0,-8.0,-15.0,0.6,2.2,Austrian Grand Prix,15.0,7.0,3.0,1,0,2,2,250.0,5.1,25.0,0.2,0.8,5.1,25.0,0.2,,,,2.0,2.0
2024,12,LEC,Ferrari,14.0,0.0,Lapped,0,1,11.0,0.0,-9.0,-11.0,-0.18181818181818182,0.6363636363636364,British Grand Prix,11.0,9.5,5.0,0,0,2,2,265.0,5.2727272727272725,24.09090909090909,0.18181818181818182,0.8181818181818181,5.2727272727272725,24.09090909090909,0.18181818181818182,,,,2.0,1.0
2024,13,LEC,Ferrari,4.0,12.0,Finished,0,0,8.0,0.0,2.0,4.0,-0.9166666666666666,-0.3333333333333333,Hungarian Grand Prix,20.0,5.0,4.0,0,0,2,2,276.0,5.625,23.0,0.16666666666666666,0.8333333333333334,5.625,23.0,0.16666666666666666,,,,2.0,2.0
2024,14,LEC,Ferrari,3.0,15.0,Finished,1,0,8.0,0.0,3.0,7.0,-0.6923076923076923,0.0,Belgian Grand Prix,23.0,4.5,3.0,1,0,2,2,296.0,5.576923076923077,22.76923076923077,0.15384615384615385,0.8461538461538461,5.576923076923077,22.76923076923077,0.15384615384615385,,,,3.0,2.0
2024,15,LEC,Ferrari,3.0,15.0,Finished,1,0,10.0,0.0,2.0,5.0,-0.42857142857142855,0.5,Dutch Grand Prix,25.0,4.0,3.0,1,0,2,2,319.0,5.5,22.785714285714285,0.14285714285714285,0.8571428571428572,5.5,22.785714285714285,0.14285714285714285,,,,3.0,2.0
2024,16,LEC,Ferrari,1.0,25.0,Finished,1,0,12.0,0.0,3.0,13.0,-0.26666666666666666,0.8,Italian Grand Prix,37.0,2.5,1.0,1,0,2,2,344.0,5.4,22.933333333333334,0.13333333333333333,0.8666666666666667,5.4,22.933333333333334,0.13333333333333333,,,,3.0,2.0
2024,17,LEC,Ferrari,2.0,18.0,Finished,1,0,0.0,0.0,16.0,18.0,0.0,1.8666666666666667,Azerbaijan Grand Prix,18.0,10.0,2.0,1,1,1,2,381.0,5.21875,23.8125,0.125,0.875,5.333333333333333,23.6,0.13333333333333333,,,,3.0,2.0
2024,18,LEC,Ferrari,5.0,10.0,Finished,0,0,6.0,0.0,2.0,4.0,0.8,2.4,Singapore Grand Prix,16.0,6.0,5.0,0,0,2,2,399.0,5.5,23.470588235294116,0.17647058823529413,0.8235294117647058,5.666666666666667,23.333333333333332,0.2,,,,3.0,2.0
2024,19,LEC,Ferrari,1.0,25.0,Finished,1,0,18.0,1.0,1.0,7.0,1.0,3.066666666666667,United States Grand Prix,43.0,1.5,1.0,2,0,2,2,415.0,5.527777777777778,23.055555555555557,0.16666666666666666,0.8333333333333334,5.966666666666667,21.466666666666665,0.2,,,,3.0,2.0
2024,20,LEC,Ferrari,3.0,16.0,Finished,1,0,25.0,1.0,-2.0,-9.0,1.1333333333333333,3.7333333333333334,Mexico City Grand Prix,41.0,2.0,1.0,2,0,2,2,458.0,5.315789473684211,24.105263157894736,0.15789473684210525,0.8421052631578947,5.833333333333333,22.533333333333335,0.2,,,,3.0,2.0
2024,21,LEC,Ferrari,5.0,10.0,Finished,0,0,0.0,0.0,11.0,10.0,0.9333333333333333,3.0,São Paulo Grand Prix,10.0,10.5,5.0,0,1,1,2,499.0,5.15,24.95,0.15,0.85,5.666666666666667,23.8,0.2,,,,2.0,2.0
2024,22,LEC,Ferrari,4.0,12.0,Finished,0,0,15.0,1.0,-1.0,-3.0,1.5333333333333334,3.3333333333333335,Las Vegas Grand Prix,27.0,3.5,3.0,1,0,2,2,509.0,5.404761904761905,24.238095238095237,0.19047619047619047,0.8095238095238095,6.1,22.8,0.26666666666666666,,,,2.0,2.0
2024,23,LEC,Ferrari,2.0,18.0,Finished,1,0,8.0,0.0,4.0,10.0,1.3333333333333333,2.8,Qatar Grand Prix,26.0,4.0,2.0,1,0,2,2,536.0,5.318181818181818,24.363636363636363,0.18181818181818182,0.8181818181818181,6.066666666666666,22.933333333333334,0.26666666666666666,,,,2.0,2.0
2024,24,LEC,Ferrari,3.0,15.0,Finished,1,0,18.0,1.0,-1.0,-3.0,1.4666666666666666,2.8,Abu Dhabi Grand Prix,33.0,2.5,2.0,2,0,2,2,562.0,5.260869565217392,24.434782608695652,0.17391304347826086,0.8260869565217391,6.2,22.0,0.26666666666666666,,,,2.0,2.0
2025,1,LEC,Ferrari,8.0,4.0,Finished,0,0,1.0,0.0,2.0,3.0,1.6,2.6,Australian Grand Prix,5.0,9.0,8.0,0,0,2,2,0.0,,,,,,,,1.5,44.0,2.0,1.0,
2025,2,LEC,Ferrari,18.0,0.0,Disqualified,0,1,0.0,0.0,1.0,0.0,1.6666666666666667,2.6666666666666665,Chinese Grand Prix,0.0,18.5,18.0,0,2,0,2,5.0,9.0,5.0,0.0,1.0,9.0,5.0,0.0,4.5,22.0,0.0,7.0,4.0
2025,3,LEC,Ferrari,4.0,12.0,Finished,0,0,6.0,0.0,3.0,6.0,2.2666666666666666,3.6666666666666665,Japanese Grand Prix,18.0,5.5,4.0,0,0,2,2,5.0,13.75,2.5,1.0,0.0,13.75,2.5,1.0,3.5,27.0,1.0,8.0,8.0
2025,4,LEC,Ferrari,4.0,12.0,Finished,0,0,10.0,0.0,1.0,2.0,3.066666666666667,4.8,Bahrain Grand Prix,22.0,4.5,4.0,0,0,2,2,23.0,11.0,7.666666666666667,0.6666666666666666,0.33333333333333337,11.0,7.666666666666667,0.6666666666666666,3.5,27.0,1.0,4.0,5.0
2025,5,LEC,Ferrari,3.0,15.0,Finished,1,0,6.0,0.0,4.0,9.0,3.0,4.666666666666667,Saudi Arabian Grand Prix,21.0,5.0,3.0,1,0,2,2,45.0,9.375,11.25,0.5,0.5,9.375,11.25,0.5,5.0,22.0,1.0,4.0,4.0
2025,6,LEC,Ferrari,7.0,6.0,Finished,0,0,4.0,0.0,1.0,2.0,3.066666666666667,4.8,Miami Grand Prix,10.0,7.5,7.0,0,0,2,2,66.0,8.5,13.2,0.4,0.6,8.5,13.2,0.4,4.0,25.0,1.0,4.0,4.0
2025,7,LEC,Ferrari,6.0,8.0,Finished,0,0,12.0,0.0,-2.0,-4.0,3.0,4.6,Emilia Romagna Grand Prix,20.0,5.0,4.0,0,0,2,2,76.0,8.333333333333334,12.666666666666666,0.3333333333333333,0.6666666666666667,8.333333333333334,12.666666666666666,0.3333333333333333,4.0,25.0,1.0,4.0,4.0
2025,8,LEC,Ferrari,2.0,18.0,Finished,1,0,10.0,0.0,3.0,8.0,2.6666666666666665,3.466666666666667,Monaco Grand Prix,28.0,3.5,2.0,1,0,2,2,96.0,7.857142857142857,13.714285714285714,0.2857142857142857,0.7142857142857143,7.857142857142857,13.714285714285714,0.2857142857142857,2.0,40.0,2.0,4.0,4.0
2025,9,LEC,Ferrari,3.0,15.0,Finished,1,0,8.0,0.0,3.0,7.0,1.8,2.8,Spanish Grand Prix,23.0,4.5,3.0,1,0,2,2,124.0,7.3125,15.5,0.25,0.75,7.3125,15.5,0.25,5.5,18.0,0.0,4.0,3.0
2024,1,MAG,Haas F1 Team,12.0,0.0,Lapped,0,1,0.0,0.0,4.0,0.0,,,Bahrain Grand Prix,0.0,14.0,12.0,0,0,2,2,0.0,,,,,,,,,,,1.0,
2024,2,MAG,Haas F1 Team,12.0,0.0,Finished,0,0,1.0,0.0,-2.0,-1.0,4.0,0.0,Saudi Arabian Grand Prix,1.0,11.0,10.0,0,0,2,2,0.0,14.0,0.0,0.0,1.0,14.0,0.0,0.0,,,,6.0,7.0
2024,3,MAG,Haas F1 Team,10.0,1.0,Lapped,0,1,2.0,0.0,-1.0,-1.0,1.0,-0.5,Australian Grand Prix,3.0,9.5,9.0,0,0,2,2,1.0,12.5,0.5,0.0,1.0,12.5,0.5,0.0,,,,6.0,6.0
2024,4,MAG,Haas F1 Team,13.0,0.0,Lapped,0,1,0.0,0.0,-2.0,0.0,0.3333333333333333,-0.6666666666666666,Japanese Grand Prix,0.0,12.0,11.0,0,0,2,2,4.0,11.5,1.3333333333333333,0.0,1.0,11.5,1.3333333333333333,0.0,,,,7.0,6.0
2024,5,MAG,Haas F1 Team,16.0,0.0,Finished,0,0,1.0,0.0,-6.0,-1.0,-0.25,-0.5,Chinese Grand Prix,1.0,13.0,10.0,0,0,2,2,4.0,11.625,1.0,0.0,1.0,11.625,1.0,0.0,,,,7.0,6.0
2024,6,MAG,Haas F1 Team,19.0,0.0,Finished,0,0,0.0,0.0,-8.0,0.0,-1.4,-0.6,Miami Grand Prix,0.0,15.0,11.0,0,0,2,2,5.0,11.9,1.0,0.0,1.0,11.9,1.0,0.0,,,,7.0,6.0
2024,7,MAG,Haas F1 Team,12.0,0.0,Lapped,0,1,0.0,0.0,-1.0,0.0,-2.5,-0.5,Emilia Romagna Grand Prix,0.0,11.5,11.0,0,0,2,2,5.0,12.416666666666666,0.8333333333333334,0.0,1.0,12.416666666666666,0.8333333333333334,0.0,,,,7.0,6.0
2024,8,MAG,Haas F1 Team,20.0,0.0,Retired,0,1,0.0,0.0,-1.0,0.0,-2.2857142857142856,-0.42857142857142855,Monaco Grand Prix,0.0,19.5,19.0,0,2,0,2,5.0,12.285714285714286,0.7142857142857143,0.0,1.0,12.285714285714286,0.7142857142857143,0.0,,,,7.0,6.0
2024,9,MAG,Haas F1 Team,12.0,0.0,Finished,0,0,0.0,0.0,-1.0,0.0,-2.125,-0.375,Canadian Grand Prix,0.0,11.5,11.0,0,0,2,2,5.0,13.1875,0.625,0.25,0.75,13.1875,0.625,0.25,,,,7.0,7.0
2024,10,MAG,Haas F1 Team,17.0,0.0,Lapped,0,1,0.0,0.0,-6.0,0.0,-2.0,-0.3333333333333333,Spanish Grand Prix,0.0,14.0,11.0,0,0,2,2,5.0,13.0,0.5555555555555556,0.2222222222222222,0.7777777777777778,13.0,0.5555555555555556,0.2222222222222222,,,,7.0,7.0
2024,11,MAG,Haas F1 Team,8.0,4.0,Finished,0,0,8.0,0.0,-2.0,-4.0,-2.4,-0.3,Austrian Grand Prix,12.0,7.0,6.0,0,0,2,2,5.0,13.1,0.5,0.2,0.8,13.1,0.5,0.2,,,,8.0,6.0
2024,12,MAG,Haas F1 Team,12.0,0.0,Finished,0,0,8.0,0.0,-6.0,-8.0,-2.3636363636363638,-0.6363636363636364,British Grand Prix,8.0,9.0,6.0,0,0,2,2,17.0,12.545454545454545,1.5454545454545454,0.18181818181818182,0.8181818181818181,12.545454545454545,1.5454545454545454,0.18181818181818182,,,,7.0,6.0
2024,13,MAG,Haas F1 Team,15.0,0.0,Lapped,0,1,0.0,0.0,-2.0,0.0,-2.6666666666666665,-1.25,Hungarian Grand Prix,0.0,14.0,13.0,0,0,2,2,25.0,12.25,2.0833333333333335,0.16666666666666666,0.8333333333333334,12.25,2.0833333333333335,0.16666666666666666,,,,6.0,6.0
2024,14,MAG,Haas F1 Team,14.0,0.0,Finished,0,0,0.0,0.0,4.0,0.0,-2.6153846153846154,-1.1538461538461537,Belgian Grand Prix,0.0,16.0,14.0,0,0,2,2,25.0,12.384615384615385,1.9230769230769231,0.15384615384615385,0.8461538461538461,12.384615384615385,1.9230769230769231,0.15384615384615385,,,,7.0,6.0
2024,15,MAG,Haas F1 Team,18.0,0.0,Lapped,0,1,0.0,0.0,-7.0,0.0,-2.142857142857143,-1.0714285714285714,Dutch Grand Prix,0.0,14.5,11.0,0,0,2,2,25.0,12.642857142857142,1.7857142857142858,0.14285714285714285,0.8571428571428572,12.642857142857142,1.7857142857142858,0.14285714285714285,,,,7.0,6.0
2024,16,MAG,Haas F1 Team,10.0,1.0,Finished,0,0,0.0,0.0,7.0,1.0,-2.466666666666667,-1.0,Italian Grand Prix,1.0,13.5,10.0,0,0,2,2,25.0,12.766666666666667,1.6666666666666667,0.13333333333333333,0.8666666666666667,12.766666666666667,1.6666666666666667,0.13333333333333333,,,,7.0,6.0
2024,18,MAG,Haas F1 Team,19.0,0.0,Retired,0,1,2.0,0.0,-10.0,-2.0,-2.2666666666666666,-0.9333333333333333,Singapore Grand Prix,2.0,14.0,9.0,0,1,1,2,27.0,12.676470588235293,1.588235294117647,0.11764705882352941,0.8823529411764706,12.7,1.7333333333333334,0.13333333333333333,,,,7.0,6.0
2024,19,MAG,Haas F1 Team,11.0,0.0,Finished,0,0,4.0,0.0,-3.0,-4.0,-2.8,-1.0,United States Grand Prix,4.0,9.5,8.0,0,0,2,2,29.0,12.75,1.6111111111111112,0.16666666666666666,0.8333333333333334,13.0,1.6666666666666667,0.2,,,,6.0,6.0
2024,20,MAG,Haas F1 Team,7.0,6.0,Finished,0,0,2.0,0.0,2.0,4.0,-2.933333333333333,-1.2,Mexico City Grand Prix,8.0,8.0,7.0,0,0,2,2,33.0,12.578947368421053,1.736842105263158,0.15789473684210525,0.8421052631578947,12.833333333333334,1.9333333333333333,0.2,,,,6.0,6.0
2024,22,MAG,Haas F1 Team,12.0,0.0,Finished,0,0,4.0,0.0,-4.0,-4.0,-2.6666666666666665,-0.9333333333333333,Las Vegas Grand Prix,4.0,10.0,8.0,0,0,2,2,41.0,12.523809523809524,1.9523809523809523,0.19047619047619047,0.8095238095238095,12.566666666666666,2.4,0.26666666666666666,,,,7.0,6.0
2024,23,MAG,Haas F1 Team,9.0,2.0,Finished,0,0,0.0,0.0,7.0,2.0,-2.533333333333333,-1.1333333333333333,Qatar Grand Prix,2.0,12.5,9.0,0,1,1,2,45.0,12.409090909090908,2.0454545454545454,0.18181818181818182,0.8181818181818181,12.466666666666667,2.6666666666666665,0.26666666666666666,,,,7.0,6.0
2024,24,MAG,Haas F1 Team,16.0,0.0,Lapped,0,1,4.0,0.0,-8.0,-4.0,-1.5333333333333334,-1.0,Abu Dhabi Grand Prix,4.0,12.0,8.0,0,0,2,2,47.0,12.41304347826087,2.0434782608695654,0.21739130434782608,0.782608695652174,12.0,2.8,0.2,,,,7.0,6.0
2024,1,NOR,McLaren,6.0,8.0,Finished,0,0,4.0,0.0,2.0,4.0,,,Bahrain Grand Prix,12.0,7.0,6.0,0,0,2,2,0.0,,,,,,,,,,,1.0,
2024,2,NOR,McLaren,8.0,4.0,Finished,0,0,12.0,0.0,-4.0,-8.0,2.0,4.0,Saudi Arabian Grand Prix,16.0,6.0,4.0,0,0,2,2,12.0,7.0,12.0,0.0,1.0,7.0,12.0,0.0,,,,4.0,4.0
2024,3,NOR,McLaren,3.0,15.0,Finished,1,0,12.0,0.0,1.0,3.0,-1.0,-2.0,Australian Grand Prix,27.0,3.5,3.0,1,0,2,2,28.0,6.5,14.0,0.0,1.0,6.5,14.0,0.0,,,,3.0,3.0
2024,4,NOR,McLaren,5.0,10.0,Finished,0,0,4.0,0.0,3.0,6.0,-0.3333333333333333,-0.3333333333333333,Japanese Grand Prix,14.0,6.5,5.0,0,0,2,2,55.0,5.5,18.333333333333332,0.0,1.0,5.5,18.333333333333332,0.0,,,,3.0,3.0
2024,5,NOR,McLaren,2.0,18.0,Finished,1,0,4.0,0.0,6.0,14.0,0.5,1.25,Chinese Grand Prix,22.0,5.0,2.0,1,0,2,2,69.0,5.75,17.25,0.0,1.0,5.75,17.25,0.0,,,,3.0,3.0
2024,6,NOR,McLaren,1.0,25.0,Finished,1,0,0.0,0.0,12.0,25.0,1.6,3.8,Miami Grand Prix,25.0,7.0,1.0,1,0,2,2,91.0,5.6,18.2,0.0,1.0,5.6,18.2,0.0,,,,3.0,3.0
2024,7,NOR,McLaren,2.0,18.0,Finished,1,0,12.0,0.0,2.0,6.0,3.3333333333333335,7.333333333333333,Emilia Romagna Grand Prix,30.0,3.0,2.0,1,0,2,2,116.0,5.833333333333333,19.333333333333332,0.0,1.0,5.833333333333333,19.333333333333332,0.0,,,,3.0,3.0
2024,8,NOR,McLaren,4.0,12.0,Finished,0,0,18.0,1.0,-2.0,-6.0,3.142857142857143,7.142857142857143,Monaco Grand Prix,30.0,3.0,2.0,1,0,2,2,146.0,5.428571428571429,20.857142857142858,0.0,1.0,5.428571428571429,20.857142857142858,0.0,,,,3.0,3.0
2024,9,NOR,McLaren,2.0,18.0,Finished,1,0,10.0,0.0,3.0,8.0,2.5,5.5,Canadian Grand Prix,28.0,3.5,2.0,1,0,2,2,176.0,5.125,22.0,0.0,1.0,5.125,22.0,0.0,,,,3.0,3.0
2024,10,NOR,McLaren,2.0,19.0,Finished,1,0,6.0,0.0,5.0,13.0,2.5555555555555554,5.777777777777778,Spanish Grand Prix,25.0,4.5,2.0,1,0,2,2,204.0,4.944444444444445,22.666666666666668,0.0,1.0,4.944444444444445,22.666666666666668,0.0,,,,3.0,1.0
2024,11,NOR,McLaren,20.0,0.0,Lapped,0,1,18.0,1.0,-18.0,-18.0,2.8,6.5,Austrian Grand Prix,18.0,11.0,2.0,1,0,2,2,229.0,4.9,22.9,0.0,1.0,4.9,22.9,0.0,,,,3.0,1.0
2024,12,NOR,McLaren,3.0,15.0,Finished,1,0,12.0,0.0,1.0,3.0,0.9090909090909091,4.2727272727272725,British Grand Prix,27.0,3.5,3.0,1,0,2,2,247.0,5.454545454545454,22.454545454545453,0.0,1.0,5.454545454545454,22.454545454545453,0.0,,,,3.0,3.0
2024,13,NOR,McLaren,2.0,18.0,Finished,1,0,25.0,1.0,-1.0,-7.0,0.9166666666666666,4.166666666666667,Hungarian Grand Prix,43.0,1.5,1.0,2,0,2,2,274.0,5.291666666666667,22.833333333333332,0.0,1.0,5.291666666666667,22.833333333333332,0.0,,,,3.0,1.0
2024,14,NOR,McLaren,5.0,10.0,Finished,0,0,18.0,1.0,-3.0,-8.0,0.7692307692307693,3.3076923076923075,Belgian Grand Prix,28.0,3.5,2.0,1,0,2,2,317.0,5.0,24.384615384615383,0.0,1.0,5.0,24.384615384615383,0.0,,,,2.0,1.0
2024,15,NOR,McLaren,1.0,26.0,Finished,1,0,12.0,0.0,3.0,14.0,0.5,2.5,Dutch Grand Prix,38.0,2.5,1.0,1,0,2,2,345.0,4.892857142857143,24.642857142857142,0.0,1.0,4.892857142857143,24.642857142857142,0.0,,,,2.0,1.0
2024,16,NOR,McLaren,3.0,16.0,Finished,1,0,18.0,1.0,-1.0,-2.0,0.6666666666666666,3.2666666666666666,Italian Grand Prix,34.0,2.5,2.0,2,0,2,2,383.0,4.733333333333333,25.533333333333335,0.0,1.0,4.733333333333333,25.533333333333335,0.0,,,,2.0,1.0
2024,17,NOR,McLaren,4.0,13.0,Finished,0,0,25.0,1.0,-3.0,-12.0,0.4666666666666667,2.8666666666666667,Azerbaijan Grand Prix,38.0,2.5,1.0,1,0,2,2,417.0,4.59375,26.0625,0.0,1.0,4.433333333333334,27.0,0.0,,,,1.0,1.0
2024,18,NOR,McLaren,1.0,25.0,Finished,1,0,15.0,1.0,2.0,10.0,0.5333333333333333,2.6,Singapore Grand Prix,40.0,2.0,1.0,2,0,2,2,455.0,4.470588235294118,26.764705882352942,0.0,1.0,4.2,28.466666666666665,0.0,,,,1.0,1.0
2024,19,NOR,McLaren,4.0,12.0,Finished,0,0,10.0,0.0,1.0,2.0,0.6,3.066666666666667,United States Grand Prix,22.0,4.5,4.0,0,0,2,2,495.0,4.333333333333333,27.5,0.0,1.0,4.1,29.333333333333332,0.0,,,,1.0,1.0
2024,20,NOR,McLaren,2.0,18.0,Finished,1,0,4.0,0.0,6.0,14.0,0.4666666666666667,2.8,Mexico City Grand Prix,22.0,5.0,2.0,1,0,2,2,517.0,4.342105263157895,27.210526315789473,0.0,1.0,3.966666666666667,29.866666666666667,0.0,,,,1.0,1.0
2024,21,NOR,McLaren,6.0,8.0,Finished,0,0,4.0,0.0,2.0,4.0,0.4666666666666667,2.8,São Paulo Grand Prix,12.0,7.0,6.0,0,0,2,2,539.0,4.375,26.95,0.0,1.0,3.966666666666667,29.866666666666667,0.0,,,,1.0,1.0
2024,22,NOR,McLaren,6.0,9.0,Finished,0,0,6.0,0.0,1.0,3.0,-0.2,1.4,Las Vegas Grand Prix,15.0,6.5,6.0,0,0,2,2,551.0,4.5,26.238095238095237,0.0,1.0,3.966666666666667,29.0,0.0,,,,1.0,1.0
2024,23,NOR,McLaren,10.0,2.0,Finished,0,0,15.0,1.0,-7.0,-13.0,-0.26666666666666666,1.2,Qatar Grand Prix,17.0,6.5,3.0,1,0,2,2,566.0,4.590909090909091,25.727272727272727,0.0,1.0,4.2,28.0,0.0,,,,1.0,1.0
2024,24,NOR,McLaren,1.0,25.0,Finished,1,0,1.0,0.0,9.0,24.0,-0.6,0.7333333333333333,Abu Dhabi Grand Prix,26.0,5.5,1.0,1,0,2,2,583.0,4.673913043478261,25.347826086956523,0.0,1.0,4.433333333333334,27.133333333333333,0.0,,,,1.0,1.0
2025,1,NOR,McLaren,1.0,25.0,Finished,1,0,2.0,0.0,8.0,23.0,-0.2,1.8,Australian Grand Prix,27.0,5.0,1.0,1,0,2,2,0.0,,,,,,,,3.5,27.0,1.0,1.0,
2025,2,NOR,McLaren,2.0,18.0,Finished,1,0,25.0,1.0,-1.0,-7.0,0.0,2.466666666666667,Chinese Grand Prix,43.0,1.5,1.0,2,0,2,2,27.0,5.0,27.0,0.0,1.0,5.0,27.0,0.0,5.0,22.0,1.0,1.0,2.0
2025,3,NOR,McLaren,2.0,18.0,Finished,1,0,15.0,1.0,1.0,3.0,1.1333333333333333,3.2,Japanese Grand Prix,33.0,2.5,2.0,2,0,2,2,70.0,3.25,35.0,0.0,1.0,3.25,35.0,0.0,6.5,14.0,0.0,1.0,1.0
2025,4,NOR,McLaren,3.0,15.0,Finished,1,0,25.0,1.0,-2.0,-10.0,1.1333333333333333,3.2,Bahrain Grand Prix,40.0,2.0,1.0,2,0,2,2,103.0,3.0,34.333333333333336,0.0,1.0,3.0,34.333333333333336,0.0,7.0,12.0,0.0,1.0,1.0
2025,5,NOR,McLaren,4.0,12.0,Finished,0,0,25.0,1.0,-3.0,-13.0,1.0666666666666667,3.0,Saudi Arabian Grand Prix,37.0,2.5,1.0,1,0,2,2,143.0,2.75,35.75,0.0,1.0,2.75,35.75,0.0,6.0,16.0,0.0,1.0,1.0
2025,6,NOR,McLaren,2.0,18.0,Finished,1,0,25.0,1.0,-1.0,-7.0,1.0666666666666667,2.6666666666666665,Miami Grand Prix,43.0,1.5,1.0,2,0,2,2,180.0,2.7,36.0,0.0,1.0,2.7,36.0,0.0,7.0,25.0,1.0,1.0,1.0
2025,7,NOR,McLaren,2.0,18.0,Finished,1,0,15.0,1.0,1.0,3.0,0.8,1.2666666666666666,Emilia Romagna Grand Prix,33.0,2.5,2.0,2,0,2,2,223.0,2.5,37.166666666666664,0.0,1.0,2.5,37.166666666666664,0.0,3.0,30.0,1.0,1.0,1.0
2025,8,NOR,McLaren,1.0,25.0,Finished,1,0,15.0,1.0,2.0,10.0,0.9333333333333333,1.6,Monaco Grand Prix,40.0,2.0,1.0,2,0,2,2,256.0,2.5,36.57142857142857,0.0,1.0,2.5,36.57142857142857,0.0,3.0,30.0,1.0,1.0,1.0
2025,9,NOR,McLaren,2.0,18.0,Finished,1,0,25.0,1.0,-1.0,-7.0,1.2666666666666666,3.066666666666667,Spanish Grand Prix,43.0,1.5,1.0,2,0,2,2,296.0,2.4375,37.0,0.0,1.0,2.4375,37.0,0.0,4.5,25.0,1.0,1.0,1.0
2024,1,OCO,Alpine,17.0,0.0,Lapped,0,1,0.0,0.0,1.0,0.0,,,Bahrain Grand Prix,0.0,17.5,17.0,0,0,2,2,0.0,,,,,,,,,,,1.0,
2024,2,OCO,Alpine,13.0,0.0,Lapped,0,1,0.0,0.0,7.0,0.0,1.0,0.0,Saudi Arabian Grand Prix,0.0,16.5,13.0,0,1,1,2,0.0,17.5,0.0,0.0,1.0,17.5,0.0,0.0,,,,6.0,9.0
2024,3,OCO,Alpine,16.0,0.0,Lapped,0,1,0.0,0.0,-3.0,0.0,4.0,0.0,Australian Grand Prix,0.0,14.5,13.0,0,0,2,2,0.0,17.0,0.0,0.5,0.5,17.0,0.0,0.5,,,,7.0,10.0
2024,4,OCO,Alpine,15.0,0.0,Lapped,0,1,0.0,0.0,1.0,0.0,1.6666666666666667,0.0,Japanese Grand Prix,0.0,15.5,15.0,0,0,2,2,0.0,16.166666666666668,0.0,0.3333333333333333,0.6666666666666667,16.166666666666668,0.0,0.3333333333333333,,,,8.0,10.0
2024,5,OCO,Alpine,11.0,0.0,Finished,0,0,0.0,0.0,2.0,0.0,1.5,0.0,Chinese Grand Prix,0.0,12.0,11.0,0,0,2,2,0.0,16.0,0.0,0.25,0.75,16.0,0.0,0.25,,,,8.0,10.0
2024,6,OCO,Alpine,10.0,1.0,Finished,0,0,0.0,0.0,2.0,1.0,1.6,0.0,Miami Grand Prix,1.0,11.0,10.0,0,0,2,2,0.0,15.2,0.0,0.2,0.8,15.2,0.0,0.2,,,,8.0,9.0
2024,7,OCO,Alpine,14.0,0.0,Lapped,0,1,0.0,0.0,2.0,0.0,1.6666666666666667,0.16666666666666666,Emilia Romagna Grand Prix,0.0,15.0,14.0,0,0,2,2,1.0,14.5,0.16666666666666666,0.16666666666666666,0.8333333333333334,14.5,0.16666666666666666,0.16666666666666666,,,,8.0,8.0
2024,8,OCO,Alpine,17.0,0.0,Retired,0,1,1.0,0.0,-7.0,-1.0,1.7142857142857142,0.14285714285714285,Monaco Grand Prix,1.0,13.5,10.0,0,1,1,2,1.0,14.571428571428571,0.14285714285714285,0.14285714285714285,0.8571428571428572,14.571428571428571,0.14285714285714285,0.14285714285714285,,,,8.0,8.0
2024,9,OCO,Alpine,10.0,1.0,Finished,0,0,2.0,0.0,-1.0,-1.0,0.625,0.0,Canadian Grand Prix,3.0,9.5,9.0,0,0,2,2,2.0,14.4375,0.25,0.25,0.75,14.4375,0.25,0.25,,,,8.0,8.0
2024,10,OCO,Alpine,10.0,1.0,Finished,0,0,2.0,0.0,-1.0,-1.0,0.4444444444444444,-0.1111111111111111,Spanish Grand Prix,3.0,9.5,9.0,0,0,2,2,5.0,13.88888888888889,0.5555555555555556,0.2222222222222222,0.7777777777777778,13.88888888888889,0.5555555555555556,0.2222222222222222,,,,7.0,8.0
2024,11,OCO,Alpine,12.0,0.0,Finished,0,0,1.0,0.0,-2.0,-1.0,0.3,-0.2,Austrian Grand Prix,1.0,11.0,10.0,0,0,2,2,8.0,13.45,0.8,0.2,0.8,13.45,0.8,0.2,,,,7.0,8.0
2024,12,OCO,Alpine,16.0,0.0,Lapped,0,1,0.0,0.0,4.0,0.0,0.09090909090909091,-0.2727272727272727,British Grand Prix,0.0,18.0,16.0,0,1,1,2,9.0,13.227272727272727,0.8181818181818182,0.18181818181818182,0.8181818181818181,13.227272727272727,0.8181818181818182,0.18181818181818182,,,,8.0,8.0
2024,13,OCO,Alpine,18.0,0.0,Lapped,0,1,0.0,0.0,2.0,0.0,0.4166666666666667,-0.25,Hungarian Grand Prix,0.0,19.0,18.0,0,1,1,2,9.0,13.625,0.75,0.25,0.75,13.625,0.75,0.25,,,,8.0,8.0
2024,14,OCO,Alpine,9.0,2.0,Finished,0,0,0.0,0.0,4.0,2.0,0.5384615384615384,-0.23076923076923078,Belgian Grand Prix,2.0,11.0,9.0,0,0,2,2,9.0,14.038461538461538,0.6923076923076923,0.3076923076923077,0.6923076923076923,14.038461538461538,0.6923076923076923,0.3076923076923077,,,,8.0,8.0
2024,15,OCO,Alpine,15.0,0.0,Lapped,0,1,2.0,0.0,-6.0,-2.0,0.7857142857142857,-0.07142857142857142,Dutch Grand Prix,2.0,12.0,9.0,0,0,2,2,11.0,13.821428571428571,0.7857142857142857,0.2857142857142857,0.7142857142857143,13.821428571428571,0.7857142857142857,0.2857142857142857,,,,8.0,8.0
2024,16,OCO,Alpine,14.0,0.0,Lapped,0,1,0.0,0.0,1.0,0.0,0.3333333333333333,-0.2,Italian Grand Prix,0.0,14.5,14.0,0,0,2,2,13.0,13.7,0.8666666666666667,0.26666666666666666,0.7333333333333334,13.7,0.8666666666666667,0.26666666666666666,,,,8.0,8.0
2024,17,OCO,Alpine,15.0,0.0,Lapped,0,1,0.0,0.0,-3.0,0.0,0.3333333333333333,-0.2,Azerbaijan Grand Prix,0.0,13.5,12.0,0,0,2,2,13.0,13.75,0.8125,0.25,0.75,13.5,0.8666666666666667,0.26666666666666666,,,,8.0,8.0
2024,18,OCO,Alpine,13.0,0.0,Lapped,0,1,0.0,0.0,4.0,0.0,-0.3333333333333333,-0.2,Singapore Grand Prix,0.0,15.0,13.0,0,0,2,2,13.0,13.735294117647058,0.7647058823529411,0.23529411764705882,0.7647058823529411,13.3,0.8666666666666667,0.2,,,,9.0,8.0
2024,19,OCO,Alpine,18.0,0.0,Lapped,0,1,0.0,0.0,-6.0,0.0,0.13333333333333333,-0.2,United States Grand Prix,0.0,15.0,12.0,0,0,2,2,13.0,13.805555555555555,0.7222222222222222,0.2222222222222222,0.7777777777777778,13.333333333333334,0.8666666666666667,0.2,,,,9.0,8.0
2024,20,OCO,Alpine,13.0,0.0,Lapped,0,1,1.0,0.0,-3.0,-1.0,-0.3333333333333333,-0.2,Mexico City Grand Prix,1.0,11.5,10.0,0,0,2,2,13.0,13.868421052631579,0.6842105263157895,0.21052631578947367,0.7894736842105263,13.3,0.8666666666666667,0.2,,,,9.0,8.0
2024,21,OCO,Alpine,2.0,18.0,Finished,1,0,15.0,1.0,1.0,3.0,-0.6666666666666666,-0.26666666666666666,São Paulo Grand Prix,33.0,2.5,2.0,2,0,2,2,14.0,13.75,0.7,0.2,0.8,13.266666666666667,0.9333333333333333,0.2,,,,9.0,8.0
2024,22,OCO,Alpine,17.0,0.0,Lapped,0,1,0.0,0.0,3.0,0.0,-0.7333333333333333,-0.13333333333333333,Las Vegas Grand Prix,0.0,18.5,17.0,0,1,1,2,47.0,13.214285714285714,2.238095238095238,0.19047619047619047,0.8095238095238095,12.7,3.066666666666667,0.2,,,,6.0,7.0
2024,23,OCO,Alpine,20.0,0.0,Retired,0,1,10.0,0.0,-15.0,-10.0,-0.6666666666666666,-0.13333333333333333,Qatar Grand Prix,10.0,12.5,5.0,0,1,1,2,47.0,13.454545454545455,2.1363636363636362,0.22727272727272727,0.7727272727272727,12.933333333333334,3.066666666666667,0.26666666666666666,,,,6.0,8.0
2025,1,OCO,Haas F1 Team,13.0,0.0,Finished,0,0,0.0,0.0,1.0,0.0,-1.2,-0.7333333333333333,Australian Grand Prix,0.0,13.5,13.0,0,0,2,2,0.0,,,,,,,,9.5,3.0,0.0,1.0,
2025,2,OCO,Haas F1 Team,5.0,10.0,Finished,0,0,4.0,0.0,3.0,6.0,-1.0666666666666667,-0.6666666666666666,Chinese Grand Prix,14.0,6.5,5.0,0,0,2,2,0.0,13.5,0.0,0.0,1.0,13.5,0.0,0.0,13.0,1.0,0.0,8.0,8.0
2025,3,OCO,Haas F1 Team,18.0,0.0,Finished,0,0,1.0,0.0,-8.0,-1.0,-0.8,-0.2,Japanese Grand Prix,1.0,14.0,10.0,0,0,2,2,14.0,10.0,7.0,0.0,1.0,10.0,7.0,0.0,12.0,0.0,0.0,5.0,4.0
2025,4,OCO,Haas F1 Team,8.0,4.0,Finished,0,0,1.0,0.0,2.0,3.0,-1.2,-0.2,Bahrain Grand Prix,5.0,9.0,8.0,0,0,2,2,15.0,11.333333333333334,5.0,0.0,1.0,11.333333333333334,5.0,0.0,14.0,0.0,0.0,6.0,6.0
2025,5,OCO,Haas F1 Team,14.0,0.0,Finished,0,0,0.0,0.0,-1.0,0.0,-1.3333333333333333,0.0,Saudi Arabian Grand Prix,0.0,13.5,13.0,0,0,2,2,20.0,10.75,5.0,0.0,1.0,10.75,5.0,0.0,11.0,1.0,0.0,5.0,5.0
2025,6,OCO,Haas F1 Team,12.0,0.0,Finished,0,0,0.0,0.0,7.0,0.0,-1.5333333333333334,0.0,Miami Grand Prix,0.0,15.5,12.0,0,1,1,2,20.0,11.3,4.0,0.0,1.0,11.3,4.0,0.0,15.0,0.0,0.0,6.0,6.0
2025,7,OCO,Haas F1 Team,20.0,0.0,Retired,0,1,0.0,0.0,-3.0,0.0,-1.3333333333333333,-0.13333333333333333,Emilia Romagna Grand Prix,0.0,18.5,17.0,0,1,1,2,20.0,12.0,3.3333333333333335,0.16666666666666666,0.8333333333333334,12.0,3.3333333333333335,0.16666666666666666,11.5,0.0,0.0,6.0,6.0
2025,8,OCO,Haas F1 Team,7.0,6.0,Lapped,0,1,0.0,0.0,5.0,6.0,-1.1333333333333333,0.0,Monaco Grand Prix,6.0,9.5,7.0,0,0,2,2,20.0,12.928571428571429,2.857142857142857,0.2857142857142857,0.7142857142857143,12.928571428571429,2.857142857142857,0.2857142857142857,19.5,0.0,0.0,6.0,6.0
2025,9,OCO,Haas F1 Team,16.0,0.0,Finished,0,0,0.0,0.0,1.0,0.0,-0.8666666666666667,0.4,Spanish Grand Prix,0.0,16.5,16.0,0,0,2,2,26.0,12.5,3.25,0.25,0.75,12.5,3.25,0.25,14.0,0.0,0.0,6.0,6.0
2024,1,PER,Red Bull Racing,2.0,18.0,Finished,1,0,26.0,1.0,-1.0,-8.0,,,Bahrain Grand Prix,44.0,1.5,1.0,2,0,2,2,0.0,,,,,,,,,,,1.0,
2024,2,PER,Red Bull Racing,2.0,18.0,Finished,1,0,25.0,1.0,-1.0,-7.0,-1.0,-8.0,Saudi Arabian Grand Prix,43.0,1.5,1.0,2,0,2,2,44.0,1.5,44.0,0.0,1.0,1.5,44.0,0.0,,,,1.0,1.0
2024,3,PER,Red Bull Racing,5.0,10.0,Finished,0,0,0.0,0.0,14.0,10.0,-1.0,-7.5,Australian Grand Prix,10.0,12.0,5.0,0,1,1,2,87.0,1.5,43.5,0.0,1.0,1.5,43.5,0.0,,,,1.0,1.0
2024,4,PER,Red Bull Racing,2.0,18.0,Finished,1,0,26.0,1.0,-1.0,-8.0,4.0,-1.6666666666666667,Japanese Grand Prix,44.0,1.5,1.0,2,0,2,2,97.0,5.0,32.333333333333336,0.3333333333333333,0.6666666666666667,5.0,32.333333333333336,0.3333333333333333,,,,1.0,2.0
2024,5,PER,Red Bull Racing,3.0,15.0,Finished,1,0,25.0,1.0,-2.0,-10.0,2.75,-3.25,Chinese Grand Prix,40.0,2.0,1.0,2,0,2,2,141.0,4.125,35.25,0.25,0.75,4.125,35.25,0.25,,,,1.0,2.0
2024,6,PER,Red Bull Racing,4.0,12.0,Finished,0,0,18.0,1.0,-2.0,-6.0,1.8,-4.6,Miami Grand Prix,30.0,3.0,2.0,1,0,2,2,181.0,3.7,36.2,0.2,0.8,3.7,36.2,0.2,,,,1.0,2.0
2024,7,PER,Red Bull Racing,8.0,4.0,Finished,0,0,25.0,1.0,-7.0,-21.0,1.1666666666666667,-4.833333333333333,Emilia Romagna Grand Prix,29.0,4.5,1.0,1,0,2,2,211.0,3.5833333333333335,35.166666666666664,0.16666666666666666,0.8333333333333334,3.5833333333333335,35.166666666666664,0.16666666666666666,,,,1.0,1.0
2024,8,PER,Red Bull Racing,18.0,0.0,Retired,0,1,8.0,0.0,-12.0,-8.0,0.0,-7.142857142857143,Monaco Grand Prix,8.0,12.0,6.0,0,1,1,2,240.0,3.7142857142857144,34.285714285714285,0.14285714285714285,0.8571428571428572,3.7142857142857144,34.285714285714285,0.14285714285714285,,,,1.0,1.0
2024,9,PER,Red Bull Racing,18.0,0.0,Retired,0,1,25.0,1.0,-17.0,-25.0,-1.5,-7.25,Canadian Grand Prix,25.0,9.5,1.0,1,1,1,2,248.0,4.75,31.0,0.25,0.75,4.75,31.0,0.25,,,,1.0,2.0
2024,10,PER,Red Bull Racing,8.0,4.0,Finished,0,0,25.0,1.0,-7.0,-21.0,-3.2222222222222223,-9.222222222222221,Spanish Grand Prix,29.0,4.5,1.0,1,0,2,2,273.0,5.277777777777778,30.333333333333332,0.3333333333333333,0.6666666666666667,5.277777777777778,30.333333333333332,0.3333333333333333,,,,1.0,3.0
2024,11,PER,Red Bull Racing,7.0,6.0,Finished,0,0,10.0,0.0,-2.0,-4.0,-3.6,-10.4,Austrian Grand Prix,16.0,6.0,5.0,0,0,2,2,302.0,5.2,30.2,0.3,0.7,5.2,30.2,0.3,,,,1.0,3.0
2024,12,PER,Red Bull Racing,17.0,0.0,Lapped,0,1,18.0,1.0,-15.0,-18.0,-3.4545454545454546,-9.818181818181818,British Grand Prix,18.0,9.5,2.0,1,0,2,2,318.0,5.2727272727272725,28.90909090909091,0.2727272727272727,0.7272727272727273,5.2727272727272725,28.90909090909091,0.2727272727272727,,,,1.0,1.0
2024,13,PER,Red Bull Racing,7.0,6.0,Finished,0,0,10.0,0.0,-2.0,-4.0,-4.416666666666667,-10.5,Hungarian Grand Prix,16.0,6.0,5.0,0,0,2,2,336.0,5.625,28.0,0.25,0.75,5.625,28.0,0.25,,,,1.0,2.0
2024,14,PER,Red Bull Racing,7.0,7.0,Finished,0,0,12.0,0.0,-3.0,-5.0,-4.230769230769231,-10.0,Belgian Grand Prix,19.0,5.5,4.0,0,0,2,2,352.0,5.653846153846154,27.076923076923077,0.23076923076923078,0.7692307692307692,5.653846153846154,27.076923076923077,0.23076923076923078,,,,1.0,3.0
2024,15,PER,Red Bull Racing,6.0,8.0,Finished,0,0,18.0,1.0,-4.0,-10.0,-4.142857142857143,-9.642857142857142,Dutch Grand Prix,26.0,4.0,2.0,1,0,2,2,371.0,5.642857142857143,26.5,0.21428571428571427,0.7857142857142857,5.642857142857143,26.5,0.21428571428571427,,,,1.0,3.0
2024,16,PER,Red Bull Racing,8.0,4.0,Finished,0,0,8.0,0.0,-2.0,-4.0,-4.133333333333334,-9.666666666666666,Italian Grand Prix,12.0,7.0,6.0,0,0,2,2,397.0,5.533333333333333,26.466666666666665,0.2,0.8,5.533333333333333,26.466666666666665,0.2,,,,1.0,3.0
2024,17,PER,Red Bull Racing,17.0,0.0,Retired,0,1,10.0,0.0,-12.0,-10.0,-4.2,-9.4,Azerbaijan Grand Prix,10.0,11.0,5.0,0,1,1,2,409.0,5.625,25.5625,0.1875,0.8125,5.9,24.333333333333332,0.2,,,,2.0,3.0
2024,18,PER,Red Bull Racing,10.0,1.0,Lapped,0,1,18.0,1.0,-8.0,-17.0,-4.933333333333334,-9.6,Singapore Grand Prix,19.0,6.0,2.0,1,0,2,2,419.0,5.9411764705882355,24.647058823529413,0.23529411764705882,0.7647058823529411,6.533333333333333,22.133333333333333,0.26666666666666666,,,,2.0,3.0
2024,19,PER,Red Bull Racing,7.0,6.0,Finished,0,0,15.0,1.0,-4.0,-9.0,-6.4,-11.4,United States Grand Prix,21.0,5.0,3.0,1,0,2,2,438.0,5.944444444444445,24.333333333333332,0.2222222222222222,0.7777777777777778,6.133333333333334,22.733333333333334,0.2,,,,2.0,3.0
2024,20,PER,Red Bull Racing,17.0,0.0,Lapped,0,1,8.0,0.0,-11.0,-8.0,-6.6,-11.466666666666667,Mexico City Grand Prix,8.0,11.5,6.0,0,0,2,2,459.0,5.894736842105263,24.157894736842106,0.21052631578947367,0.7894736842105263,6.366666666666666,21.2,0.2,,,,2.0,3.0
2024,21,PER,Red Bull Racing,11.0,0.0,Finished,0,0,26.0,1.0,-10.0,-26.0,-7.2,-11.333333333333334,São Paulo Grand Prix,26.0,6.0,1.0,1,0,2,2,467.0,6.175,23.35,0.2,0.8,7.0,19.066666666666666,0.2,,,,3.0,3.0
2024,22,PER,Red Bull Racing,10.0,1.0,Finished,0,0,10.0,0.0,-5.0,-9.0,-7.733333333333333,-12.666666666666666,Las Vegas Grand Prix,11.0,7.5,5.0,0,0,2,2,493.0,6.166666666666667,23.476190476190474,0.19047619047619047,0.8095238095238095,7.2,18.8,0.2,,,,3.0,3.0
2024,23,PER,Red Bull Racing,17.0,0.0,Retired,0,1,25.0,1.0,-16.0,-25.0,-7.6,-11.866666666666667,Qatar Grand Prix,25.0,9.0,1.0,1,1,1,2,504.0,6.2272727272727275,22.90909090909091,0.18181818181818182,0.8181818181818181,7.4,17.6,0.2,,,,3.0,3.0
2024,24,PER,Red Bull Racing,20.0,0.0,Retired,0,1,8.0,0.0,-14.0,-8.0,-7.866666666666666,-13.0,Abu Dhabi Grand Prix,8.0,13.0,6.0,0,1,1,2,529.0,6.3478260869565215,23.0,0.21739130434782608,0.782608695652174,7.2,18.733333333333334,0.2,,,,3.0,3.0
2024,1,PIA,McLaren,8.0,4.0,Finished,0,0,8.0,0.0,-2.0,-4.0,,,Bahrain Grand Prix,12.0,7.0,6.0,0,0,2,2,0.0,,,,,,,,,,,1.0,
2024,2,PIA,McLaren,4.0,12.0,Finished,0,0,4.0,0.0,4.0,8.0,-2.0,-4.0,Saudi Arabian Grand Prix,16.0,6.0,4.0,0,0,2,2,12.0,7.0,12.0,0.0,1.0,7.0,12.0,0.0,,,,4.0,4.0
2024,3,PIA,McLaren,4.0,12.0,Finished,0,0,15.0,1.0,-1.0,-3.0,1.0,2.0,Australian Grand Prix,27.0,3.5,3.0,1,0,2,2,28.0,6.5,14.0,0.0,1.0,6.5,14.0,0.0,,,,3.0,3.0
2024,4,PIA,McLaren,8.0,4.0,Finished,0,0,10.0,0.0,-3.0,-6.0,0.3333333333333333,0.3333333333333333,Japanese Grand Prix,14.0,6.5,5.0,0,0,2,2,55.0,5.5,18.333333333333332,0.0,1.0,5.5,18.333333333333332,0.0,,,,3.0,3.0
2024,5,PIA,McLaren,8.0,4.0,Finished,0,0,18.0,1.0,-6.0,-14.0,-0.5,-1.25,Chinese Grand Prix,22.0,5.0,2.0,1,0,2,2,69.0,5.75,17.25,0.0,1.0,5.75,17.25,0.0,,,,3.0,3.0
2024,6,PIA,McLaren,13.0,0.0,Finished,0,0,25.0,1.0,-12.0,-25.0,-1.6,-3.8,Miami Grand Prix,25.0,7.0,1.0,1,0,2,2,91.0,5.6,18.2,0.0,1.0,5.6,18.2,0.0,,,,3.0,3.0
2024,7,PIA,McLaren,4.0,12.0,Finished,0,0,18.0,1.0,-2.0,-6.0,-3.3333333333333335,-7.333333333333333,Emilia Romagna Grand Prix,30.0,3.0,2.0,1,0,2,2,116.0,5.833333333333333,19.333333333333332,0.0,1.0,5.833333333333333,19.333333333333332,0.0,,,,3.0,3.0
2024,8,PIA,McLaren,2.0,18.0,Finished,1,0,12.0,0.0,2.0,6.0,-3.142857142857143,-7.142857142857143,Monaco Grand Prix,30.0,3.0,2.0,1,0,2,2,146.0,5.428571428571429,20.857142857142858,0.0,1.0,5.428571428571429,20.857142857142858,0.0,,,,3.0,3.0
2024,9,PIA,McLaren,5.0,10.0,Finished,0,0,18.0,1.0,-3.0,-8.0,-2.5,-5.5,Canadian Grand Prix,28.0,3.5,2.0,1,0,2,2,176.0,5.125,22.0,0.0,1.0,5.125,22.0,0.0,,,,3.0,3.0
2024,10,PIA,McLaren,7.0,6.0,Finished,0,0,19.0,1.0,-5.0,-13.0,-2.5555555555555554,-5.777777777777778,Spanish Grand Prix,25.0,4.5,2.0,1,0,2,2,204.0,4.944444444444445,22.666666666666668,0.0,1.0,4.944444444444445,22.666666666666668,0.0,,,,3.0,1.0
2024,11,PIA,McLaren,2.0,18.0,Finished,1,0,0.0,0.0,18.0,18.0,-2.8,-6.5,Austrian Grand Prix,18.0,11.0,2.0,1,0,2,2,229.0,4.9,22.9,0.0,1.0,4.9,22.9,0.0,,,,3.0,1.0
2024,12,PIA,McLaren,4.0,12.0,Finished,0,0,15.0,1.0,-1.0,-3.0,-0.9090909090909091,-4.2727272727272725,British Grand Prix,27.0,3.5,3.0,1,0,2,2,247.0,5.454545454545454,22.454545454545453,0.0,1.0,5.454545454545454,22.454545454545453,0.0,,,,3.0,3.0
2024,13,PIA,McLaren,1.0,25.0,Finished,1,0,18.0,1.0,1.0,7.0,-0.9166666666666666,-4.166666666666667,Hungarian Grand Prix,43.0,1.5,1.0,2,0,2,2,274.0,5.291666666666667,22.833333333333332,0.0,1.0,5.291666666666667,22.833333333333332,0.0,,,,3.0,1.0
2024,14,PIA,McLaren,2.0,18.0,Finished,1,0,10.0,0.0,3.0,8.0,-0.7692307692307693,-3.3076923076923075,Belgian Grand Prix,28.0,3.5,2.0,1,0,2,2,317.0,5.0,24.384615384615383,0.0,1.0,5.0,24.384615384615383,0.0,,,,2.0,1.0
2024,15,PIA,McLaren,4.0,12.0,Finished,0,0,26.0,1.0,-3.0,-14.0,-0.5,-2.5,Dutch Grand Prix,38.0,2.5,1.0,1,0,2,2,345.0,4.892857142857143,24.642857142857142,0.0,1.0,4.892857142857143,24.642857142857142,0.0,,,,2.0,1.0
2024,16,PIA,McLaren,2.0,18.0,Finished,1,0,16.0,1.0,1.0,2.0,-0.6666666666666666,-3.2666666666666666,Italian Grand Prix,34.0,2.5,2.0,2,0,2,2,383.0,4.733333333333333,25.533333333333335,0.0,1.0,4.733333333333333,25.533333333333335,0.0,,,,2.0,1.0
2024,17,PIA,McLaren,1.0,25.0,Finished,1,0,13.0,0.0,3.0,12.0,-0.4666666666666667,-2.8666666666666667,Azerbaijan Grand Prix,38.0,2.5,1.0,1,0,2,2,417.0,4.59375,26.0625,0.0,1.0,4.433333333333334,27.0,0.0,,,,1.0,1.0
2024,18,PIA,McLaren,3.0,15.0,Finished,1,0,25.0,1.0,-2.0,-10.0,-0.5333333333333333,-2.6,Singapore Grand Prix,40.0,2.0,1.0,2,0,2,2,455.0,4.470588235294118,26.764705882352942,0.0,1.0,4.2,28.466666666666665,0.0,,,,1.0,1.0
2024,19,PIA,McLaren,5.0,10.0,Finished,0,0,12.0,0.0,-1.0,-2.0,-0.6,-3.066666666666667,United States Grand Prix,22.0,4.5,4.0,0,0,2,2,495.0,4.333333333333333,27.5,0.0,1.0,4.1,29.333333333333332,0.0,,,,1.0,1.0
2024,20,PIA,McLaren,8.0,4.0,Finished,0,0,18.0,1.0,-6.0,-14.0,-0.4666666666666667,-2.8,Mexico City Grand Prix,22.0,5.0,2.0,1,0,2,2,517.0,4.342105263157895,27.210526315789473,0.0,1.0,3.966666666666667,29.866666666666667,0.0,,,,1.0,1.0
2024,21,PIA,McLaren,8.0,4.0,Finished,0,0,8.0,0.0,-2.0,-4.0,-0.4666666666666667,-2.8,São Paulo Grand Prix,12.0,7.0,6.0,0,0,2,2,539.0,4.375,26.95,0.0,1.0,3.966666666666667,29.866666666666667,0.0,,,,1.0,1.0
2024,22,PIA,McLaren,7.0,6.0,Finished,0,0,9.0,0.0,-1.0,-3.0,0.2,-1.4,Las Vegas Grand Prix,15.0,6.5,6.0,0,0,2,2,551.0,4.5,26.238095238095237,0.0,1.0,3.966666666666667,29.0,0.0,,,,1.0,1.0
2024,23,PIA,McLaren,3.0,15.0,Finished,1,0,2.0,0.0,7.0,13.0,0.26666666666666666,-1.2,Qatar Grand Prix,17.0,6.5,3.0,1,0,2,2,566.0,4.590909090909091,25.727272727272727,0.0,1.0,4.2,28.0,0.0,,,,1.0,1.0
2024,24,PIA,McLaren,10.0,1.0,Finished,0,0,25.0,1.0,-9.0,-24.0,0.6,-0.7333333333333333,Abu Dhabi Grand Prix,26.0,5.5,1.0,1,0,2,2,583.0,4.673913043478261,25.347826086956523,0.0,1.0,4.433333333333334,27.133333333333333,0.0,,,,1.0,1.0
2025,1,PIA,McLaren,9.0,2.0,Finished,0,0,25.0,1.0,-8.0,-23.0,0.2,-1.8,Australian Grand Prix,27.0,5.0,1.0,1,0,2,2,0.0,,,,,,,,3.5,27.0,1.0,1.0,
2025,2,PIA,McLaren,1.0,25.0,Finished,1,0,18.0,1.0,1.0,7.0,0.0,-2.466666666666667,Chinese Grand Prix,43.0,1.5,1.0,2,0,2,2,27.0,5.0,27.0,0.0,1.0,5.0,27.0,0.0,5.0,22.0,1.0,1.0,2.0
2025,3,PIA,McLaren,3.0,15.0,Finished,1,0,18.0,1.0,-1.0,-3.0,-1.1333333333333333,-3.2,Japanese Grand Prix,33.0,2.5,2.0,2,0,2,2,70.0,3.25,35.0,0.0,1.0,3.25,35.0,0.0,6.5,14.0,0.0,1.0,1.0
2025,4,PIA,McLaren,1.0,25.0,Finished,1,0,15.0,1.0,2.0,10.0,-1.1333333333333333,-3.2,Bahrain Grand Prix,40.0,2.0,1.0,2,0,2,2,103.0,3.0,34.333333333333336,0.0,1.0,3.0,34.333333333333336,0.0,7.0,12.0,0.0,1.0,1.0
2025,5,PIA,McLaren,1.0,25.0,Finished,1,0,12.0,0.0,3.0,13.0,-1.0666666666666667,-3.0,Saudi Arabian Grand Prix,37.0,2.5,1.0,1,0,2,2,143.0,2.75,35.75,0.0,1.0,2.75,35.75,0.0,6.0,16.0,0.0,1.0,1.0
2025,6,PIA,McLaren,1.0,25.0,Finished,1,0,18.0,1.0,1.0,7.0,-1.0666666666666667,-2.6666666666666665,Miami Grand Prix,43.0,1.5,1.0,2,0,2,2,180.0,2.7,36.0,0.0,1.0,2.7,36.0,0.0,7.0,25.0,1.0,1.0,1.0
2025,7,PIA,McLaren,3.0,15.0,Finished,1,0,18.0,1.0,-1.0,-3.0,-0.8,-1.2666666666666666,Emilia Romagna Grand Prix,33.0,2.5,2.0,2,0,2,2,223.0,2.5,37.166666666666664,0.0,1.0,2.5,37.166666666666664,0.0,3.0,30.0,1.0,1.0,1.0
2025,8,PIA,McLaren,3.0,15.0,Finished,1,0,25.0,1.0,-2.0,-10.0,-0.9333333333333333,-1.6,Monaco Grand Prix,40.0,2.0,1.0,2,0,2,2,256.0,2.5,36.57142857142857,0.0,1.0,2.5,36.57142857142857,0.0,3.0,30.0,1.0,1.0,1.0
2025,9,PIA,McLaren,1.0,25.0,Finished,1,0,18.0,1.0,1.0,7.0,-1.2666666666666666,-3.066666666666667,Spanish Grand Prix,43.0,1.5,1.0,2,0,2,2,296.0,2.4375,37.0,0.0,1.0,2.4375,37.0,0.0,4.5,25.0,1.0,1.0,1.0
2024,1,RIC,RB,13.0,0.0,Lapped,0,1,0.0,0.0,1.0,0.0,,,Bahrain Grand Prix,0.0,13.5,13.0,0,0,2,2,0.0,,,,,,,,,,,1.0,
2024,2,RIC,RB,16.0,0.0,Lapped,0,1,0.0,0.0,-1.0,0.0,1.0,0.0,Saudi Arabian Grand Prix,0.0,15.5,15.0,0,0,2,2,0.0,13.5,0.0,0.0,1.0,13.5,0.0,0.0,,,,6.0,6.0
2024,3,RIC,RB,12.0,0.0,Lapped,0,1,6.0,0.0,-5.0,-6.0,0.0,0.0,Australian Grand Prix,6.0,9.5,7.0,0,0,2,2,0.0,14.5,0.0,0.0,1.0,14.5,0.0,0.0,,,,7.0,7.0
2024,4,RIC,RB,19.0,0.0,Retired,0,1,1.0,0.0,-9.0,-1.0,-1.6666666666666667,-2.0,Japanese Grand Prix,1.0,14.5,10.0,0,1,1,2,6.0,12.833333333333334,2.0,0.0,1.0,12.833333333333334,2.0,0.0,,,,6.0,7.0
2024,5,RIC,RB,18.0,0.0,Retired,0,1,0.0,0.0,1.0,0.0,-3.5,-1.75,Chinese Grand Prix,0.0,18.5,18.0,0,2,0,2,7.0,13.25,1.75,0.25,0.75,13.25,1.75,0.25,,,,6.0,7.0
2024,6,RIC,RB,15.0,0.0,Finished,0,0,6.0,0.0,-8.0,-6.0,-2.6,-1.4,Miami Grand Prix,6.0,11.0,7.0,0,0,2,2,7.0,14.3,1.4,0.6,0.4,14.3,1.4,0.6,,,,6.0,7.0
2024,7,RIC,RB,13.0,0.0,Lapped,0,1,1.0,0.0,-3.0,-1.0,-3.5,-2.1666666666666665,Emilia Romagna Grand Prix,1.0,11.5,10.0,0,0,2,2,13.0,13.75,2.1666666666666665,0.5,0.5,13.75,2.1666666666666665,0.5,,,,6.0,7.0
2024,8,RIC,RB,12.0,0.0,Lapped,0,1,4.0,0.0,-4.0,-4.0,-3.4285714285714284,-2.0,Monaco Grand Prix,4.0,10.0,8.0,0,0,2,2,14.0,13.428571428571429,2.0,0.42857142857142855,0.5714285714285714,13.428571428571429,2.0,0.42857142857142855,,,,6.0,7.0
2024,9,RIC,RB,8.0,4.0,Finished,0,0,0.0,0.0,6.0,4.0,-3.5,-2.25,Canadian Grand Prix,4.0,11.0,8.0,0,0,2,2,18.0,13.0,2.25,0.375,0.625,13.0,2.25,0.375,,,,6.0,6.0
2024,10,RIC,RB,15.0,0.0,Lapped,0,1,0.0,0.0,4.0,0.0,-2.4444444444444446,-1.5555555555555556,Spanish Grand Prix,0.0,17.0,15.0,0,0,2,2,22.0,12.777777777777779,2.4444444444444446,0.3333333333333333,0.6666666666666667,12.777777777777779,2.4444444444444446,0.3333333333333333,,,,6.0,6.0
2024,11,RIC,RB,9.0,2.0,Finished,0,0,0.0,0.0,5.0,2.0,-1.8,-1.4,Austrian Grand Prix,2.0,11.5,9.0,0,0,2,2,22.0,13.2,2.2,0.3,0.7,13.2,2.2,0.3,,,,6.0,7.0
2024,12,RIC,RB,13.0,0.0,Lapped,0,1,1.0,0.0,-3.0,-1.0,-1.1818181818181819,-1.0909090909090908,British Grand Prix,1.0,11.5,10.0,0,0,2,2,24.0,13.045454545454545,2.1818181818181817,0.2727272727272727,0.7272727272727273,13.045454545454545,2.1818181818181817,0.2727272727272727,,,,6.0,7.0
2024,13,RIC,RB,12.0,0.0,Lapped,0,1,2.0,0.0,-3.0,-2.0,-1.3333333333333333,-1.0833333333333333,Hungarian Grand Prix,2.0,10.5,9.0,0,0,2,2,25.0,12.916666666666666,2.0833333333333335,0.25,0.75,12.916666666666666,2.0833333333333335,0.25,,,,6.0,7.0
2024,14,RIC,RB,10.0,1.0,Finished,0,0,0.0,0.0,6.0,1.0,-1.4615384615384615,-1.1538461538461537,Belgian Grand Prix,1.0,13.0,10.0,0,0,2,2,27.0,12.73076923076923,2.076923076923077,0.23076923076923078,0.7692307692307692,12.73076923076923,2.076923076923077,0.23076923076923078,,,,6.0,7.0
2024,15,RIC,RB,12.0,0.0,Lapped,0,1,0.0,0.0,5.0,0.0,-0.9285714285714286,-1.0,Dutch Grand Prix,0.0,14.5,12.0,0,0,2,2,28.0,12.75,2.0,0.21428571428571427,0.7857142857142857,12.75,2.0,0.21428571428571427,,,,6.0,7.0
2024,16,RIC,RB,13.0,0.0,Finished,0,0,0.0,0.0,7.0,0.0,-0.5333333333333333,-0.9333333333333333,Italian Grand Prix,0.0,16.5,13.0,0,1,1,2,28.0,12.866666666666667,1.8666666666666667,0.2,0.8,12.866666666666667,1.8666666666666667,0.2,,,,6.0,7.0
2024,17,RIC,RB,13.0,0.0,Finished,0,0,0.0,0.0,7.0,0.0,-0.13333333333333333,-0.9333333333333333,Azerbaijan Grand Prix,0.0,16.5,13.0,0,1,1,2,28.0,13.09375,1.75,0.25,0.75,13.066666666666666,1.8666666666666667,0.26666666666666666,,,,6.0,7.0
2024,18,RIC,RB,18.0,0.0,Lapped,0,1,0.0,0.0,-6.0,0.0,0.4,-0.9333333333333333,Singapore Grand Prix,0.0,15.0,12.0,0,0,2,2,28.0,13.294117647058824,1.6470588235294117,0.29411764705882354,0.7058823529411764,13.133333333333333,1.8666666666666667,0.3333333333333333,,,,6.0,7.0
2024,1,RUS,Mercedes,5.0,10.0,Finished,0,0,6.0,0.0,2.0,4.0,,,Bahrain Grand Prix,16.0,6.0,5.0,0,0,2,2,0.0,,,,,,,,,,,1.0,
2024,2,RUS,Mercedes,6.0,8.0,Finished,0,0,2.0,0.0,3.0,6.0,2.0,4.0,Saudi Arabian Grand Prix,10.0,7.5,6.0,0,0,2,2,16.0,6.0,16.0,0.0,1.0,6.0,16.0,0.0,,,,3.0,3.0
2024,3,RUS,Mercedes,17.0,0.0,Retired,0,1,0.0,0.0,1.0,0.0,2.5,5.0,Australian Grand Prix,0.0,17.5,17.0,0,2,0,2,26.0,6.75,13.0,0.0,1.0,6.75,13.0,0.0,,,,4.0,4.0
2024,4,RUS,Mercedes,7.0,6.0,Finished,0,0,2.0,0.0,2.0,4.0,2.0,3.3333333333333335,Japanese Grand Prix,8.0,8.0,7.0,0,0,2,2,26.0,10.333333333333334,8.666666666666666,0.6666666666666666,0.33333333333333337,10.333333333333334,8.666666666666666,0.6666666666666666,,,,4.0,5.0
2024,5,RUS,Mercedes,6.0,8.0,Finished,0,0,2.0,0.0,3.0,6.0,2.0,3.5,Chinese Grand Prix,10.0,7.5,6.0,0,0,2,2,34.0,9.75,8.5,0.5,0.5,9.75,8.5,0.5,,,,4.0,5.0
2024,6,RUS,Mercedes,8.0,4.0,Finished,0,0,8.0,0.0,-2.0,-4.0,2.2,4.0,Miami Grand Prix,12.0,7.0,6.0,0,0,2,2,44.0,9.3,8.8,0.4,0.6,9.3,8.8,0.4,,,,4.0,4.0
2024,7,RUS,Mercedes,7.0,7.0,Finished,0,0,8.0,0.0,-1.0,-1.0,1.5,2.6666666666666665,Emilia Romagna Grand Prix,15.0,6.5,6.0,0,0,2,2,56.0,8.916666666666666,9.333333333333334,0.3333333333333333,0.6666666666666667,8.916666666666666,9.333333333333334,0.3333333333333333,,,,4.0,4.0
2024,8,RUS,Mercedes,5.0,10.0,Finished,0,0,7.0,0.0,2.0,3.0,1.1428571428571428,2.142857142857143,Monaco Grand Prix,17.0,6.0,5.0,0,0,2,2,71.0,8.571428571428571,10.142857142857142,0.2857142857142857,0.7142857142857143,8.571428571428571,10.142857142857142,0.2857142857142857,,,,4.0,4.0
2024,9,RUS,Mercedes,3.0,15.0,Finished,1,0,13.0,0.0,1.0,2.0,1.25,2.25,Canadian Grand Prix,28.0,3.5,3.0,1,0,2,2,88.0,8.25,11.0,0.25,0.75,8.25,11.0,0.25,,,,4.0,4.0
2024,10,RUS,Mercedes,4.0,12.0,Finished,0,0,15.0,1.0,-1.0,-3.0,1.2222222222222223,2.2222222222222223,Spanish Grand Prix,27.0,3.5,3.0,1,0,2,2,116.0,7.722222222222222,12.88888888888889,0.2222222222222222,0.7777777777777778,7.722222222222222,12.88888888888889,0.2222222222222222,,,,4.0,4.0
2024,11,RUS,Mercedes,1.0,25.0,Finished,1,0,12.0,0.0,3.0,13.0,1.0,1.7,Austrian Grand Prix,37.0,2.5,1.0,1,0,2,2,143.0,7.3,14.3,0.2,0.8,7.3,14.3,0.2,,,,4.0,4.0
2024,12,RUS,Mercedes,19.0,0.0,Retired,0,1,25.0,1.0,-18.0,-25.0,1.1818181818181819,2.727272727272727,British Grand Prix,25.0,10.0,1.0,1,1,1,2,180.0,6.863636363636363,16.363636363636363,0.18181818181818182,0.8181818181818181,6.863636363636363,16.363636363636363,0.18181818181818182,,,,4.0,4.0
2024,13,RUS,Mercedes,8.0,5.0,Finished,0,0,15.0,1.0,-5.0,-10.0,-0.4166666666666667,0.4166666666666667,Hungarian Grand Prix,20.0,5.5,3.0,1,0,2,2,205.0,7.125,17.083333333333332,0.25,0.75,7.125,17.083333333333332,0.25,,,,4.0,4.0
2024,14,RUS,Mercedes,20.0,0.0,Disqualified,0,1,25.0,1.0,-19.0,-25.0,-0.7692307692307693,-0.38461538461538464,Belgian Grand Prix,25.0,10.5,1.0,1,1,1,2,225.0,7.0,17.307692307692307,0.23076923076923078,0.7692307692307692,7.0,17.307692307692307,0.23076923076923078,,,,4.0,4.0
2024,15,RUS,Mercedes,7.0,6.0,Finished,0,0,4.0,0.0,1.0,2.0,-2.0714285714285716,-2.142857142857143,Dutch Grand Prix,10.0,7.5,7.0,0,0,2,2,250.0,7.25,17.857142857142858,0.2857142857142857,0.7142857142857143,7.25,17.857142857142858,0.2857142857142857,,,,4.0,4.0
2024,16,RUS,Mercedes,7.0,6.0,Finished,0,0,10.0,0.0,-2.0,-4.0,-1.8666666666666667,-1.8666666666666667,Italian Grand Prix,16.0,6.0,5.0,0,0,2,2,260.0,7.266666666666667,17.333333333333332,0.26666666666666666,0.7333333333333334,7.266666666666667,17.333333333333332,0.26666666666666666,,,,4.0,4.0
2024,17,RUS,Mercedes,3.0,15.0,Finished,1,0,2.0,0.0,6.0,13.0,-2.1333333333333333,-2.4,Azerbaijan Grand Prix,17.0,6.0,3.0,1,0,2,2,276.0,7.1875,17.25,0.25,0.75,7.266666666666667,17.333333333333332,0.26666666666666666,,,,4.0,4.0
2024,18,RUS,Mercedes,4.0,12.0,Finished,0,0,8.0,0.0,2.0,4.0,-1.9333333333333333,-1.9333333333333333,Singapore Grand Prix,20.0,5.0,4.0,0,0,2,2,293.0,7.117647058823529,17.235294117647058,0.23529411764705882,0.7647058823529411,7.166666666666667,17.8,0.26666666666666666,,,,4.0,4.0
2024,19,RUS,Mercedes,6.0,8.0,Finished,0,0,0.0,0.0,14.0,8.0,-1.8666666666666667,-1.6666666666666667,United States Grand Prix,8.0,13.0,6.0,0,1,1,2,313.0,7.0,17.38888888888889,0.2222222222222222,0.7777777777777778,6.333333333333333,19.133333333333333,0.13333333333333333,,,,4.0,4.0
2024,20,RUS,Mercedes,5.0,10.0,Finished,0,0,12.0,0.0,-1.0,-2.0,-1.0666666666666667,-1.4,Mexico City Grand Prix,22.0,4.5,4.0,0,0,2,2,321.0,7.315789473684211,16.894736842105264,0.2631578947368421,0.736842105263158,6.666666666666667,19.133333333333333,0.2,,,,4.0,4.0
2024,21,RUS,Mercedes,4.0,12.0,Finished,0,0,1.0,0.0,6.0,11.0,-1.3333333333333333,-1.9333333333333333,São Paulo Grand Prix,13.0,7.0,4.0,0,0,2,2,343.0,7.175,17.15,0.25,0.75,6.466666666666667,19.933333333333334,0.2,,,,4.0,4.0
2024,22,RUS,Mercedes,1.0,25.0,Finished,1,0,18.0,1.0,1.0,7.0,-0.8,-0.9333333333333333,Las Vegas Grand Prix,43.0,1.5,1.0,2,0,2,2,356.0,7.166666666666667,16.952380952380953,0.23809523809523808,0.7619047619047619,6.466666666666667,20.0,0.2,,,,4.0,4.0
2024,23,RUS,Mercedes,4.0,12.0,Finished,0,0,0.0,0.0,8.0,12.0,-0.6666666666666666,-0.4,Qatar Grand Prix,12.0,8.0,4.0,0,0,2,2,399.0,6.909090909090909,18.136363636363637,0.22727272727272727,0.7727272727272727,6.133333333333334,21.866666666666667,0.2,,,,4.0,4.0
2024,24,RUS,Mercedes,5.0,10.0,Finished,0,0,12.0,0.0,-1.0,-2.0,-0.26666666666666666,0.2,Abu Dhabi Grand Prix,22.0,4.5,4.0,0,0,2,2,411.0,6.956521739130435,17.869565217391305,0.21739130434782608,0.782608695652174,6.266666666666667,21.533333333333335,0.2,,,,4.0,4.0
2025,1,RUS,Mercedes,3.0,15.0,Finished,1,0,12.0,0.0,1.0,3.0,-0.4,-0.06666666666666667,Australian Grand Prix,27.0,3.5,3.0,1,0,2,2,0.0,,,,,,,,17.5,0.0,0.0,1.0,
2025,2,RUS,Mercedes,3.0,15.0,Finished,1,0,8.0,0.0,3.0,7.0,-0.26666666666666666,0.3333333333333333,Chinese Grand Prix,23.0,4.5,3.0,1,0,2,2,27.0,3.5,27.0,0.0,1.0,3.5,27.0,0.0,7.5,10.0,0.0,1.0,1.0
2025,3,RUS,Mercedes,5.0,10.0,Finished,0,0,8.0,0.0,1.0,2.0,-0.26666666666666666,-0.06666666666666667,Japanese Grand Prix,18.0,5.5,5.0,0,0,2,2,50.0,4.0,25.0,0.0,1.0,4.0,25.0,0.0,8.0,8.0,0.0,2.0,2.0
2025,4,RUS,Mercedes,2.0,18.0,Finished,1,0,0.0,0.0,9.0,18.0,1.0,1.7333333333333334,Bahrain Grand Prix,18.0,6.5,2.0,1,0,2,2,68.0,4.5,22.666666666666668,0.0,1.0,4.5,22.666666666666668,0.0,6.0,16.0,0.0,2.0,2.0
2025,5,RUS,Mercedes,5.0,10.0,Finished,0,0,8.0,0.0,1.0,2.0,1.9333333333333333,3.6,Saudi Arabian Grand Prix,18.0,5.5,5.0,0,0,2,2,86.0,5.0,21.5,0.0,1.0,5.0,21.5,0.0,7.5,10.0,0.0,2.0,2.0
2025,6,RUS,Mercedes,3.0,15.0,Finished,1,0,8.0,0.0,3.0,7.0,3.2666666666666666,5.4,Miami Grand Prix,23.0,4.5,3.0,1,0,2,2,104.0,5.1,20.8,0.0,1.0,5.1,20.8,0.0,7.0,12.0,0.0,2.0,2.0
2025,7,RUS,Mercedes,7.0,6.0,Finished,0,0,0.0,0.0,12.0,6.0,3.4,5.733333333333333,Emilia Romagna Grand Prix,6.0,13.0,7.0,0,1,1,2,127.0,5.0,21.166666666666668,0.0,1.0,5.0,21.166666666666668,0.0,6.5,15.0,0.0,2.0,2.0
2025,8,RUS,Mercedes,11.0,0.0,Lapped,0,1,0.0,0.0,7.0,0.0,4.333333333333333,6.4,Monaco Grand Prix,0.0,14.5,11.0,0,0,2,2,133.0,6.142857142857143,19.0,0.14285714285714285,0.8571428571428572,6.142857142857143,19.0,0.14285714285714285,6.0,17.0,0.0,2.0,2.0
2025,9,RUS,Mercedes,4.0,12.0,Finished,0,0,0.0,0.0,14.0,12.0,4.4,5.533333333333333,Spanish Grand Prix,12.0,11.0,4.0,0,1,1,2,133.0,7.1875,16.625,0.125,0.875,7.1875,16.625,0.125,3.5,27.0,1.0,3.0,2.0
2024,1,SAI,Ferrari,3.0,15.0,Finished,1,0,12.0,0.0,1.0,3.0,,,Bahrain Grand Prix,27.0,3.5,3.0,1,0,2,2,0.0,,,,,,,,,,,1.0,
2024,3,SAI,Ferrari,1.0,25.0,Finished,1,0,19.0,1.0,1.0,6.0,1.0,3.0,Australian Grand Prix,44.0,1.5,1.0,2,0,2,2,49.0,4.25,24.5,0.0,1.0,4.25,24.5,0.0,,,,2.0,2.0
2024,4,SAI,Ferrari,3.0,15.0,Finished,1,0,12.0,0.0,1.0,3.0,1.0,4.5,Japanese Grand Prix,27.0,3.5,3.0,1,0,2,2,93.0,3.3333333333333335,31.0,0.0,1.0,3.3333333333333335,31.0,0.0,,,,2.0,1.0
2024,5,SAI,Ferrari,5.0,10.0,Finished,0,0,12.0,0.0,-1.0,-2.0,1.0,4.0,Chinese Grand Prix,22.0,4.5,4.0,0,0,2,2,120.0,3.375,30.0,0.0,1.0,3.375,30.0,0.0,,,,2.0,1.0
2024,6,SAI,Ferrari,5.0,10.0,Finished,0,0,15.0,1.0,-2.0,-5.0,0.5,2.5,Miami Grand Prix,25.0,4.0,3.0,1,0,2,2,142.0,3.6,28.4,0.0,1.0,3.6,28.4,0.0,,,,2.0,1.0
2024,7,SAI,Ferrari,5.0,10.0,Finished,0,0,15.0,1.0,-2.0,-5.0,0.0,1.0,Emilia Romagna Grand Prix,25.0,4.0,3.0,1,0,2,2,167.0,3.6666666666666665,27.833333333333332,0.0,1.0,3.6666666666666665,27.833333333333332,0.0,,,,2.0,2.0
2024,8,SAI,Ferrari,3.0,15.0,Finished,1,0,25.0,1.0,-2.0,-10.0,-0.3333333333333333,0.0,Monaco Grand Prix,40.0,2.0,1.0,2,0,2,2,192.0,3.7142857142857144,27.428571428571427,0.0,1.0,3.7142857142857144,27.428571428571427,0.0,,,,2.0,1.0
2024,9,SAI,Ferrari,16.0,0.0,Retired,0,1,0.0,0.0,3.0,0.0,-0.5714285714285714,-1.4285714285714286,Canadian Grand Prix,0.0,17.5,16.0,0,2,0,2,232.0,3.5,29.0,0.0,1.0,3.5,29.0,0.0,,,,2.0,1.0
2024,10,SAI,Ferrari,6.0,8.0,Finished,0,0,10.0,0.0,-1.0,-2.0,-0.125,-1.25,Spanish Grand Prix,18.0,5.5,5.0,0,0,2,2,232.0,5.055555555555555,25.77777777777778,0.2222222222222222,0.7777777777777778,5.055555555555555,25.77777777777778,0.2222222222222222,,,,2.0,2.0
2024,11,SAI,Ferrari,3.0,15.0,Finished,1,0,0.0,0.0,8.0,15.0,-0.2222222222222222,-1.3333333333333333,Austrian Grand Prix,15.0,7.0,3.0,1,0,2,2,250.0,5.1,25.0,0.2,0.8,5.1,25.0,0.2,,,,2.0,2.0
2024,12,SAI,Ferrari,5.0,11.0,Finished,0,0,0.0,0.0,9.0,11.0,0.6,0.3,British Grand Prix,11.0,9.5,5.0,0,0,2,2,265.0,5.2727272727272725,24.09090909090909,0.18181818181818182,0.8181818181818181,5.2727272727272725,24.09090909090909,0.18181818181818182,,,,2.0,1.0
2024,13,SAI,Ferrari,6.0,8.0,Finished,0,0,12.0,0.0,-2.0,-4.0,1.3636363636363635,1.2727272727272727,Hungarian Grand Prix,20.0,5.0,4.0,0,0,2,2,276.0,5.625,23.0,0.16666666666666666,0.8333333333333334,5.625,23.0,0.16666666666666666,,,,2.0,2.0
2024,14,SAI,Ferrari,6.0,8.0,Finished,0,0,15.0,1.0,-3.0,-7.0,1.0833333333333333,0.8333333333333334,Belgian Grand Prix,23.0,4.5,3.0,1,0,2,2,296.0,5.576923076923077,22.76923076923077,0.15384615384615385,0.8461538461538461,5.576923076923077,22.76923076923077,0.15384615384615385,,,,3.0,2.0
2024,15,SAI,Ferrari,5.0,10.0,Finished,0,0,15.0,1.0,-2.0,-5.0,0.7692307692307693,0.23076923076923078,Dutch Grand Prix,25.0,4.0,3.0,1,0,2,2,319.0,5.5,22.785714285714285,0.14285714285714285,0.8571428571428572,5.5,22.785714285714285,0.14285714285714285,,,,3.0,2.0
2024,16,SAI,Ferrari,4.0,12.0,Finished,0,0,25.0,1.0,-3.0,-13.0,0.5714285714285714,-0.14285714285714285,Italian Grand Prix,37.0,2.5,1.0,1,0,2,2,344.0,5.4,22.933333333333334,0.13333333333333333,0.8666666666666667,5.4,22.933333333333334,0.13333333333333333,,,,3.0,2.0
2024,17,SAI,Ferrari,18.0,0.0,Retired,0,1,18.0,1.0,-16.0,-18.0,0.3333333333333333,-1.0,Azerbaijan Grand Prix,18.0,10.0,2.0,1,1,1,2,381.0,5.21875,23.8125,0.125,0.875,5.333333333333333,23.6,0.13333333333333333,,,,3.0,2.0
2024,18,SAI,Ferrari,7.0,6.0,Finished,0,0,10.0,0.0,-2.0,-4.0,-0.8,-2.4,Singapore Grand Prix,16.0,6.0,5.0,0,0,2,2,399.0,5.5,23.470588235294116,0.17647058823529413,0.8235294117647058,5.666666666666667,23.333333333333332,0.2,,,,3.0,2.0
2024,19,SAI,Ferrari,2.0,18.0,Finished,1,0,25.0,1.0,-1.0,-7.0,-1.0,-3.066666666666667,United States Grand Prix,43.0,1.5,1.0,2,0,2,2,415.0,5.527777777777778,23.055555555555557,0.16666666666666666,0.8333333333333334,5.966666666666667,21.466666666666665,0.2,,,,3.0,2.0
2024,20,SAI,Ferrari,1.0,25.0,Finished,1,0,16.0,1.0,2.0,9.0,-1.1333333333333333,-3.7333333333333334,Mexico City Grand Prix,41.0,2.0,1.0,2,0,2,2,458.0,5.315789473684211,24.105263157894736,0.15789473684210525,0.8421052631578947,5.833333333333333,22.533333333333335,0.2,,,,3.0,2.0
2024,21,SAI,Ferrari,16.0,0.0,Retired,0,1,10.0,0.0,-11.0,-10.0,-0.9333333333333333,-3.0,São Paulo Grand Prix,10.0,10.5,5.0,0,1,1,2,499.0,5.15,24.95,0.15,0.85,5.666666666666667,23.8,0.2,,,,2.0,2.0
2024,22,SAI,Ferrari,3.0,15.0,Finished,1,0,12.0,0.0,1.0,3.0,-1.5333333333333334,-3.3333333333333335,Las Vegas Grand Prix,27.0,3.5,3.0,1,0,2,2,509.0,5.404761904761905,24.238095238095237,0.19047619047619047,0.8095238095238095,6.1,22.8,0.26666666666666666,,,,2.0,2.0
2024,23,SAI,Ferrari,6.0,8.0,Finished,0,0,18.0,1.0,-4.0,-10.0,-1.3333333333333333,-2.8,Qatar Grand Prix,26.0,4.0,2.0,1,0,2,2,536.0,5.318181818181818,24.363636363636363,0.18181818181818182,0.8181818181818181,6.066666666666666,22.933333333333334,0.26666666666666666,,,,2.0,2.0
2024,24,SAI,Ferrari,2.0,18.0,Finished,1,0,15.0,1.0,1.0,3.0,-1.4666666666666666,-2.8,Abu Dhabi Grand Prix,33.0,2.5,2.0,2,0,2,2,562.0,5.260869565217392,24.434782608695652,0.17391304347826086,0.8260869565217391,6.2,22.0,0.26666666666666666,,,,2.0,2.0
2025,1,SAI,Williams,18.0,0.0,Retired,0,1,10.0,0.0,-13.0,-10.0,-1.6,-2.6,Australian Grand Prix,10.0,11.5,5.0,0,1,1,2,0.0,,,,,,,,11.0,0.0,0.0,1.0,
2025,2,SAI,Williams,10.0,1.0,Finished,0,0,6.0,0.0,-3.0,-5.0,-2.4,-3.1333333333333333,Chinese Grand Prix,7.0,8.5,7.0,0,0,2,2,10.0,11.5,10.0,1.0,0.0,11.5,10.0,1.0,14.5,0.0,0.0,4.0,5.0
2025,3,SAI,Williams,14.0,0.0,Finished,0,0,2.0,0.0,-5.0,-2.0,-3.1333333333333333,-4.466666666666667,Japanese Grand Prix,2.0,11.5,9.0,0,0,2,2,17.0,10.0,8.5,0.5,0.5,10.0,8.5,0.5,18.5,0.0,0.0,4.0,4.0
2025,4,SAI,Williams,19.0,0.0,Retired,0,1,0.0,0.0,-7.0,0.0,-4.066666666666666,-5.333333333333333,Bahrain Grand Prix,0.0,15.5,12.0,0,1,1,2,19.0,10.5,6.333333333333333,0.3333333333333333,0.6666666666666667,10.5,6.333333333333333,0.3333333333333333,17.5,0.0,0.0,5.0,4.0
2025,5,SAI,Williams,8.0,4.0,Finished,0,0,2.0,0.0,1.0,2.0,-4.4,-5.066666666666666,Saudi Arabian Grand Prix,6.0,8.5,8.0,0,0,2,2,19.0,11.75,4.75,0.5,0.5,11.75,4.75,0.5,12.5,0.0,0.0,6.0,6.0
2025,6,SAI,Williams,9.0,2.0,Finished,0,0,10.0,0.0,-4.0,-8.0,-4.133333333333334,-4.466666666666667,Miami Grand Prix,12.0,7.0,5.0,0,0,2,2,25.0,11.1,5.0,0.4,0.6,11.1,5.0,0.4,19.0,0.0,0.0,5.0,5.0
2025,7,SAI,Williams,8.0,4.0,Finished,0,0,10.0,0.0,-3.0,-6.0,-4.266666666666667,-4.666666666666667,Emilia Romagna Grand Prix,14.0,6.5,5.0,0,0,2,2,37.0,10.416666666666666,6.166666666666667,0.3333333333333333,0.6666666666666667,10.416666666666666,6.166666666666667,0.3333333333333333,18.5,0.0,0.0,5.0,5.0
2025,8,SAI,Williams,10.0,1.0,Lapped,0,1,2.0,0.0,-1.0,-1.0,-4.266666666666667,-4.2,Monaco Grand Prix,3.0,9.5,9.0,0,0,2,2,51.0,9.857142857142858,7.285714285714286,0.2857142857142857,0.7142857142857143,9.857142857142858,7.285714285714286,0.2857142857142857,12.0,2.0,0.0,5.0,5.0
2025,9,SAI,Williams,14.0,0.0,Finished,0,0,0.0,0.0,5.0,0.0,-3.2666666666666666,-3.066666666666667,Spanish Grand Prix,0.0,16.5,14.0,0,1,1,2,54.0,9.8125,6.75,0.25,0.75,9.8125,6.75,0.25,19.0,0.0,0.0,5.0,5.0
2024,1,SAR,Williams,20.0,0.0,Lapped,0,1,0.0,0.0,-5.0,0.0,,,Bahrain Grand Prix,0.0,17.5,15.0,0,0,2,2,0.0,,,,,,,,,,,1.0,
2024,2,SAR,Williams,14.0,0.0,Lapped,0,1,0.0,0.0,-3.0,0.0,-5.0,0.0,Saudi Arabian Grand Prix,0.0,12.5,11.0,0,0,2,2,0.0,17.5,0.0,0.0,1.0,17.5,0.0,0.0,,,,6.0,9.0
2024,4,SAR,Williams,17.0,0.0,Lapped,0,1,0.0,0.0,3.0,0.0,-4.0,0.0,Japanese Grand Prix,0.0,18.5,17.0,0,1,1,2,0.0,13.666666666666666,0.0,0.0,1.0,13.666666666666666,0.0,0.0,,,,8.0,8.0
2024,5,SAR,Williams,17.0,0.0,Finished,0,0,0.0,0.0,-5.0,0.0,-1.6666666666666667,0.0,Chinese Grand Prix,0.0,14.5,12.0,0,0,2,2,0.0,14.875,0.0,0.25,0.75,14.875,0.0,0.25,,,,8.0,8.0
2024,6,SAR,Williams,20.0,0.0,Retired,0,1,0.0,0.0,-2.0,0.0,-2.5,0.0,Miami Grand Prix,0.0,19.0,18.0,0,1,1,2,0.0,14.8,0.0,0.2,0.8,14.8,0.0,0.2,,,,8.0,8.0
2024,7,SAR,Williams,17.0,0.0,Lapped,0,1,0.0,0.0,3.0,0.0,-2.4,0.0,Emilia Romagna Grand Prix,0.0,18.5,17.0,0,1,1,2,0.0,15.5,0.0,0.3333333333333333,0.6666666666666667,15.5,0.0,0.3333333333333333,,,,9.0,9.0
2024,8,SAR,Williams,15.0,0.0,Lapped,0,1,2.0,0.0,-6.0,-2.0,-1.5,0.0,Monaco Grand Prix,2.0,12.0,9.0,0,0,2,2,0.0,15.928571428571429,0.0,0.42857142857142855,0.5714285714285714,15.928571428571429,0.0,0.42857142857142855,,,,9.0,9.0
2024,9,SAR,Williams,20.0,0.0,Retired,0,1,0.0,0.0,-3.0,0.0,-2.142857142857143,-0.2857142857142857,Canadian Grand Prix,0.0,18.5,17.0,0,2,0,2,2.0,15.4375,0.25,0.375,0.625,15.4375,0.25,0.375,,,,8.0,9.0
2024,10,SAR,Williams,20.0,0.0,Lapped,0,1,0.0,0.0,-2.0,0.0,-2.25,-0.25,Spanish Grand Prix,0.0,19.0,18.0,0,0,2,2,2.0,15.777777777777779,0.2222222222222222,0.5555555555555556,0.4444444444444444,15.777777777777779,0.2222222222222222,0.5555555555555556,,,,9.0,10.0
2024,11,SAR,Williams,19.0,0.0,Lapped,0,1,0.0,0.0,-4.0,0.0,-2.2222222222222223,-0.2222222222222222,Austrian Grand Prix,0.0,17.0,15.0,0,0,2,2,2.0,16.1,0.2,0.5,0.5,16.1,0.2,0.5,,,,9.0,10.0
2024,12,SAR,Williams,11.0,0.0,Finished,0,0,2.0,0.0,-2.0,-2.0,-2.4,-0.2,British Grand Prix,2.0,10.0,9.0,0,0,2,2,2.0,16.181818181818183,0.18181818181818182,0.45454545454545453,0.5454545454545454,16.181818181818183,0.18181818181818182,0.45454545454545453,,,,9.0,10.0
2024,13,SAR,Williams,17.0,0.0,Lapped,0,1,0.0,0.0,-3.0,0.0,-2.3636363636363638,-0.36363636363636365,Hungarian Grand Prix,0.0,15.5,14.0,0,0,2,2,4.0,15.666666666666666,0.3333333333333333,0.4166666666666667,0.5833333333333333,15.666666666666666,0.3333333333333333,0.4166666666666667,,,,9.0,10.0
2024,14,SAR,Williams,17.0,0.0,Finished,0,0,0.0,0.0,-5.0,0.0,-2.4166666666666665,-0.3333333333333333,Belgian Grand Prix,0.0,14.5,12.0,0,0,2,2,4.0,15.653846153846153,0.3076923076923077,0.38461538461538464,0.6153846153846154,15.653846153846153,0.3076923076923077,0.38461538461538464,,,,9.0,9.0
2024,15,SAR,Williams,16.0,0.0,Lapped,0,1,0.0,0.0,-2.0,0.0,-2.6153846153846154,-0.3076923076923077,Dutch Grand Prix,0.0,15.0,14.0,0,0,2,2,4.0,15.571428571428571,0.2857142857142857,0.35714285714285715,0.6428571428571428,15.571428571428571,0.2857142857142857,0.35714285714285715,,,,9.0,9.0
2024,1,STR,Aston Martin,10.0,1.0,Finished,0,0,2.0,0.0,-1.0,-1.0,,,Bahrain Grand Prix,3.0,9.5,9.0,0,0,2,2,0.0,,,,,,,,,,,1.0,
2024,2,STR,Aston Martin,19.0,0.0,Retired,0,1,10.0,0.0,-14.0,-10.0,-1.0,-1.0,Saudi Arabian Grand Prix,10.0,12.0,5.0,0,1,1,2,3.0,9.5,3.0,0.0,1.0,9.5,3.0,0.0,,,,5.0,5.0
2024,3,STR,Aston Martin,6.0,8.0,Finished,0,0,4.0,0.0,2.0,4.0,-7.5,-5.5,Australian Grand Prix,12.0,7.0,6.0,0,0,2,2,13.0,10.75,6.5,0.5,0.5,10.75,6.5,0.5,,,,5.0,5.0
2024,4,STR,Aston Martin,12.0,0.0,Lapped,0,1,8.0,0.0,-6.0,-8.0,-4.333333333333333,-2.3333333333333335,Japanese Grand Prix,8.0,9.0,6.0,0,0,2,2,25.0,9.5,8.333333333333334,0.3333333333333333,0.6666666666666667,9.5,8.333333333333334,0.3333333333333333,,,,5.0,4.0
2024,5,STR,Aston Martin,15.0,0.0,Finished,0,0,7.0,0.0,-8.0,-7.0,-4.75,-3.75,Chinese Grand Prix,7.0,11.0,7.0,0,0,2,2,33.0,9.375,8.25,0.25,0.75,9.375,8.25,0.25,,,,5.0,4.0
2024,6,STR,Aston Martin,17.0,0.0,Finished,0,0,2.0,0.0,-8.0,-2.0,-5.4,-4.4,Miami Grand Prix,2.0,13.0,9.0,0,0,2,2,40.0,9.7,8.0,0.2,0.8,9.7,8.0,0.2,,,,5.0,5.0
2024,7,STR,Aston Martin,9.0,2.0,Finished,0,0,0.0,0.0,10.0,2.0,-5.833333333333333,-4.0,Emilia Romagna Grand Prix,2.0,14.0,9.0,0,0,2,2,42.0,10.25,7.0,0.16666666666666666,0.8333333333333334,10.25,7.0,0.16666666666666666,,,,5.0,5.0
2024,8,STR,Aston Martin,14.0,0.0,Lapped,0,1,0.0,0.0,-3.0,0.0,-3.5714285714285716,-3.142857142857143,Monaco Grand Prix,0.0,12.5,11.0,0,0,2,2,44.0,10.785714285714286,6.285714285714286,0.14285714285714285,0.8571428571428572,10.785714285714286,6.285714285714286,0.14285714285714285,,,,5.0,5.0
2024,9,STR,Aston Martin,7.0,6.0,Finished,0,0,8.0,0.0,-1.0,-2.0,-3.5,-2.75,Canadian Grand Prix,14.0,6.5,6.0,0,0,2,2,44.0,11.0,5.5,0.125,0.875,11.0,5.5,0.125,,,,5.0,5.0
2024,10,STR,Aston Martin,14.0,0.0,Lapped,0,1,0.0,0.0,-2.0,0.0,-3.2222222222222223,-2.6666666666666665,Spanish Grand Prix,0.0,13.0,12.0,0,0,2,2,58.0,10.5,6.444444444444445,0.1111111111111111,0.8888888888888888,10.5,6.444444444444445,0.1111111111111111,,,,5.0,5.0
2024,11,STR,Aston Martin,13.0,0.0,Lapped,0,1,0.0,0.0,5.0,0.0,-3.1,-2.4,Austrian Grand Prix,0.0,15.5,13.0,0,0,2,2,58.0,10.75,5.8,0.1,0.9,10.75,5.8,0.1,,,,5.0,5.0
2024,12,STR,Aston Martin,7.0,6.0,Finished,0,0,4.0,0.0,1.0,2.0,-2.3636363636363638,-2.1818181818181817,British Grand Prix,10.0,7.5,7.0,0,0,2,2,58.0,11.181818181818182,5.2727272727272725,0.09090909090909091,0.9090909090909091,11.181818181818182,5.2727272727272725,0.09090909090909091,,,,5.0,5.0
2024,13,STR,Aston Martin,10.0,1.0,Finished,0,0,0.0,0.0,1.0,1.0,-2.0833333333333335,-1.8333333333333333,Hungarian Grand Prix,1.0,10.5,10.0,0,0,2,2,68.0,10.875,5.666666666666667,0.08333333333333333,0.9166666666666666,10.875,5.666666666666667,0.08333333333333333,,,,5.0,5.0
2024,14,STR,Aston Martin,11.0,0.0,Finished,0,0,4.0,0.0,-3.0,-4.0,-1.8461538461538463,-1.6153846153846154,Belgian Grand Prix,4.0,9.5,8.0,0,0,2,2,69.0,10.846153846153847,5.3076923076923075,0.07692307692307693,0.9230769230769231,10.846153846153847,5.3076923076923075,0.07692307692307693,,,,5.0,5.0
2024,15,STR,Aston Martin,13.0,0.0,Lapped,0,1,1.0,0.0,-3.0,-1.0,-1.9285714285714286,-1.7857142857142858,Dutch Grand Prix,1.0,11.5,10.0,0,0,2,2,73.0,10.75,5.214285714285714,0.07142857142857142,0.9285714285714286,10.75,5.214285714285714,0.07142857142857142,,,,5.0,5.0
2024,16,STR,Aston Martin,19.0,0.0,Lapped,0,1,0.0,0.0,-8.0,0.0,-2.0,-1.7333333333333334,Italian Grand Prix,0.0,15.0,11.0,0,0,2,2,74.0,10.8,4.933333333333334,0.06666666666666667,0.9333333333333333,10.8,4.933333333333334,0.06666666666666667,,,,5.0,5.0
2024,17,STR,Aston Martin,19.0,0.0,Retired,0,1,8.0,0.0,-13.0,-8.0,-2.466666666666667,-1.6666666666666667,Azerbaijan Grand Prix,8.0,12.5,6.0,0,1,1,2,74.0,11.0625,4.625,0.0625,0.9375,11.166666666666666,4.733333333333333,0.06666666666666667,,,,5.0,5.0
2024,18,STR,Aston Martin,14.0,0.0,Lapped,0,1,4.0,0.0,-6.0,-4.0,-2.4,-1.5333333333333334,Singapore Grand Prix,4.0,11.0,8.0,0,0,2,2,82.0,11.147058823529411,4.823529411764706,0.11764705882352941,0.8823529411764706,11.2,4.6,0.06666666666666667,,,,5.0,5.0
2024,19,STR,Aston Martin,15.0,0.0,Lapped,0,1,0.0,0.0,-2.0,0.0,-2.933333333333333,-2.066666666666667,United States Grand Prix,0.0,14.0,13.0,0,0,2,2,86.0,11.13888888888889,4.777777777777778,0.1111111111111111,0.8888888888888888,11.466666666666667,4.066666666666666,0.06666666666666667,,,,5.0,5.0
2024,20,STR,Aston Martin,11.0,0.0,Lapped,0,1,0.0,0.0,7.0,0.0,-2.6666666666666665,-1.5333333333333334,Mexico City Grand Prix,0.0,14.5,11.0,0,1,1,2,86.0,11.289473684210526,4.526315789473684,0.10526315789473684,0.8947368421052632,11.8,3.533333333333333,0.06666666666666667,,,,5.0,5.0
2024,21,STR,Aston Martin,19.0,0.0,Did not start,0,1,0.0,0.0,-5.0,0.0,-1.6666666666666667,-1.0666666666666667,São Paulo Grand Prix,0.0,16.5,14.0,0,1,1,2,86.0,11.45,4.3,0.15,0.85,12.033333333333333,3.066666666666667,0.13333333333333333,,,,5.0,5.0
2024,22,STR,Aston Martin,15.0,0.0,Finished,0,0,0.0,0.0,-4.0,0.0,-1.4666666666666666,-0.9333333333333333,Las Vegas Grand Prix,0.0,13.0,11.0,0,0,2,2,86.0,11.69047619047619,4.095238095238095,0.19047619047619047,0.8095238095238095,12.266666666666667,2.933333333333333,0.2,,,,5.0,5.0
2024,23,STR,Aston Martin,18.0,0.0,Retired,0,1,6.0,0.0,-11.0,-6.0,-2.4,-1.0666666666666667,Qatar Grand Prix,6.0,12.5,7.0,0,1,1,2,86.0,11.75,3.909090909090909,0.18181818181818182,0.8181818181818181,12.2,2.8,0.2,,,,5.0,5.0
2024,24,STR,Aston Martin,14.0,0.0,Lapped,0,1,2.0,0.0,-5.0,-2.0,-2.933333333333333,-1.4666666666666666,Abu Dhabi Grand Prix,2.0,11.5,9.0,0,0,2,2,92.0,11.782608695652174,4.0,0.21739130434782608,0.782608695652174,12.2,3.2,0.26666666666666666,,,,5.0,5.0
2025,1,STR,Aston Martin,6.0,8.0,Finished,0,0,0.0,0.0,11.0,8.0,-3.2,-1.4666666666666666,Australian Grand Prix,8.0,11.5,6.0,0,1,1,2,0.0,,,,,,,,7.0,12.0,0.0,1.0,
2025,2,STR,Aston Martin,9.0,2.0,Finished,0,0,0.0,0.0,8.0,2.0,-2.3333333333333335,-0.9333333333333333,Chinese Grand Prix,2.0,13.0,9.0,0,1,1,2,8.0,11.5,8.0,1.0,0.0,11.5,8.0,1.0,11.0,7.0,0.0,5.0,5.0
2025,3,STR,Aston Martin,20.0,0.0,Lapped,0,1,0.0,0.0,-9.0,0.0,-2.1333333333333333,-0.8,Japanese Grand Prix,0.0,15.5,11.0,0,0,2,2,10.0,12.25,5.0,1.0,0.0,12.25,5.0,1.0,9.0,8.0,0.0,6.0,6.0
2025,4,STR,Aston Martin,17.0,0.0,Finished,0,0,0.0,0.0,-2.0,0.0,-2.8,-0.9333333333333333,Bahrain Grand Prix,0.0,16.0,15.0,0,0,2,2,10.0,13.333333333333334,3.3333333333333335,0.6666666666666666,0.33333333333333337,13.333333333333334,3.3333333333333335,0.6666666666666666,9.5,3.0,0.0,7.0,7.0
2025,5,STR,Aston Martin,16.0,0.0,Lapped,0,1,0.0,0.0,-5.0,0.0,-3.0,-1.0,Saudi Arabian Grand Prix,0.0,13.5,11.0,0,0,2,2,10.0,14.0,2.5,0.5,0.5,14.0,2.5,0.5,12.0,10.0,0.0,7.0,7.0
2025,6,STR,Aston Martin,16.0,0.0,Lapped,0,1,0.0,0.0,-1.0,0.0,-3.1333333333333333,-0.7333333333333333,Miami Grand Prix,0.0,15.5,15.0,0,0,2,2,10.0,13.9,2.0,0.4,0.6,13.9,2.0,0.4,13.0,2.0,0.0,7.0,8.0
2025,7,STR,Aston Martin,15.0,0.0,Finished,0,0,0.0,0.0,-4.0,0.0,-3.0,-0.6666666666666666,Emilia Romagna Grand Prix,0.0,13.0,11.0,0,0,2,2,10.0,14.166666666666666,1.6666666666666667,0.3333333333333333,0.6666666666666667,14.166666666666666,1.6666666666666667,0.3333333333333333,14.0,2.0,0.0,7.0,8.0
2025,8,STR,Aston Martin,15.0,0.0,Lapped,0,1,0.0,0.0,4.0,0.0,-2.7333333333333334,-0.6666666666666666,Monaco Grand Prix,0.0,17.0,15.0,0,1,1,2,10.0,14.0,1.4285714285714286,0.2857142857142857,0.7142857142857143,14.0,1.4285714285714286,0.2857142857142857,12.5,0.0,0.0,7.0,8.0
2024,1,TSU,RB,14.0,0.0,Lapped,0,1,0.0,0.0,-1.0,0.0,,,Bahrain Grand Prix,0.0,13.5,13.0,0,0,2,2,0.0,,,,,,,,,,,1.0,
2024,2,TSU,RB,15.0,0.0,Lapped,0,1,0.0,0.0,1.0,0.0,-1.0,0.0,Saudi Arabian Grand Prix,0.0,15.5,15.0,0,0,2,2,0.0,13.5,0.0,0.0,1.0,13.5,0.0,0.0,,,,6.0,6.0
2024,3,TSU,RB,7.0,6.0,Finished,0,0,0.0,0.0,5.0,6.0,0.0,0.0,Australian Grand Prix,6.0,9.5,7.0,0,0,2,2,0.0,14.5,0.0,0.0,1.0,14.5,0.0,0.0,,,,7.0,7.0
2024,4,TSU,RB,10.0,1.0,Lapped,0,1,0.0,0.0,9.0,1.0,1.6666666666666667,2.0,Japanese Grand Prix,1.0,14.5,10.0,0,1,1,2,6.0,12.833333333333334,2.0,0.0,1.0,12.833333333333334,2.0,0.0,,,,6.0,7.0
2024,5,TSU,RB,19.0,0.0,Retired,0,1,0.0,0.0,-1.0,0.0,3.5,1.75,Chinese Grand Prix,0.0,18.5,18.0,0,2,0,2,7.0,13.25,1.75,0.25,0.75,13.25,1.75,0.25,,,,6.0,7.0
2024,6,TSU,RB,7.0,6.0,Finished,0,0,0.0,0.0,8.0,6.0,2.6,1.4,Miami Grand Prix,6.0,11.0,7.0,0,0,2,2,7.0,14.3,1.4,0.6,0.4,14.3,1.4,0.6,,,,6.0,7.0
2024,7,TSU,RB,10.0,1.0,Lapped,0,1,0.0,0.0,3.0,1.0,3.5,2.1666666666666665,Emilia Romagna Grand Prix,1.0,11.5,10.0,0,0,2,2,13.0,13.75,2.1666666666666665,0.5,0.5,13.75,2.1666666666666665,0.5,,,,6.0,7.0
2024,8,TSU,RB,8.0,4.0,Lapped,0,1,0.0,0.0,4.0,4.0,3.4285714285714284,2.0,Monaco Grand Prix,4.0,10.0,8.0,0,0,2,2,14.0,13.428571428571429,2.0,0.42857142857142855,0.5714285714285714,13.428571428571429,2.0,0.42857142857142855,,,,6.0,7.0
2024,9,TSU,RB,14.0,0.0,Finished,0,0,4.0,0.0,-6.0,-4.0,3.5,2.25,Canadian Grand Prix,4.0,11.0,8.0,0,0,2,2,18.0,13.0,2.25,0.375,0.625,13.0,2.25,0.375,,,,6.0,6.0
2024,10,TSU,RB,19.0,0.0,Lapped,0,1,0.0,0.0,-4.0,0.0,2.4444444444444446,1.5555555555555556,Spanish Grand Prix,0.0,17.0,15.0,0,0,2,2,22.0,12.777777777777779,2.4444444444444446,0.3333333333333333,0.6666666666666667,12.777777777777779,2.4444444444444446,0.3333333333333333,,,,6.0,6.0
2024,11,TSU,RB,14.0,0.0,Lapped,0,1,2.0,0.0,-5.0,-2.0,1.8,1.4,Austrian Grand Prix,2.0,11.5,9.0,0,0,2,2,22.0,13.2,2.2,0.3,0.7,13.2,2.2,0.3,,,,6.0,7.0
2024,12,TSU,RB,10.0,1.0,Finished,0,0,0.0,0.0,3.0,1.0,1.1818181818181819,1.0909090909090908,British Grand Prix,1.0,11.5,10.0,0,0,2,2,24.0,13.045454545454545,2.1818181818181817,0.2727272727272727,0.7272727272727273,13.045454545454545,2.1818181818181817,0.2727272727272727,,,,6.0,7.0
2024,13,TSU,RB,9.0,2.0,Finished,0,0,0.0,0.0,3.0,2.0,1.3333333333333333,1.0833333333333333,Hungarian Grand Prix,2.0,10.5,9.0,0,0,2,2,25.0,12.916666666666666,2.0833333333333335,0.25,0.75,12.916666666666666,2.0833333333333335,0.25,,,,6.0,7.0
2024,14,TSU,RB,16.0,0.0,Finished,0,0,1.0,0.0,-6.0,-1.0,1.4615384615384615,1.1538461538461537,Belgian Grand Prix,1.0,13.0,10.0,0,0,2,2,27.0,12.73076923076923,2.076923076923077,0.23076923076923078,0.7692307692307692,12.73076923076923,2.076923076923077,0.23076923076923078,,,,6.0,7.0
2024,15,TSU,RB,17.0,0.0,Lapped,0,1,0.0,0.0,-5.0,0.0,0.9285714285714286,1.0,Dutch Grand Prix,0.0,14.5,12.0,0,0,2,2,28.0,12.75,2.0,0.21428571428571427,0.7857142857142857,12.75,2.0,0.21428571428571427,,,,6.0,7.0
2024,16,TSU,RB,20.0,0.0,Retired,0,1,0.0,0.0,-7.0,0.0,0.5333333333333333,0.9333333333333333,Italian Grand Prix,0.0,16.5,13.0,0,1,1,2,28.0,12.866666666666667,1.8666666666666667,0.2,0.8,12.866666666666667,1.8666666666666667,0.2,,,,6.0,7.0
2024,17,TSU,RB,20.0,0.0,Retired,0,1,0.0,0.0,-7.0,0.0,0.13333333333333333,0.9333333333333333,Azerbaijan Grand Prix,0.0,16.5,13.0,0,1,1,2,28.0,13.09375,1.75,0.25,0.75,13.066666666666666,1.8666666666666667,0.26666666666666666,,,,6.0,7.0
2024,18,TSU,RB,12.0,0.0,Lapped,0,1,0.0,0.0,6.0,0.0,-0.4,0.9333333333333333,Singapore Grand Prix,0.0,15.0,12.0,0,0,2,2,28.0,13.294117647058824,1.6470588235294117,0.29411764705882354,0.7058823529411764,13.133333333333333,1.8666666666666667,0.3333333333333333,,,,6.0,7.0
2024,19,TSU,RB,14.0,0.0,Lapped,0,1,2.0,0.0,-5.0,-2.0,-0.3333333333333333,0.5333333333333333,United States Grand Prix,2.0,11.5,9.0,0,0,2,2,28.0,13.38888888888889,1.5555555555555556,0.2777777777777778,0.7222222222222222,13.5,1.4666666666666666,0.3333333333333333,,,,7.0,7.0
2024,20,TSU,RB,20.0,0.0,Retired,0,1,0.0,0.0,-4.0,0.0,-1.2666666666666666,0.3333333333333333,Mexico City Grand Prix,0.0,18.0,16.0,0,1,1,2,30.0,13.289473684210526,1.5789473684210527,0.2631578947368421,0.736842105263158,13.3,1.5333333333333334,0.26666666666666666,,,,7.0,7.0
2024,21,TSU,RB,7.0,6.0,Finished,0,0,2.0,0.0,2.0,4.0,-1.4666666666666666,0.3333333333333333,São Paulo Grand Prix,8.0,8.0,7.0,0,0,2,2,30.0,13.525,1.5,0.3,0.7,13.266666666666667,1.5333333333333334,0.2,,,,7.0,7.0
2024,22,TSU,RB,9.0,2.0,Finished,0,0,0.0,0.0,7.0,2.0,-1.8666666666666667,0.2,Las Vegas Grand Prix,2.0,12.5,9.0,0,0,2,2,38.0,13.261904761904763,1.8095238095238095,0.2857142857142857,0.7142857142857143,13.066666666666666,1.6666666666666667,0.2,,,,8.0,8.0
2024,23,TSU,RB,13.0,0.0,Finished,0,0,0.0,0.0,1.0,0.0,-1.6,0.26666666666666666,Qatar Grand Prix,0.0,13.5,13.0,0,0,2,2,40.0,13.227272727272727,1.8181818181818181,0.2727272727272727,0.7272727272727273,13.133333333333333,1.7333333333333334,0.2,,,,8.0,7.0
2024,24,TSU,RB,12.0,0.0,Lapped,0,1,0.0,0.0,5.0,0.0,-1.8,0.0,Abu Dhabi Grand Prix,0.0,14.5,12.0,0,1,1,2,40.0,13.23913043478261,1.7391304347826086,0.2608695652173913,0.7391304347826086,13.366666666666667,1.4666666666666666,0.2,,,,8.0,7.0
2025,1,TSU,Racing Bulls,12.0,0.0,Finished,0,0,0.0,0.0,8.0,0.0,-1.0666666666666667,0.26666666666666666,Australian Grand Prix,0.0,16.0,12.0,0,1,1,2,0.0,,,,,,,,,,,1.0,
2025,2,TSU,Racing Bulls,16.0,0.0,Lapped,0,1,0.0,0.0,-5.0,0.0,-0.26666666666666666,0.26666666666666666,Chinese Grand Prix,0.0,13.5,11.0,0,0,2,2,0.0,16.0,0.0,1.0,0.0,16.0,0.0,1.0,,,,8.0,10.0
2025,3,TSU,Red Bull Racing,12.0,0.0,Finished,0,0,25.0,1.0,-11.0,-25.0,-0.26666666666666666,0.4,Japanese Grand Prix,25.0,6.5,1.0,1,0,2,2,30.0,8.25,15.0,0.5,0.5,8.25,15.0,0.5,1.5,44.0,2.0,3.0,3.0
2025,4,TSU,Red Bull Racing,9.0,2.0,Finished,0,0,8.0,0.0,-3.0,-6.0,-1.2,-1.3333333333333333,Bahrain Grand Prix,10.0,7.5,6.0,0,0,2,2,55.0,7.666666666666667,18.333333333333332,0.3333333333333333,0.6666666666666667,7.666666666666667,18.333333333333332,0.3333333333333333,1.5,44.0,2.0,3.0,3.0
2025,5,TSU,Red Bull Racing,19.0,0.0,Retired,0,1,18.0,1.0,-17.0,-18.0,-1.6,-1.8666666666666667,Saudi Arabian Grand Prix,18.0,10.5,2.0,1,1,1,2,65.0,7.625,16.25,0.25,0.75,7.625,16.25,0.25,1.5,43.0,2.0,3.0,3.0
2025,6,TSU,Red Bull Racing,10.0,1.0,Finished,0,0,12.0,0.0,-6.0,-11.0,-2.3333333333333335,-3.0,Miami Grand Prix,13.0,7.0,4.0,0,0,2,2,83.0,8.2,16.6,0.4,0.6,8.2,16.6,0.4,3.0,30.0,1.0,3.0,3.0
2025,7,TSU,Red Bull Racing,10.0,1.0,Finished,0,0,25.0,1.0,-9.0,-24.0,-2.4,-3.7333333333333334,Emilia Romagna Grand Prix,26.0,5.5,1.0,1,0,2,2,96.0,8.0,16.0,0.3333333333333333,0.6666666666666667,8.0,16.0,0.3333333333333333,4.5,29.0,1.0,3.0,3.0
2025,8,TSU,Red Bull Racing,17.0,0.0,Lapped,0,1,12.0,0.0,-13.0,-12.0,-2.533333333333333,-5.333333333333333,Monaco Grand Prix,12.0,10.5,4.0,0,0,2,2,122.0,7.642857142857143,17.428571428571427,0.2857142857142857,0.7142857142857143,7.642857142857143,17.428571428571427,0.2857142857142857,12.0,8.0,0.0,3.0,3.0
2025,9,TSU,Red Bull Racing,13.0,0.0,Finished,0,0,1.0,0.0,-3.0,-1.0,-2.933333333333333,-6.133333333333334,Spanish Grand Prix,1.0,11.5,10.0,0,0,2,2,134.0,8.0,16.75,0.25,0.75,8.0,16.75,0.25,4.5,29.0,1.0,2.0,4.0
2024,1,VER,Red Bull Racing,1.0,26.0,Finished,1,0,18.0,1.0,1.0,8.0,,,Bahrain Grand Prix,44.0,1.5,1.0,2,0,2,2,0.0,,,,,,,,,,,1.0,
2024,2,VER,Red Bull Racing,1.0,25.0,Finished,1,0,18.0,1.0,1.0,7.0,1.0,8.0,Saudi Arabian Grand Prix,43.0,1.5,1.0,2,0,2,2,44.0,1.5,44.0,0.0,1.0,1.5,44.0,0.0,,,,1.0,1.0
2024,3,VER,Red Bull Racing,19.0,0.0,Retired,0,1,10.0,0.0,-14.0,-10.0,1.0,7.5,Australian Grand Prix,10.0,12.0,5.0,0,1,1,2,87.0,1.5,43.5,0.0,1.0,1.5,43.5,0.0,,,,1.0,1.0
2024,4,VER,Red Bull Racing,1.0,26.0,Finished,1,0,18.0,1.0,1.0,8.0,-4.0,1.6666666666666667,Japanese Grand Prix,44.0,1.5,1.0,2,0,2,2,97.0,5.0,32.333333333333336,0.3333333333333333,0.6666666666666667,5.0,32.333333333333336,0.3333333333333333,,,,1.0,2.0
2024,5,VER,Red Bull Racing,1.0,25.0,Finished,1,0,15.0,1.0,2.0,10.0,-2.75,3.25,Chinese Grand Prix,40.0,2.0,1.0,2,0,2,2,141.0,4.125,35.25,0.25,0.75,4.125,35.25,0.25,,,,1.0,2.0
2024,6,VER,Red Bull Racing,2.0,18.0,Finished,1,0,12.0,0.0,2.0,6.0,-1.8,4.6,Miami Grand Prix,30.0,3.0,2.0,1,0,2,2,181.0,3.7,36.2,0.2,0.8,3.7,36.2,0.2,,,,1.0,2.0
2024,7,VER,Red Bull Racing,1.0,25.0,Finished,1,0,4.0,0.0,7.0,21.0,-1.1666666666666667,4.833333333333333,Emilia Romagna Grand Prix,29.0,4.5,1.0,1,0,2,2,211.0,3.5833333333333335,35.166666666666664,0.16666666666666666,0.8333333333333334,3.5833333333333335,35.166666666666664,0.16666666666666666,,,,1.0,1.0
2024,8,VER,Red Bull Racing,6.0,8.0,Finished,0,0,0.0,0.0,12.0,8.0,0.0,7.142857142857143,Monaco Grand Prix,8.0,12.0,6.0,0,1,1,2,240.0,3.7142857142857144,34.285714285714285,0.14285714285714285,0.8571428571428572,3.7142857142857144,34.285714285714285,0.14285714285714285,,,,1.0,1.0
2024,9,VER,Red Bull Racing,1.0,25.0,Finished,1,0,0.0,0.0,17.0,25.0,1.5,7.25,Canadian Grand Prix,25.0,9.5,1.0,1,1,1,2,248.0,4.75,31.0,0.25,0.75,4.75,31.0,0.25,,,,1.0,2.0
2024,10,VER,Red Bull Racing,1.0,25.0,Finished,1,0,4.0,0.0,7.0,21.0,3.2222222222222223,9.222222222222221,Spanish Grand Prix,29.0,4.5,1.0,1,0,2,2,273.0,5.277777777777778,30.333333333333332,0.3333333333333333,0.6666666666666667,5.277777777777778,30.333333333333332,0.3333333333333333,,,,1.0,3.0
2024,11,VER,Red Bull Racing,5.0,10.0,Finished,0,0,6.0,0.0,2.0,4.0,3.6,10.4,Austrian Grand Prix,16.0,6.0,5.0,0,0,2,2,302.0,5.2,30.2,0.3,0.7,5.2,30.2,0.3,,,,1.0,3.0
2024,12,VER,Red Bull Racing,2.0,18.0,Finished,1,0,0.0,0.0,15.0,18.0,3.4545454545454546,9.818181818181818,British Grand Prix,18.0,9.5,2.0,1,0,2,2,318.0,5.2727272727272725,28.90909090909091,0.2727272727272727,0.7272727272727273,5.2727272727272725,28.90909090909091,0.2727272727272727,,,,1.0,1.0
2024,13,VER,Red Bull Racing,5.0,10.0,Finished,0,0,6.0,0.0,2.0,4.0,4.416666666666667,10.5,Hungarian Grand Prix,16.0,6.0,5.0,0,0,2,2,336.0,5.625,28.0,0.25,0.75,5.625,28.0,0.25,,,,1.0,2.0
2024,14,VER,Red Bull Racing,4.0,12.0,Finished,0,0,7.0,0.0,3.0,5.0,4.230769230769231,10.0,Belgian Grand Prix,19.0,5.5,4.0,0,0,2,2,352.0,5.653846153846154,27.076923076923077,0.23076923076923078,0.7692307692307692,5.653846153846154,27.076923076923077,0.23076923076923078,,,,1.0,3.0
2024,15,VER,Red Bull Racing,2.0,18.0,Finished,1,0,8.0,0.0,4.0,10.0,4.142857142857143,9.642857142857142,Dutch Grand Prix,26.0,4.0,2.0,1,0,2,2,371.0,5.642857142857143,26.5,0.21428571428571427,0.7857142857142857,5.642857142857143,26.5,0.21428571428571427,,,,1.0,3.0
2024,16,VER,Red Bull Racing,6.0,8.0,Finished,0,0,4.0,0.0,2.0,4.0,4.133333333333334,9.666666666666666,Italian Grand Prix,12.0,7.0,6.0,0,0,2,2,397.0,5.533333333333333,26.466666666666665,0.2,0.8,5.533333333333333,26.466666666666665,0.2,,,,1.0,3.0
2024,17,VER,Red Bull Racing,5.0,10.0,Finished,0,0,0.0,0.0,12.0,10.0,4.2,9.4,Azerbaijan Grand Prix,10.0,11.0,5.0,0,1,1,2,409.0,5.625,25.5625,0.1875,0.8125,5.9,24.333333333333332,0.2,,,,2.0,3.0
2024,18,VER,Red Bull Racing,2.0,18.0,Finished,1,0,1.0,0.0,8.0,17.0,4.933333333333334,9.6,Singapore Grand Prix,19.0,6.0,2.0,1,0,2,2,419.0,5.9411764705882355,24.647058823529413,0.23529411764705882,0.7647058823529411,6.533333333333333,22.133333333333333,0.26666666666666666,,,,2.0,3.0
2024,19,VER,Red Bull Racing,3.0,15.0,Finished,1,0,6.0,0.0,4.0,9.0,6.4,11.4,United States Grand Prix,21.0,5.0,3.0,1,0,2,2,438.0,5.944444444444445,24.333333333333332,0.2222222222222222,0.7777777777777778,6.133333333333334,22.733333333333334,0.2,,,,2.0,3.0
2024,20,VER,Red Bull Racing,6.0,8.0,Finished,0,0,0.0,0.0,11.0,8.0,6.6,11.466666666666667,Mexico City Grand Prix,8.0,11.5,6.0,0,0,2,2,459.0,5.894736842105263,24.157894736842106,0.21052631578947367,0.7894736842105263,6.366666666666666,21.2,0.2,,,,2.0,3.0
2024,21,VER,Red Bull Racing,1.0,26.0,Finished,1,0,0.0,0.0,10.0,26.0,7.2,11.333333333333334,São Paulo Grand Prix,26.0,6.0,1.0,1,0,2,2,467.0,6.175,23.35,0.2,0.8,7.0,19.066666666666666,0.2,,,,3.0,3.0
2024,22,VER,Red Bull Racing,5.0,10.0,Finished,0,0,1.0,0.0,5.0,9.0,7.733333333333333,12.666666666666666,Las Vegas Grand Prix,11.0,7.5,5.0,0,0,2,2,493.0,6.166666666666667,23.476190476190474,0.19047619047619047,0.8095238095238095,7.2,18.8,0.2,,,,3.0,3.0
2024,23,VER,Red Bull Racing,1.0,25.0,Finished,1,0,0.0,0.0,16.0,25.0,7.6,11.866666666666667,Qatar Grand Prix,25.0,9.0,1.0,1,1,1,2,504.0,6.2272727272727275,22.90909090909091,0.18181818181818182,0.8181818181818181,7.4,17.6,0.2,,,,3.0,3.0
2024,24,VER,Red Bull Racing,6.0,8.0,Finished,0,0,0.0,0.0,14.0,8.0,7.866666666666666,13.0,Abu Dhabi Grand Prix,8.0,13.0,6.0,0,1,1,2,529.0,6.3478260869565215,23.0,0.21739130434782608,0.782608695652174,7.2,18.733333333333334,0.2,,,,3.0,3.0
2025,1,VER,Red Bull Racing,2.0,18.0,Finished,1,0,0.0,0.0,13.0,18.0,7.666666666666667,11.866666666666667,Australian Grand Prix,18.0,8.5,2.0,1,1,1,2,0.0,,,,,,,,12.0,10.0,0.0,1.0,
2025,2,VER,Red Bull Racing,4.0,12.0,Finished,0,0,0.0,0.0,8.0,12.0,8.066666666666666,11.666666666666666,Chinese Grand Prix,12.0,8.0,4.0,0,0,2,2,18.0,8.5,18.0,1.0,0.0,8.5,18.0,1.0,2.0,40.0,2.0,3.0,3.0
2025,3,VER,Red Bull Racing,1.0,25.0,Finished,1,0,0.0,0.0,11.0,25.0,8.466666666666667,12.2,Japanese Grand Prix,25.0,6.5,1.0,1,0,2,2,30.0,8.25,15.0,0.5,0.5,8.25,15.0,0.5,1.5,44.0,2.0,3.0,3.0
2025,4,VER,Red Bull Racing,6.0,8.0,Finished,0,0,2.0,0.0,3.0,6.0,8.2,12.666666666666666,Bahrain Grand Prix,10.0,7.5,6.0,0,0,2,2,55.0,7.666666666666667,18.333333333333332,0.3333333333333333,0.6666666666666667,7.666666666666667,18.333333333333332,0.3333333333333333,1.5,44.0,2.0,3.0,3.0
2025,5,VER,Red Bull Racing,2.0,18.0,Finished,1,0,0.0,0.0,17.0,18.0,8.266666666666667,12.8,Saudi Arabian Grand Prix,18.0,10.5,2.0,1,1,1,2,65.0,7.625,16.25,0.25,0.75,7.625,16.25,0.25,1.5,43.0,2.0,3.0,3.0
2025,6,VER,Red Bull Racing,4.0,12.0,Finished,0,0,1.0,0.0,6.0,11.0,9.2,13.666666666666666,Miami Grand Prix,13.0,7.0,4.0,0,0,2,2,83.0,8.2,16.6,0.4,0.6,8.2,16.6,0.4,3.0,30.0,1.0,3.0,3.0
2025,7,VER,Red Bull Racing,1.0,25.0,Finished,1,0,1.0,0.0,9.0,24.0,9.333333333333334,13.733333333333333,Emilia Romagna Grand Prix,26.0,5.5,1.0,1,0,2,2,96.0,8.0,16.0,0.3333333333333333,0.6666666666666667,8.0,16.0,0.3333333333333333,4.5,29.0,1.0,3.0,3.0
2025,8,VER,Red Bull Racing,4.0,12.0,Finished,0,0,0.0,0.0,13.0,12.0,9.8,15.066666666666666,Monaco Grand Prix,12.0,10.5,4.0,0,0,2,2,122.0,7.642857142857143,17.428571428571427,0.2857142857142857,0.7142857142857143,7.642857142857143,17.428571428571427,0.2857142857142857,12.0,8.0,0.0,3.0,3.0
2025,9,VER,Red Bull Racing,10.0,1.0,Finished,0,0,0.0,0.0,3.0,1.0,9.866666666666667,15.2,Spanish Grand Prix,1.0,11.5,10.0,0,0,2,2,134.0,8.0,16.75,0.25,0.75,8.0,16.75,0.25,4.5,29.0,1.0,2.0,4.0
2024,1,ZHO,Kick Sauber,11.0,0.0,Lapped,0,1,0.0,0.0,8.0,0.0,,,Bahrain Grand Prix,0.0,15.0,11.0,0,0,2,2,0.0,,,,,,,,,,,1.0,
2024,2,ZHO,Kick Sauber,18.0,0.0,Lapped,0,1,0.0,0.0,-1.0,0.0,8.0,0.0,Saudi Arabian Grand Prix,0.0,17.5,17.0,0,0,2,2,0.0,15.0,0.0,0.0,1.0,15.0,0.0,0.0,,,,6.0,8.0
2024,3,ZHO,Kick Sauber,15.0,0.0,Lapped,0,1,0.0,0.0,-1.0,0.0,3.5,0.0,Australian Grand Prix,0.0,14.5,14.0,0,0,2,2,0.0,16.25,0.0,0.0,1.0,16.25,0.0,0.0,,,,7.0,9.0
2024,4,ZHO,Kick Sauber,18.0,0.0,Retired,0,1,0.0,0.0,-4.0,0.0,2.0,0.0,Japanese Grand Prix,0.0,16.0,14.0,0,1,1,2,0.0,15.666666666666666,0.0,0.0,1.0,15.666666666666666,0.0,0.0,,,,8.0,9.0
2024,5,ZHO,Kick Sauber,14.0,0.0,Finished,0,0,0.0,0.0,6.0,0.0,0.5,0.0,Chinese Grand Prix,0.0,17.0,14.0,0,1,1,2,0.0,15.75,0.0,0.25,0.75,15.75,0.0,0.25,,,,8.0,9.0
2024,6,ZHO,Kick Sauber,14.0,0.0,Finished,0,0,0.0,0.0,2.0,0.0,1.6,0.0,Miami Grand Prix,0.0,15.0,14.0,0,0,2,2,0.0,16.0,0.0,0.4,0.6,16.0,0.0,0.4,,,,8.0,10.0
2024,7,ZHO,Kick Sauber,15.0,0.0,Lapped,0,1,0.0,0.0,3.0,0.0,1.6666666666666667,0.0,Emilia Romagna Grand Prix,0.0,16.5,15.0,0,0,2,2,0.0,15.833333333333334,0.0,0.3333333333333333,0.6666666666666667,15.833333333333334,0.0,0.3333333333333333,,,,9.0,10.0
2024,8,ZHO,Kick Sauber,16.0,0.0,Lapped,0,1,0.0,0.0,-3.0,0.0,1.8571428571428572,0.0,Monaco Grand Prix,0.0,14.5,13.0,0,0,2,2,0.0,15.928571428571429,0.0,0.2857142857142857,0.7142857142857143,15.928571428571429,0.0,0.2857142857142857,,,,9.0,9.0
2024,9,ZHO,Kick Sauber,15.0,0.0,Lapped,0,1,0.0,0.0,-2.0,0.0,1.25,0.0,Canadian Grand Prix,0.0,14.0,13.0,0,0,2,2,0.0,15.75,0.0,0.25,0.75,15.75,0.0,0.25,,,,10.0,10.0
2024,10,ZHO,Kick Sauber,13.0,0.0,Lapped,0,1,0.0,0.0,3.0,0.0,0.8888888888888888,0.0,Spanish Grand Prix,0.0,14.5,13.0,0,0,2,2,0.0,15.555555555555555,0.0,0.2222222222222222,0.7777777777777778,15.555555555555555,0.0,0.2222222222222222,,,,10.0,9.0
2024,11,ZHO,Kick Sauber,17.0,0.0,Lapped,0,1,0.0,0.0,-1.0,0.0,1.1,0.0,Austrian Grand Prix,0.0,16.5,16.0,0,0,2,2,0.0,15.45,0.0,0.2,0.8,15.45,0.0,0.2,,,,10.0,9.0
2024,12,ZHO,Kick Sauber,18.0,0.0,Lapped,0,1,0.0,0.0,-3.0,0.0,0.9090909090909091,0.0,British Grand Prix,0.0,16.5,15.0,0,0,2,2,0.0,15.545454545454545,0.0,0.18181818181818182,0.8181818181818181,15.545454545454545,0.0,0.18181818181818182,,,,10.0,9.0
2024,13,ZHO,Kick Sauber,19.0,0.0,Lapped,0,1,0.0,0.0,-3.0,0.0,0.5833333333333334,0.0,Hungarian Grand Prix,0.0,17.5,16.0,0,0,2,2,0.0,15.625,0.0,0.16666666666666666,0.8333333333333334,15.625,0.0,0.16666666666666666,,,,10.0,9.0
2024,14,ZHO,Kick Sauber,19.0,0.0,Retired,0,1,0.0,0.0,-4.0,0.0,0.3076923076923077,0.0,Belgian Grand Prix,0.0,17.0,15.0,0,1,1,2,0.0,15.76923076923077,0.0,0.15384615384615385,0.8461538461538461,15.76923076923077,0.0,0.15384615384615385,,,,10.0,10.0
2024,15,ZHO,Kick Sauber,20.0,0.0,Lapped,0,1,0.0,0.0,-1.0,0.0,0.0,0.0,Dutch Grand Prix,0.0,19.5,19.0,0,0,2,2,0.0,15.857142857142858,0.0,0.21428571428571427,0.7857142857142857,15.857142857142858,0.0,0.21428571428571427,,,,10.0,10.0
2024,16,ZHO,Kick Sauber,18.0,0.0,Lapped,0,1,0.0,0.0,-2.0,0.0,-0.06666666666666667,0.0,Italian Grand Prix,0.0,17.0,16.0,0,0,2,2,0.0,16.1,0.0,0.2,0.8,16.1,0.0,0.2,,,,10.0,10.0
2024,17,ZHO,Kick Sauber,14.0,0.0,Finished,0,0,0.0,0.0,2.0,0.0,-0.7333333333333333,0.0,Azerbaijan Grand Prix,0.0,15.0,14.0,0,0,2,2,0.0,16.15625,0.0,0.1875,0.8125,16.233333333333334,0.0,0.2,,,,10.0,10.0
2024,18,ZHO,Kick Sauber,15.0,0.0,Lapped,0,1,0.0,0.0,1.0,0.0,-0.5333333333333333,0.0,Singapore Grand Prix,0.0,15.5,15.0,0,0,2,2,0.0,16.08823529411765,0.0,0.17647058823529413,0.8235294117647058,16.066666666666666,0.0,0.2,,,,10.0,10.0
2024,19,ZHO,Kick Sauber,19.0,0.0,Lapped,0,1,0.0,0.0,-2.0,0.0,-0.4,0.0,United States Grand Prix,0.0,18.0,17.0,0,0,2,2,0.0,16.055555555555557,0.0,0.16666666666666666,0.8333333333333334,16.133333333333333,0.0,0.2,,,,10.0,10.0
2024,20,ZHO,Kick Sauber,15.0,0.0,Lapped,0,1,0.0,0.0,-1.0,0.0,-0.26666666666666666,0.0,Mexico City Grand Prix,0.0,14.5,14.0,0,0,2,2,0.0,16.157894736842106,0.0,0.15789473684210525,0.8421052631578947,16.266666666666666,0.0,0.13333333333333333,,,,10.0,10.0
2024,21,ZHO,Kick Sauber,15.0,0.0,Finished,0,0,0.0,0.0,-2.0,0.0,-0.7333333333333333,0.0,São Paulo Grand Prix,0.0,14.0,13.0,0,0,2,2,0.0,16.075,0.0,0.15,0.85,16.1,0.0,0.06666666666666667,,,,10.0,10.0
2024,22,ZHO,Kick Sauber,13.0,0.0,Finished,0,0,0.0,0.0,5.0,0.0,-1.0,0.0,Las Vegas Grand Prix,0.0,15.5,13.0,0,0,2,2,0.0,15.976190476190476,0.0,0.14285714285714285,0.8571428571428572,16.033333333333335,0.0,0.06666666666666667,,,,10.0,10.0
2024,23,ZHO,Kick Sauber,8.0,4.0,Finished,0,0,0.0,0.0,3.0,4.0,-0.8666666666666667,0.0,Qatar Grand Prix,4.0,9.5,8.0,0,0,2,2,0.0,15.954545454545455,0.0,0.13636363636363635,0.8636363636363636,15.966666666666667,0.0,0.06666666666666667,,,,10.0,10.0
2024,24,ZHO,Kick Sauber,13.0,0.0,Lapped,0,1,0.0,0.0,5.0,0.0,-0.4666666666666667,0.26666666666666666,Abu Dhabi Grand Prix,0.0,15.5,13.0,0,1,1,2,4.0,15.673913043478262,0.17391304347826086,0.13043478260869565,0.8695652173913043,15.633333333333333,0.26666666666666666,0.06666666666666667,,,,10.0,10.0
