Season,Round,Driver,Team,Position,teammate_points,teammate_podium,teammate_finish_delta,teammate_points_delta,avg_teammate_finish_delta_last_n,avg_teammate_points_delta_last_n,constructor_standing_prev,avg_team_finish,reliability_to_date_prev,pace_rank_prev,is_sprint_weekend,constructor_points_prev,avg_finish_to_date_prev,avg_points_to_date_prev,dnf_rate_to_date_prev,avg_team_finish_last_15,team_points_last_15,team_dnf_rate_last_15,practice_best_lap_mean,practice_avg_lap_mean,practice_long_run_pace_mean,practice_session_rank_mean,podium_finish,quali_fastest_lap_sec,gap_to_pole_sec,raw_quali_rank,teammate_fastest_lap_sec,delta_to_teammate_sec,grid_position_proxy,q1_sec,q2_sec,q3_sec,made_q2,made_q3,grid_penalty_delta_proxy,grid_penalty_applied_proxy
2024,1,ALB,Williams,15.0,0.0,0.0,5.0,0.0,0.05515097246476,0.0349406624367004,1.0,17.5,0.7694879862778201,5.456310679611651,0.0,0.0,10.453909994175111,10.19606730143622,0.2305120137221799,0.0,0.0,0.2313847200983123,92.29366666666664,110.03314087301588,110.26423148148147,13.0,0.0,90.221,1.0559999999999974,13.0,90.77,-0.5489999999999924,13.0,90.397,90.221,0.0,1,0,0.0,0
2024,2,ALB,Williams,11.0,0.0,0.0,3.0,0.0,5.0,0.0,6.0,12.5,1.0,9.0,0.0,0.0,17.5,0.0,0.0,17.5,0.0,0.0,90.11466666666666,106.16607706766918,103.74805036630038,13.666666666666666,0.0,88.98,1.5080000000000098,12.0,89.526,-0.5459999999999923,12.0,89.107,88.98,0.0,1,0,0.0,0
2024,3,ALB,Williams,11.0,5.1067073170731705,0.1509146341463414,0.0,0.0,4.0,0.0,7.0,11.0,1.0,8.0,0.0,0.0,15.0,0.0,0.0,15.0,0.0,0.0,78.601,95.69753809523807,93.43038392857142,12.5,0.0,77.13,1.2149999999999892,12.0,83.950781201849,1.3236930160110036,12.0,77.13,77.167,0.0,1,0,0.0,0
2024,4,ALB,Williams,20.0,0.0,0.0,-3.0,0.0,4.0,0.0,8.0,18.5,1.0,8.0,0.0,0.0,13.666666666666666,0.0,0.0,13.666666666666666,0.0,0.0,102.099,112.50263003663002,109.03311111111113,11.666666666666666,0.0,89.714,1.516999999999996,14.0,90.139,-0.4249999999999971,14.0,89.963,89.714,0.0,1,0,0.0,0
2024,5,ALB,Williams,12.0,0.0,0.0,5.0,0.0,1.6666666666666667,0.0,8.0,14.5,0.75,8.0,1.0,0.0,14.875,0.0,0.25,14.875,0.0,0.25,97.229,109.82399999999998,102.94833333333332,8.0,0.0,95.241,1.581000000000003,14.0,96.358,-1.1170000000000044,14.0,95.384,95.241,0.0,1,0,0.0,0
2024,6,ALB,Williams,18.0,0.0,0.0,2.0,0.0,2.5,0.0,8.0,19.0,0.8,8.0,1.0,0.0,14.8,0.0,0.2,14.8,0.0,0.2,89.393,103.8976875,92.741,14.0,0.0,88.343,1.102000000000004,14.0,88.487,-0.1439999999999912,14.0,88.343,88.413,0.0,1,0,0.0,0
2024,7,ALB,Williams,20.0,0.0,0.0,-3.0,0.0,2.4,0.0,9.0,18.5,0.6666666666666667,9.0,0.0,0.0,15.5,0.0,0.3333333333333333,15.5,0.0,0.3333333333333333,77.885,92.30651764705884,96.57693333333332,14.333333333333334,0.0,76.2,1.4540000000000075,15.0,76.731,-0.5309999999999917,14.0,76.524,76.2,0.0,1,0,1.0,1
2024,8,ALB,Williams,9.0,0.0,0.0,6.0,2.0,1.5,0.0,9.0,12.0,0.5714285714285714,9.0,0.0,0.0,15.928571428571429,0.0,0.4285714285714285,15.928571428571429,0.0,0.4285714285714285,72.62066666666668,85.57151825396825,83.34093162393162,12.0,0.0,70.948,0.6779999999999973,10.0,72.02,-1.0720000000000027,9.0,71.623,71.216,70.948,1,1,1.0,1
2024,9,ALB,Williams,17.0,0.0,0.0,3.0,0.0,2.142857142857143,0.2857142857142857,8.0,18.5,0.625,9.0,0.0,2.0,15.4375,0.25,0.375,15.4375,0.25,0.375,75.4285,87.29215178571428,83.72319444444445,13.5,0.0,72.485,0.742999999999995,9.0,72.736,-0.2510000000000048,10.0,72.896,72.485,72.796,1,1,-1.0,1
2024,10,ALB,Williams,18.0,0.0,0.0,2.0,0.0,2.25,0.25,9.0,19.0,0.4444444444444444,10.0,0.0,2.0,15.77777777777778,0.2222222222222222,0.5555555555555556,15.77777777777778,0.2222222222222222,0.5555555555555556,74.65899999999999,86.46346944444444,80.06011904761904,12.333333333333334,0.0,73.153,1.7700000000000102,19.0,73.509,-0.3559999999999945,19.0,73.153,0.0,0.0,0,0,0.0,0
2024,11,ALB,Williams,15.0,0.0,0.0,4.0,0.0,2.2222222222222223,0.2222222222222222,9.0,17.0,0.5,10.0,1.0,2.0,16.1,0.2,0.5,16.1,0.2,0.5,66.995,85.6566875,92.67585714285714,18.0,0.0,65.736,1.4220000000000113,16.0,65.856,-0.1199999999999903,16.0,65.736,0.0,0.0,0,0,0.0,0
2024,12,ALB,Williams,9.0,0.0,0.0,2.0,2.0,2.4,0.2,9.0,10.0,0.5454545454545454,10.0,0.0,2.0,16.181818181818183,0.1818181818181818,0.4545454545454545,16.181818181818183,0.1818181818181818,0.4545454545454545,91.96566666666666,101.76592374727667,100.16140792540791,13.333333333333334,0.0,86.64,0.820999999999998,9.0,87.175,-0.5349999999999966,9.0,91.135,86.933,86.64,1,1,0.0,0
2024,13,ALB,Williams,14.0,0.0,0.0,3.0,0.0,2.363636363636364,0.3636363636363636,9.0,15.5,0.5833333333333333,10.0,0.0,4.0,15.666666666666666,0.3333333333333333,0.4166666666666667,15.666666666666666,0.3333333333333333,0.4166666666666667,78.323,87.72189126984127,86.06475324675324,10.0,0.0,76.429,1.2019999999999982,13.0,76.543,-0.1140000000000043,13.0,77.28,76.429,0.0,1,0,0.0,0
2024,14,ALB,Williams,12.0,0.0,0.0,5.0,0.0,2.4166666666666665,0.3333333333333333,9.0,14.5,0.6153846153846154,9.0,0.0,4.0,15.653846153846152,0.3076923076923077,0.3846153846153846,15.653846153846152,0.3076923076923077,0.3846153846153846,111.81133333333332,115.78177136752136,117.20729629629628,10.333333333333334,0.0,114.473,1.313999999999993,11.0,117.23,-2.757000000000005,11.0,115.722,114.473,0.0,1,0,0.0,0
2024,15,ALB,Williams,14.0,0.0,0.0,2.0,0.0,2.6153846153846154,0.3076923076923077,9.0,15.0,0.6428571428571428,9.0,0.0,4.0,15.571428571428571,0.2857142857142857,0.3571428571428571,15.571428571428571,0.2857142857142857,0.3571428571428571,76.23866666666667,86.11866485507248,86.08768888888888,10.0,0.0,70.653,0.980000000000004,8.0,83.950781201849,1.3236930160110036,10.0,0.0,70.768,70.653,1,1,-2.0,1
2024,16,ALB,Williams,9.0,0.0,0.0,3.0,2.0,2.571428571428572,0.2857142857142857,9.0,10.5,0.6666666666666667,9.0,0.0,4.0,15.533333333333331,0.2666666666666666,0.3333333333333333,15.533333333333331,0.2666666666666666,0.3333333333333333,81.46933333333334,89.06855119047619,86.63719528619528,9.666666666666666,0.0,80.299,0.9720000000000084,9.0,81.061,-0.7620000000000005,9.0,80.542,80.314,80.299,1,1,0.0,0
2024,17,ALB,Williams,7.0,4.0,0.0,1.0,2.0,2.4285714285714284,0.4285714285714285,9.0,7.5,0.6875,9.0,0.0,6.0,15.21875,0.375,0.3125,15.066666666666666,0.4,0.3333333333333333,105.29533333333336,116.0618,117.3532962962963,12.666666666666666,0.0,102.84,1.4750000000000083,10.0,102.473,0.3670000000000044,10.0,102.899,102.84,102.859,1,1,0.0,0
2024,18,ALB,Williams,20.0,0.0,0.0,-9.0,0.0,2.2857142857142856,0.5714285714285714,8.0,15.5,0.7058823529411764,9.0,0.0,16.0,14.764705882352942,0.9411764705882352,0.2941176470588235,14.733333333333333,1.0666666666666669,0.3333333333333333,91.68333333333334,100.83155059523808,97.58058333333332,8.333333333333334,0.0,90.474,0.948999999999998,11.0,90.481,-0.0069999999999907,11.0,90.679,90.474,0.0,1,0,0.0,0
2024,19,ALB,Williams,16.0,1.0,0.0,-6.0,-1.0,1.5333333333333334,0.5333333333333333,8.0,13.0,0.6666666666666667,9.0,1.0,16.0,14.805555555555555,0.8888888888888888,0.3333333333333333,15.033333333333331,1.0666666666666669,0.4,94.618,114.4970588235294,120.215375,14.0,0.0,94.051,1.7210000000000036,16.0,94.062,-0.0109999999999956,16.0,94.051,0.0,0.0,0,0,0.0,0
2024,20,ALB,Williams,19.0,0.0,0.0,-7.0,0.0,1.3333333333333333,0.4666666666666667,8.0,15.5,0.6842105263157895,9.0,0.0,17.0,14.710526315789474,0.8947368421052632,0.3157894736842105,14.666666666666666,1.1333333333333333,0.3333333333333333,78.66149999999999,98.77405,101.01247142857142,14.0,0.0,76.988,1.0420000000000016,9.0,77.558,-0.5700000000000074,9.0,77.189,76.988,77.065,1,1,0.0,0
2024,21,ALB,Williams,18.0,0.0,0.0,-1.0,0.0,0.5333333333333333,0.4666666666666667,8.0,17.5,0.65,9.0,1.0,17.0,14.75,0.85,0.35,14.733333333333333,1.1333333333333333,0.4,70.955,83.104,74.77514285714285,5.0,0.0,84.657,1.2519999999999951,7.0,91.27,-6.613,7.0,89.072,84.657,84.657,1,1,0.0,0
2024,22,ALB,Williams,19.0,0.0,0.0,-5.0,0.0,0.3333333333333333,0.4666666666666667,9.0,16.5,0.5714285714285714,9.0,0.0,17.0,14.88095238095238,0.8095238095238095,0.4285714285714285,14.633333333333333,1.1333333333333333,0.4666666666666667,96.99466666666666,105.90833333333332,106.3105,13.333333333333334,0.0,94.425,2.1129999999999995,18.0,93.746,0.679000000000002,18.0,94.425,0.0,0.0,0,0,0.0,0
2024,23,ALB,Williams,15.0,0.0,0.0,4.0,0.0,0.2,0.4666666666666667,9.0,17.0,0.5454545454545454,9.0,0.0,17.0,14.954545454545457,0.7727272727272727,0.4545454545454545,14.5,1.1333333333333333,0.4666666666666667,86.55963636199843,98.39182727175395,96.74667012876031,11.18181818163174,0.0,82.39,1.8700000000000043,16.0,82.594,-0.2039999999999935,16.0,82.39,0.0,0.0,0,0,0.0,0
2024,24,ALB,Williams,11.0,0.0,0.0,8.0,0.0,0.0666666666666666,0.3333333333333333,9.0,15.0,0.5217391304347826,9.0,0.0,17.0,15.043478260869565,0.7391304347826086,0.4782608695652174,14.833333333333334,1.0,0.5333333333333333,84.75173076818291,97.24524230694182,95.384691207839,10.92307692286404,0.0,83.821,1.225999999999999,16.0,83.912,-0.0910000000000081,16.0,83.821,0.0,0.0,0,0,0.0,0
2025,1,ALB,Williams,5.0,0.0,0.0,13.0,10.0,0.4,0.3333333333333333,1.0,11.5,0.7694879862778201,5.456310679611651,0.0,0.0,10.453909994175111,10.19606730143622,0.2305120137221799,0.0,0.0,0.2313847200983123,87.01267616673294,103.97526922011603,102.49184863273896,13.05606027015535,0.0,75.737,0.6409999999999911,6.0,75.931,-0.1940000000000026,6.0,76.245,76.017,75.737,1,1,0.0,0
2025,2,ALB,Williams,7.0,1.0,0.0,3.0,5.0,1.1333333333333333,1.0,4.0,8.5,0.0,5.0,0.0,10.0,11.5,10.0,1.0,11.5,10.0,1.0,87.00409066604512,103.96627808644024,102.48128750980872,13.055747940648956,0.0,91.503,0.8619999999999948,10.0,91.628,-0.125,10.0,91.503,91.595,91.706,1,1,0.0,0
2025,3,ALB,Williams,9.0,0.0,0.0,5.0,2.0,1.0666666666666669,1.3333333333333333,4.0,11.5,0.5,4.0,0.0,17.0,10.0,8.5,0.5,10.0,8.5,0.5,90.26788152496576,104.78588637801847,102.06779511860032,12.611076132004571,0.0,87.615,0.6319999999999908,9.0,87.836,-0.2210000000000036,9.0,88.218,87.783,87.615,1,1,0.0,0
2025,4,ALB,Williams,12.0,0.0,0.0,7.0,0.0,1.2666666666666666,1.3333333333333333,5.0,15.5,0.6666666666666667,4.0,0.0,19.0,10.5,6.333333333333333,0.3333333333333333,10.5,6.333333333333333,0.3333333333333333,92.6459768619832,106.01010061358504,101.80621861972313,10.722519544639743,0.0,92.04,2.1990000000000123,16.0,90.68,1.3599999999999994,15.0,92.04,0.0,0.0,0,0,1.0,1
2025,5,ALB,Williams,9.0,4.0,0.0,-1.0,-2.0,1.5333333333333334,1.3333333333333333,6.0,8.5,0.5,6.0,0.0,19.0,11.75,4.75,0.5,11.75,4.75,0.5,96.24064457743884,108.74177998198472,101.57458075809927,11.221207828093831,0.0,88.109,0.8149999999999977,11.0,88.024,0.0849999999999937,11.0,88.279,88.109,0.0,1,0,0.0,0
2025,6,ALB,Williams,5.0,2.0,0.0,4.0,8.0,1.1333333333333333,1.2,5.0,7.0,0.6,5.0,0.0,25.0,11.1,5.0,0.4,11.1,5.0,0.4,88.16938532985024,102.00999617065236,97.42061522607804,12.11170575594172,0.0,86.682,0.4780000000000086,7.0,86.569,0.1129999999999995,7.0,87.042,86.855,86.682,1,1,0.0,0
2025,7,ALB,Williams,5.0,4.0,0.0,3.0,6.0,1.2666666666666666,1.7333333333333334,5.0,6.5,0.6666666666666667,5.0,0.0,37.0,10.416666666666666,6.166666666666667,0.3333333333333333,10.416666666666666,6.166666666666667,0.3333333333333333,79.96556702854926,93.92473154014036,90.88807980225327,13.444724277306111,0.0,75.473,0.8029999999999973,7.0,75.198,0.2750000000000057,7.0,76.123,75.521,75.473,1,1,0.0,0
2025,8,ALB,Williams,9.0,1.0,0.0,1.0,1.0,1.2666666666666666,2.0,5.0,9.5,0.7142857142857143,5.0,0.0,51.0,9.857142857142858,7.285714285714286,0.2857142857142857,9.857142857142858,7.285714285714286,0.2857142857142857,75.31054181732613,88.38917525076094,87.87892406967353,13.277375518038786,0.0,70.732,0.7780000000000058,6.0,71.362,-0.6299999999999955,10.0,71.629,70.732,71.213,1,1,-4.0,1
2025,9,ALB,Williams,19.0,0.0,0.0,-5.0,0.0,1.2666666666666666,1.933333333333333,5.0,16.5,0.75,5.0,0.0,54.0,9.8125,6.75,0.25,9.8125,6.75,0.25,74.23643095134065,86.44264734642667,82.37517287896335,12.611390943973651,0.0,72.641,1.0949999999999989,11.0,73.203,-0.5619999999999976,11.0,73.044,72.641,0.0,1,0,0.0,0
2024,1,ALO,Aston Martin,9.0,1.0,0.0,1.0,1.0,0.05515097246476,0.0349406624367004,1.0,9.5,0.7694879862778201,5.456310679611651,0.0,0.0,10.453909994175111,10.19606730143622,0.2305120137221799,0.0,0.0,0.2313847200983123,91.606,107.41406709956708,104.78234444444443,3.333333333333333,0.0,89.542,0.3769999999999953,6.0,89.965,-0.4230000000000018,6.0,90.179,89.801,89.542,1,1,0.0,0
2024,2,ALO,Aston Martin,5.0,0.0,0.0,14.0,10.0,1.0,1.0,5.0,12.0,1.0,5.0,0.0,3.0,9.5,3.0,0.0,9.5,3.0,0.0,89.23666666666666,103.48987626262624,100.45630769230767,3.0,0.0,87.846,0.3740000000000094,4.0,88.25,-0.4039999999999963,4.0,88.706,88.122,87.846,1,1,0.0,0
2024,3,ALO,Aston Martin,8.0,8.0,0.0,-2.0,-4.0,7.5,5.5,5.0,7.0,0.5,5.0,0.0,13.0,10.75,6.5,0.5,10.75,6.5,0.5,78.20833333333333,91.44642644927536,88.26896153846154,9.666666666666666,0.0,76.71,0.7949999999999875,7.0,76.78,-0.0700000000000073,10.0,76.991,76.71,77.552,1,1,-3.0,1
2024,4,ALO,Aston Martin,6.0,0.0,0.0,6.0,8.0,4.333333333333333,2.333333333333333,5.0,9.0,0.6666666666666667,4.0,0.0,25.0,9.5,8.333333333333334,0.3333333333333333,9.5,8.333333333333334,0.3333333333333333,90.3405,103.63777941176473,103.61507142857144,6.0,0.0,88.686,0.4890000000000043,5.0,90.024,-1.337999999999994,5.0,89.254,89.082,88.686,1,1,0.0,0
2024,5,ALO,Aston Martin,7.0,0.0,0.0,8.0,7.0,4.75,3.75,5.0,11.0,0.75,4.0,1.0,33.0,9.375,8.25,0.25,9.375,8.25,0.25,98.936,109.12653333333334,106.1595,19.0,0.0,94.148,0.4879999999999995,3.0,94.838,-0.6899999999999977,3.0,95.116,94.652,94.148,1,1,0.0,0
2024,6,ALO,Aston Martin,9.0,0.0,0.0,8.0,2.0,5.4,4.4,5.0,13.0,0.8,5.0,1.0,40.0,9.7,8.0,0.2,9.7,8.0,0.2,90.023,105.4199375,104.3980909090909,19.0,0.0,88.427,1.186000000000007,15.0,88.177,0.25,15.0,88.453,88.427,0.0,1,0,0.0,0
2024,7,ALO,Aston Martin,19.0,2.0,0.0,-10.0,-2.0,5.833333333333333,4.0,5.0,14.0,0.8333333333333334,5.0,0.0,42.0,10.25,7.0,0.1666666666666666,10.25,7.0,0.1666666666666666,77.348,93.7857077294686,90.8554668109668,12.666666666666666,0.0,76.917,2.1710000000000065,20.0,75.992,0.9249999999999972,19.0,76.917,0.0,0.0,0,0,1.0,1
2024,8,ALO,Aston Martin,11.0,0.0,0.0,3.0,0.0,3.571428571428572,3.142857142857143,5.0,12.5,0.8571428571428572,5.0,0.0,44.0,10.785714285714286,6.285714285714286,0.1428571428571428,10.785714285714286,6.285714285714286,0.1428571428571428,72.205,86.23766926977687,84.000632996633,6.333333333333333,0.0,72.019,1.7490000000000094,16.0,71.563,0.456000000000003,14.0,72.019,0.0,0.0,0,0,2.0,1
2024,9,ALO,Aston Martin,6.0,6.0,0.0,1.0,2.0,3.5,2.75,5.0,6.5,0.875,5.0,0.0,44.0,11.0,5.5,0.125,11.0,5.5,0.125,80.85366666666667,88.930765993266,85.07429166666668,8.0,0.0,72.228,0.48599999999999,7.0,72.659,-0.4310000000000116,6.0,73.117,72.635,72.228,1,1,1.0,1
2024,10,ALO,Aston Martin,12.0,0.0,0.0,2.0,0.0,3.2222222222222223,2.6666666666666665,5.0,13.0,0.8888888888888888,5.0,0.0,58.0,10.5,6.444444444444445,0.1111111111111111,10.5,6.444444444444445,0.1111111111111111,74.36633333333333,94.03557407407408,92.11039206349206,10.666666666666666,0.0,72.128,0.7450000000000045,11.0,72.372,-0.2439999999999997,11.0,72.505,72.128,0.0,1,0,0.0,0
2024,11,ALO,Aston Martin,18.0,0.0,0.0,-5.0,0.0,3.1,2.4,5.0,15.5,0.9,5.0,1.0,58.0,10.75,5.8,0.1,10.75,5.8,0.1,66.603,78.74616666666667,81.30737500000001,10.0,0.0,65.639,1.3250000000000028,15.0,65.819,-0.1800000000000068,15.0,65.656,65.639,0.0,1,0,0.0,0
2024,12,ALO,Aston Martin,8.0,6.0,0.0,-1.0,-2.0,2.363636363636364,2.1818181818181817,5.0,7.5,0.9090909090909092,5.0,0.0,58.0,11.181818181818182,5.2727272727272725,0.0909090909090909,11.181818181818182,5.2727272727272725,0.0909090909090909,91.36866666666668,102.9382507122507,102.12772683982683,8.333333333333334,0.0,86.73,0.9110000000000014,10.0,86.585,0.1450000000000102,10.0,91.264,86.73,86.917,1,1,0.0,0
2024,13,ALO,Aston Martin,11.0,1.0,0.0,-1.0,-1.0,2.083333333333333,1.8333333333333333,5.0,10.5,0.9166666666666666,5.0,0.0,68.0,10.875,5.666666666666667,0.0833333333333333,10.875,5.666666666666667,0.0833333333333333,78.402,95.06476470588234,93.12092222222223,12.333333333333334,0.0,76.043,0.8160000000000025,7.0,76.075,-0.0319999999999964,7.0,77.624,76.117,76.043,1,1,0.0,0
2024,14,ALO,Aston Martin,8.0,0.0,0.0,3.0,4.0,1.8461538461538465,1.6153846153846154,5.0,9.5,0.9230769230769232,5.0,0.0,69.0,10.846153846153848,5.307692307692308,0.0769230769230769,10.846153846153848,5.307692307692308,0.0769230769230769,112.17666666666666,116.54875925925928,118.30141666666668,12.333333333333334,0.0,114.258,1.0989999999999895,9.0,115.716,-1.4579999999999984,9.0,115.489,114.258,114.765,1,1,0.0,0
2024,15,ALO,Aston Martin,10.0,0.0,0.0,3.0,1.0,1.9285714285714288,1.7857142857142858,5.0,11.5,0.9285714285714286,5.0,0.0,73.0,10.75,5.214285714285714,0.0714285714285714,10.75,5.214285714285714,0.0714285714285714,75.76166666666667,89.19504545454545,85.85845833333333,8.666666666666666,0.0,70.633,0.9599999999999936,7.0,70.661,-0.0280000000000057,7.0,71.493,70.845,70.633,1,1,0.0,0
2024,16,ALO,Aston Martin,11.0,0.0,0.0,8.0,0.0,2.0,1.7333333333333334,5.0,15.0,0.9333333333333332,5.0,0.0,74.0,10.8,4.933333333333334,0.0666666666666666,10.8,4.933333333333334,0.0666666666666666,81.533,91.93951587301586,95.27538333333332,10.0,0.0,80.421,1.0940000000000083,11.0,81.013,-0.5919999999999987,11.0,80.617,80.421,0.0,1,0,0.0,0
2024,17,ALO,Aston Martin,6.0,0.0,0.0,13.0,8.0,2.466666666666667,1.6666666666666667,5.0,12.5,0.9375,5.0,0.0,74.0,11.0625,4.625,0.0625,11.166666666666666,4.733333333333333,0.0666666666666666,104.86966666666666,116.0878777777778,112.22855555555554,10.0,0.0,102.369,1.0040000000000049,8.0,103.37,-1.0010000000000048,8.0,103.472,102.426,102.369,1,1,0.0,0
2024,18,ALO,Aston Martin,8.0,0.0,0.0,6.0,4.0,2.4,1.5333333333333334,5.0,11.0,0.8823529411764706,5.0,0.0,82.0,11.147058823529411,4.823529411764706,0.1176470588235294,11.2,4.6,0.0666666666666666,91.814,106.81597222222224,108.85521164021164,10.333333333333334,0.0,90.214,0.688999999999993,9.0,91.094,-0.8799999999999955,7.0,90.684,90.45,90.214,1,1,2.0,1
2024,19,ALO,Aston Martin,13.0,0.0,0.0,2.0,0.0,2.933333333333333,2.066666666666667,5.0,14.0,0.8888888888888888,5.0,1.0,86.0,11.13888888888889,4.777777777777778,0.1111111111111111,11.466666666666669,4.066666666666666,0.0666666666666666,94.112,110.57907692307693,107.185,9.0,0.0,93.309,0.9789999999999992,9.0,93.759,-0.4500000000000028,8.0,93.973,93.429,93.309,1,1,1.0,1
2024,20,ALO,Aston Martin,18.0,0.0,0.0,-7.0,0.0,2.6666666666666665,1.5333333333333334,5.0,14.5,0.8947368421052632,5.0,0.0,86.0,11.289473684210526,4.526315789473684,0.1052631578947368,11.8,3.533333333333333,0.0666666666666666,78.1885,87.93759775641026,86.12285714285713,13.0,0.0,77.168,1.2220000000000084,13.0,77.294,-0.1259999999999905,13.0,77.307,77.168,0.0,1,0,0.0,0
2024,21,ALO,Aston Martin,14.0,0.0,0.0,5.0,0.0,1.6666666666666667,1.0666666666666669,5.0,16.5,0.85,5.0,1.0,86.0,11.45,4.3,0.15,12.033333333333331,3.066666666666667,0.1333333333333333,71.215,87.28126666666665,83.9872,9.0,0.0,85.035,1.6299999999999957,9.0,86.334,-1.2990000000000066,9.0,90.207,88.998,88.998,1,1,0.0,0
2024,22,ALO,Aston Martin,11.0,0.0,0.0,4.0,0.0,1.4666666666666666,0.9333333333333332,5.0,13.0,0.8095238095238095,5.0,0.0,86.0,11.69047619047619,4.095238095238095,0.1904761904761904,12.266666666666667,2.933333333333333,0.2,95.88,107.68263909774436,105.11002777777776,12.0,0.0,94.258,1.945999999999998,17.0,94.484,-0.2259999999999991,17.0,94.258,0.0,0.0,0,0,0.0,0
2024,23,ALO,Aston Martin,7.0,0.0,0.0,11.0,6.0,2.4,1.0666666666666669,5.0,12.5,0.8181818181818181,5.0,0.0,86.0,11.75,3.909090909090909,0.1818181818181818,12.2,2.8,0.2,85.93654545819608,98.5286209213601,95.89704372623784,11.363636363942533,0.0,81.208,0.6880000000000024,8.0,81.911,-0.703000000000003,8.0,81.608,81.208,81.251,1,1,0.0,0
2024,24,ALO,Aston Martin,9.0,0.0,0.0,5.0,2.0,2.933333333333333,1.4666666666666666,5.0,11.5,0.782608695652174,5.0,0.0,92.0,11.782608695652174,4.0,0.217391304347826,12.2,3.2,0.2666666666666666,84.20811538491265,96.84874573277054,94.22904139222236,11.30769230770678,0.0,83.196,0.6009999999999991,9.0,83.729,-0.5330000000000013,8.0,83.794,83.268,83.196,1,1,1.0,1
2025,1,ALO,Aston Martin,17.0,8.0,0.0,-11.0,-8.0,3.2,1.4666666666666666,1.0,11.5,0.7694879862778201,5.456310679611651,0.0,0.0,10.453909994175111,10.19606730143622,0.2305120137221799,0.0,0.0,0.2313847200983123,86.35964289150549,100.79432274248852,97.84705298066012,5.32862979692182,0.0,76.288,1.191999999999993,12.0,76.369,-0.081000000000003,12.0,76.288,76.453,0.0,1,0,0.0,0
2025,2,ALO,Aston Martin,17.0,2.0,0.0,-8.0,-2.0,2.333333333333333,0.9333333333333332,5.0,13.0,0.0,5.0,0.0,8.0,11.5,8.0,1.0,11.5,8.0,1.0,86.35124198561218,100.78430861712263,97.83669616983288,5.332598772071786,0.0,91.688,1.046999999999997,14.0,91.773,-0.0849999999999937,13.0,91.719,91.688,0.0,1,0,1.0,1
2025,3,ALO,Aston Martin,11.0,0.0,0.0,9.0,0.0,2.1333333333333333,0.8,6.0,15.5,0.0,6.0,0.0,10.0,12.25,5.0,1.0,12.25,5.0,1.0,85.92606959912285,99.52215090588687,97.44389093260128,6.223306574564432,0.0,87.897,0.9140000000000016,13.0,89.271,-1.3739999999999952,13.0,88.337,87.897,0.0,1,0,0.0,0
2025,4,ALO,Aston Martin,15.0,0.0,0.0,2.0,0.0,2.8,0.9333333333333332,7.0,16.0,0.3333333333333333,7.0,0.0,10.0,13.333333333333334,3.333333333333333,0.6666666666666666,13.333333333333334,3.333333333333333,0.6666666666666666,89.16198223943915,101.40428308425668,99.3491876965135,11.553806600160168,0.0,91.634,1.7930000000000064,14.0,92.283,-0.6490000000000009,13.0,91.634,91.886,0.0,1,0,1.0,1
2025,5,ALO,Aston Martin,11.0,0.0,0.0,5.0,0.0,3.0,1.0,7.0,13.5,0.5,7.0,0.0,10.0,14.0,2.5,0.5,14.0,2.5,0.5,93.1016706284504,106.06238168375194,104.72467262229767,14.668030851863673,0.0,88.303,1.0090000000000003,13.0,88.645,-0.3419999999999987,13.0,88.548,88.303,0.0,1,0,0.0,0
2025,6,ALO,Aston Martin,15.0,0.0,0.0,1.0,0.0,3.1333333333333333,0.7333333333333333,7.0,15.5,0.6,8.0,0.0,10.0,13.9,2.0,0.4,13.9,2.0,0.4,88.76939477420392,102.77822475894854,100.47225552918329,16.889553491934866,0.0,87.604,1.4000000000000057,17.0,87.83,-0.2259999999999991,17.0,87.604,0.0,0.0,0,0,0.0,0
2025,7,ALO,Aston Martin,11.0,0.0,0.0,4.0,0.0,3.0,0.6666666666666666,7.0,13.0,0.6666666666666667,8.0,0.0,10.0,14.166666666666666,1.6666666666666667,0.3333333333333333,14.166666666666666,1.6666666666666667,0.3333333333333333,79.85787627874794,95.14734270577004,93.08402844008604,12.666666666666666,0.0,75.431,0.7609999999999957,6.0,75.497,-0.0660000000000025,5.0,75.695,75.442,75.431,1,1,1.0,1
2025,8,ALO,Aston Martin,19.0,0.0,0.0,-4.0,0.0,2.7333333333333334,0.6666666666666666,7.0,17.0,0.7142857142857143,8.0,0.0,10.0,14.0,1.4285714285714286,0.2857142857142857,14.0,1.4285714285714286,0.2857142857142857,76.8007749616366,89.65030632019109,86.6426318299777,8.999160501414597,0.0,70.924,0.9700000000000132,8.0,72.563,-1.6389999999999958,7.0,71.674,71.182,70.924,1,1,1.0,1
2025,9,ALO,Aston Martin,9.0,5.1067073170731705,0.1509146341463414,0.0,0.0,1.6,0.1333333333333333,8.0,9.0,0.625,8.0,0.0,10.0,14.375,1.25,0.375,14.375,1.25,0.375,75.80992166465586,89.73441670050256,87.06114655958721,8.333228396008872,0.0,72.284,0.7379999999999995,10.0,73.038,-0.7539999999999907,10.0,73.102,72.523,72.284,1,1,0.0,0
2025,1,ANT,Mercedes,4.0,15.0,1.0,-1.0,-3.0,0.05515097246476,0.0349406624367004,1.0,3.5,0.7694879862778201,5.456310679611651,0.0,0.0,10.453909994175111,10.19606730143622,0.2305120137221799,0.0,0.0,0.2313847200983123,85.17590908944481,98.29168504355964,95.24972485977383,5.333333333333333,0.0,76.525,1.429000000000002,16.0,75.546,0.9789999999999992,16.0,76.525,0.0,0.0,0,0,0.0,0
2025,2,ANT,Mercedes,6.0,15.0,1.0,-3.0,-7.0,-1.0,-3.0,1.0,4.5,1.0,1.0,0.0,27.0,3.5,27.0,0.0,3.5,27.0,0.0,85.17590908944481,98.29168504355964,95.24972485977383,5.333333333333333,0.0,91.103,0.4619999999999891,8.0,90.723,0.3799999999999954,8.0,91.676,91.59,91.103,1,1,0.0,0
2025,3,ANT,Mercedes,6.0,10.0,0.0,-1.0,-2.0,-2.0,-5.0,2.0,5.5,1.0,2.0,0.0,50.0,4.0,25.0,0.0,4.0,25.0,0.0,85.17590908944481,98.29168504355964,95.24972485977383,5.333333333333333,0.0,87.555,0.5720000000000027,6.0,87.318,0.2370000000000089,6.0,87.968,87.639,87.555,1,1,0.0,0
2025,4,ANT,Mercedes,11.0,18.0,1.0,-9.0,-18.0,-1.6666666666666667,-4.0,2.0,6.5,1.0,2.0,0.0,68.0,4.5,22.666666666666668,0.0,4.5,22.666666666666668,0.0,85.17590908944481,98.29168504355964,95.24972485977383,5.333333333333333,0.0,90.213,0.3719999999999999,4.0,90.009,0.2039999999999935,4.0,91.415,90.716,90.213,1,1,0.0,0
2025,5,ANT,Mercedes,6.0,10.0,0.0,-1.0,-2.0,-3.5,-7.5,2.0,5.5,1.0,2.0,0.0,86.0,5.0,21.5,0.0,5.0,21.5,0.0,85.17590908944481,98.29168504355964,95.24972485977383,5.333333333333333,0.0,87.798,0.5040000000000049,6.0,87.407,0.3910000000000053,5.0,88.128,87.798,87.866,1,1,1.0,1
2025,6,ANT,Mercedes,6.0,15.0,1.0,-3.0,-7.0,-3.0,-6.4,2.0,4.5,1.0,2.0,0.0,104.0,5.1,20.8,0.0,5.1,20.8,0.0,85.17590908944481,98.29168504355964,95.24972485977383,5.333333333333333,0.0,86.271,0.0670000000000072,4.0,86.385,-0.1140000000000043,3.0,87.077,86.606,86.271,1,1,1.0,1
2025,7,ANT,Mercedes,19.0,6.0,0.0,-12.0,-6.0,-3.0,-6.5,2.0,13.0,1.0,2.0,0.0,127.0,5.0,21.166666666666668,0.0,5.0,21.166666666666668,0.0,85.17590908944481,98.29168504355964,95.24972485977383,5.333333333333333,0.0,75.772,1.102000000000004,13.0,74.807,0.9650000000000034,13.0,75.943,75.772,0.0,1,0,0.0,0
2025,8,ANT,Mercedes,18.0,0.0,0.0,-7.0,0.0,-4.285714285714286,-6.428571428571429,2.0,14.5,0.8571428571428572,2.0,0.0,133.0,6.142857142857143,19.0,0.1428571428571428,6.142857142857143,19.0,0.1428571428571428,85.17590908944481,98.29168504355964,95.24972485977383,5.333333333333333,0.0,71.88,1.926000000000002,15.0,71.507,0.3729999999999904,15.0,71.88,0.0,0.0,0,0,0.0,0
2025,9,ANT,Mercedes,18.0,12.0,0.0,-14.0,-12.0,-4.625,-5.625,3.0,11.0,0.875,2.0,0.0,133.0,7.1875,16.625,0.125,7.1875,16.625,0.125,85.17590908944481,98.29168504355964,95.24972485977383,5.333333333333333,0.0,72.111,0.5649999999999977,6.0,71.848,0.2630000000000052,6.0,72.815,72.585,72.111,1,1,0.0,0
2024,2,BEA,Ferrari,7.0,16.0,1.0,-4.0,-10.0,0.05515097246476,0.0349406624367004,2.0,5.0,1.0,2.0,0.0,27.0,3.5,27.0,0.0,3.5,27.0,0.0,89.306,99.62133333333334,93.14414285714284,10.0,0.0,88.642,1.1700000000000017,11.0,87.791,0.8509999999999991,11.0,88.984,88.642,0.0,1,0,0.0,0
2024,17,BEA,Haas F1 Team,10.0,0.0,0.0,1.0,1.0,-4.0,-10.0,7.0,10.5,0.875,6.0,0.0,26.0,12.8125,1.625,0.125,12.733333333333333,1.7333333333333334,0.1333333333333333,105.76,111.78277878787875,114.31647272727272,10.5,0.0,102.968,1.6030000000000086,11.0,103.101,-0.1329999999999955,11.0,103.471,102.968,0.0,1,0,0.0,0
2024,21,BEA,Haas F1 Team,12.0,0.0,0.0,8.0,0.0,-1.5,-4.5,6.0,16.0,0.85,6.0,1.0,41.0,12.35,2.05,0.15,12.5,2.4,0.2,70.805,82.22422222222222,80.09811111111111,3.0,0.0,91.229,7.823999999999998,17.0,91.623,-0.3940000000000054,17.0,91.229,0.0,0.0,0,0,0.0,0
2025,1,BEA,Haas F1 Team,14.0,0.0,0.0,-1.0,0.0,1.6666666666666667,-3.0,1.0,13.5,0.7694879862778201,5.456310679611651,0.0,0.0,10.453909994175111,10.19606730143622,0.2305120137221799,0.0,0.0,0.2313847200983123,89.12974411070994,98.3999386587992,96.07118591755952,8.107725968301253,0.0,83.90231804281346,13.985,10.418960244648318,83.950781201849,1.3236930160110036,20.0,0.0,0.0,0.0,0,0,0.03363914373088685,0
2025,2,BEA,Haas F1 Team,8.0,10.0,0.0,-3.0,-6.0,1.0,-2.25,8.0,6.5,1.0,8.0,0.0,0.0,13.5,0.0,0.0,13.5,0.0,0.0,89.12140914256912,98.38466007342846,96.08681622282232,8.091704465893107,0.0,92.018,1.3769999999999951,17.0,91.625,0.3930000000000007,17.0,92.018,0.0,0.0,0,0,0.0,0
2025,3,BEA,Haas F1 Team,10.0,0.0,0.0,8.0,1.0,0.2,-3.0,5.0,14.0,1.0,4.0,0.0,14.0,10.0,7.0,0.0,10.0,7.0,0.0,89.11111404098625,98.3671401392842,96.10221522792182,8.074252761275844,0.0,87.711,0.7279999999999944,10.0,88.696,-0.9849999999999994,10.0,88.228,87.711,87.867,1,1,0.0,0
2025,4,BEA,Haas F1 Team,10.0,4.0,0.0,-2.0,-3.0,1.5,-2.333333333333333,6.0,9.0,1.0,6.0,0.0,15.0,11.333333333333334,5.0,0.0,11.333333333333334,5.0,0.0,89.09865215970399,98.34725424697844,96.11703573025947,8.05541321528849,0.0,92.373,2.5320000000000107,20.0,91.594,0.7790000000000106,20.0,92.373,0.0,0.0,0,0,0.0,0
2025,5,BEA,Haas F1 Team,13.0,0.0,0.0,1.0,0.0,1.0,-2.4285714285714284,5.0,13.5,1.0,5.0,0.0,20.0,10.75,5.0,0.0,10.75,5.0,0.0,89.08381401233788,98.3248870627535,96.13089399420944,8.03524777338606,0.0,88.536,1.2420000000000044,15.0,89.092,-0.5559999999999974,15.0,88.536,88.648,0.0,1,0,0.0,0
2025,6,BEA,Haas F1 Team,19.0,0.0,0.0,-7.0,0.0,1.0,-2.125,6.0,15.5,1.0,6.0,0.0,20.0,11.3,4.0,0.0,11.3,4.0,0.0,89.06639355059183,98.29993668164528,96.1433792378376,8.013837313923855,0.0,87.999,1.7950000000000017,20.0,86.824,1.1749999999999972,20.0,87.999,0.0,0.0,0,0,0.0,0
2025,7,BEA,Haas F1 Team,17.0,0.0,0.0,3.0,0.0,0.1111111111111111,-1.8888888888888888,6.0,18.5,0.8333333333333334,6.0,0.0,20.0,12.0,3.333333333333333,0.1666666666666666,12.0,3.333333333333333,0.1666666666666666,89.04619608246217,98.27231970980156,96.15406604785944,7.991280556893,0.0,76.077,1.4069999999999965,14.0,76.613,-0.5360000000000014,19.0,76.918,0.0,0.0,0,0,-5.0,1
2025,8,BEA,Haas F1 Team,12.0,6.0,0.0,-5.0,-6.0,0.4,-1.7,6.0,9.5,0.7142857142857143,6.0,0.0,20.0,12.928571428571429,2.857142857142857,0.2857142857142857,12.928571428571429,2.857142857142857,0.2857142857142857,89.02304777032604,98.24197730333296,96.16252943796016,7.967692655448527,0.0,71.979,2.0250000000000057,17.0,70.942,1.037000000000006,17.0,71.979,0.0,0.0,0,0,0.0,0
2025,9,BEA,Haas F1 Team,17.0,0.0,0.0,-1.0,0.0,-0.0909090909090909,-2.090909090909091,6.0,16.5,0.75,6.0,0.0,26.0,12.5,3.25,0.25,12.5,3.25,0.25,88.99680647901118,98.20888207276715,96.1683620263122,7.943203599854973,0.0,73.074,1.5279999999999916,15.0,73.201,-0.1269999999999953,15.0,73.074,73.315,0.0,1,0,0.0,0
2025,1,BOR,Kick Sauber,16.0,6.0,0.0,-9.0,-6.0,0.05515097246476,0.0349406624367004,1.0,11.5,0.7694879862778201,5.456310679611651,0.0,0.0,10.453909994175111,10.19606730143622,0.2305120137221799,0.0,0.0,0.2313847200983123,87.114818189546,100.3072432304488,99.94655950818276,15.0,0.0,76.516,1.4200000000000017,15.0,76.579,-0.0629999999999881,15.0,76.516,77.52,0.0,1,0,0.0,0
2025,2,BOR,Kick Sauber,14.0,0.0,0.0,1.0,0.0,-9.0,-6.0,6.0,14.5,0.0,5.0,0.0,6.0,11.5,6.0,1.0,11.5,6.0,1.0,87.114818189546,100.3072432304488,99.94655950818276,15.0,0.0,92.141,1.5,19.0,91.632,0.5090000000000003,19.0,92.141,0.0,0.0,0,0,0.0,0
2025,3,BOR,Kick Sauber,19.0,0.0,0.0,-3.0,0.0,-4.0,-3.0,7.0,17.5,0.5,7.0,0.0,6.0,13.0,3.0,0.5,13.0,3.0,0.5,87.114818189546,100.3072432304488,99.94655950818276,15.0,0.0,88.622,1.6389999999999958,17.0,88.57,0.0520000000000067,17.0,88.622,0.0,0.0,0,0,0.0,0
2025,4,BOR,Kick Sauber,18.0,0.0,0.0,2.0,0.0,-3.6666666666666665,-2.0,8.0,19.0,0.6666666666666667,9.0,0.0,6.0,14.5,2.0,0.3333333333333333,14.5,2.0,0.3333333333333333,87.114818189546,100.3072432304488,99.94655950818276,15.0,0.0,92.186,2.345000000000013,18.0,91.693,0.4930000000000092,18.0,92.186,0.0,0.0,0,0,0.0,0
2025,5,BOR,Kick Sauber,18.0,0.0,0.0,-3.0,0.0,-2.25,-1.5,8.0,16.5,0.5,10.0,0.0,6.0,15.625,1.5,0.5,15.625,1.5,0.5,87.114818189546,100.3072432304488,99.94655950818276,15.0,0.0,89.462,2.1680000000000064,20.0,88.782,0.6800000000000068,20.0,89.462,0.0,0.0,0,0,0.0,0
2025,6,BOR,Kick Sauber,18.0,0.0,0.0,-4.0,0.0,-2.4,-1.2,8.0,16.0,0.6,10.0,0.0,6.0,15.8,1.2,0.4,15.8,1.2,0.4,87.114818189546,100.3072432304488,99.94655950818276,15.0,0.0,87.151,0.9470000000000028,13.0,87.473,-0.3220000000000027,13.0,87.343,87.151,0.0,1,0,0.0,0
2025,7,BOR,Kick Sauber,18.0,0.0,0.0,-6.0,0.0,-2.6666666666666665,-1.0,8.0,15.0,0.5,10.0,0.0,6.0,15.833333333333334,1.0,0.5,15.833333333333334,1.0,0.5,87.114818189546,100.3072432304488,99.94655950818276,15.0,0.0,76.26,1.5900000000000034,16.0,76.518,-0.2579999999999955,14.0,76.34,76.26,0.0,1,0,2.0,1
2025,8,BOR,Kick Sauber,14.0,0.0,0.0,2.0,0.0,-3.142857142857143,-0.8571428571428571,9.0,15.0,0.5714285714285714,10.0,0.0,6.0,15.714285714285714,0.8571428571428571,0.4285714285714285,15.714285714285714,0.8571428571428571,0.4285714285714285,87.114818189546,100.3072432304488,99.94655950818276,15.0,0.0,71.902,1.9480000000000075,16.0,71.596,0.3059999999999974,16.0,71.902,0.0,0.0,0,0,0.0,0
2025,9,BOR,Kick Sauber,12.0,10.0,0.0,-7.0,-10.0,-2.5,-0.75,9.0,8.5,0.625,10.0,0.0,6.0,15.625,0.75,0.375,15.625,0.75,0.375,87.114818189546,100.3072432304488,99.94655950818276,15.0,0.0,72.756,1.2099999999999935,12.0,73.19,-0.4339999999999975,12.0,73.045,72.756,0.0,1,0,0.0,0
2024,1,BOT,Kick Sauber,19.0,0.0,0.0,-8.0,0.0,0.05515097246476,0.0349406624367004,1.0,15.0,0.7694879862778201,5.456310679611651,0.0,0.0,10.453909994175111,10.19606730143622,0.2305120137221799,0.0,0.0,0.2313847200983123,92.48366666666668,102.34177147435896,100.36989696969697,14.666666666666666,0.0,90.756,1.590999999999994,16.0,90.757,-0.0010000000000047,16.0,90.756,0.0,0.0,0,0,0.0,0
2024,2,BOT,Kick Sauber,17.0,0.0,0.0,1.0,0.0,-8.0,0.0,6.0,17.5,1.0,8.0,0.0,0.0,15.0,0.0,0.0,15.0,0.0,0.0,90.33966666666667,103.37379653885846,98.11597272727272,16.333333333333332,0.0,89.179,1.7070000000000078,16.0,83.950781201849,1.3236930160110036,16.0,89.179,0.0,0.0,0,0,0.0,0
2024,3,BOT,Kick Sauber,14.0,0.0,0.0,1.0,0.0,-3.5,0.0,7.0,14.5,1.0,9.0,0.0,0.0,16.25,0.0,0.0,16.25,0.0,0.0,78.78366666666666,92.52534615384616,90.84601190476192,15.333333333333334,0.0,77.34,1.4249999999999972,13.0,78.188,-0.847999999999999,13.0,77.543,77.34,0.0,1,0,0.0,0
2024,4,BOT,Kick Sauber,14.0,0.0,0.0,4.0,0.0,-2.0,0.0,8.0,16.0,1.0,9.0,0.0,0.0,15.666666666666666,0.0,0.0,15.666666666666666,0.0,0.0,99.553,108.27613194444444,107.1172074074074,11.666666666666666,0.0,89.593,1.3960000000000008,13.0,90.143,-0.5499999999999972,13.0,89.602,89.593,0.0,1,0,0.0,0
2024,5,BOT,Kick Sauber,20.0,0.0,0.0,-6.0,0.0,-0.5,0.0,8.0,17.0,0.75,9.0,1.0,0.0,15.75,0.0,0.25,15.75,0.0,0.25,97.53,108.822875,103.62857142857142,10.0,0.0,94.665,1.0050000000000097,10.0,95.505,-0.8399999999999892,10.0,95.169,94.769,94.665,1,1,0.0,0
2024,6,BOT,Kick Sauber,16.0,0.0,0.0,-2.0,0.0,-1.6,0.0,8.0,15.0,0.6,10.0,1.0,0.0,16.0,0.0,0.4,16.0,0.0,0.4,89.636,108.93721428571428,114.10571428571428,17.0,0.0,88.463,1.2219999999999942,16.0,88.824,-0.3610000000000042,16.0,88.463,0.0,0.0,0,0,0.0,0
2024,7,BOT,Kick Sauber,18.0,0.0,0.0,-3.0,0.0,-1.6666666666666667,0.0,9.0,16.5,0.6666666666666667,10.0,0.0,0.0,15.833333333333334,0.0,0.3333333333333333,15.833333333333334,0.0,0.3333333333333333,77.53666666666666,90.47725396825396,82.16493939393939,15.333333333333334,0.0,76.626,1.8800000000000097,16.0,76.834,-0.2079999999999984,16.0,76.626,0.0,0.0,0,0,0.0,0
2024,8,BOT,Kick Sauber,13.0,0.0,0.0,3.0,0.0,-1.8571428571428568,0.0,9.0,14.5,0.7142857142857143,9.0,0.0,0.0,15.928571428571429,0.0,0.2857142857142857,15.928571428571429,0.0,0.2857142857142857,73.1525,88.92129636363636,88.1857840909091,16.0,0.0,72.512,2.2420000000000044,19.0,73.028,-0.5160000000000053,17.0,72.512,0.0,0.0,0,0,2.0,1
2024,9,BOT,Kick Sauber,13.0,0.0,0.0,2.0,0.0,-1.25,0.0,10.0,14.0,0.75,10.0,0.0,0.0,15.75,0.0,0.25,15.75,0.0,0.25,79.70966666666666,93.87155366161616,88.98918571428571,11.666666666666666,0.0,73.366,1.6239999999999952,17.0,74.292,-0.926000000000002,17.0,73.366,0.0,0.0,0,0,0.0,0
2024,10,BOT,Kick Sauber,16.0,0.0,0.0,-3.0,0.0,-0.8888888888888888,0.0,10.0,14.5,0.7777777777777778,9.0,0.0,0.0,15.555555555555555,0.0,0.2222222222222222,15.555555555555555,0.0,0.2222222222222222,74.47333333333334,86.85146572871572,85.71383333333334,12.0,0.0,72.227,0.8440000000000083,12.0,72.738,-0.5109999999999957,12.0,72.758,72.227,0.0,1,0,0.0,0
2024,11,BOT,Kick Sauber,16.0,0.0,0.0,1.0,0.0,-1.1,0.0,10.0,16.5,0.8,9.0,1.0,0.0,15.45,0.0,0.2,15.45,0.0,0.2,66.925,76.86570588235294,83.15942857142856,15.0,0.0,65.847,1.5330000000000013,18.0,66.061,-0.2140000000000128,18.0,65.847,0.0,0.0,0,0,0.0,0
2024,12,BOT,Kick Sauber,15.0,0.0,0.0,3.0,0.0,-0.9090909090909092,0.0,10.0,16.5,0.8181818181818181,9.0,0.0,0.0,15.545454545454543,0.0,0.1818181818181818,15.545454545454543,0.0,0.1818181818181818,91.959,105.42774550264552,105.05294444444444,13.0,0.0,92.431,6.611999999999995,16.0,87.867,4.563999999999993,16.0,92.431,0.0,0.0,0,0,0.0,0
2024,13,BOT,Kick Sauber,16.0,0.0,0.0,3.0,0.0,-0.5833333333333334,0.0,10.0,17.5,0.8333333333333334,9.0,0.0,0.0,15.625,0.0,0.1666666666666666,15.625,0.0,0.1666666666666666,78.398,95.94911005291006,102.6716761904762,12.666666666666666,0.0,76.384,1.1569999999999965,12.0,78.037,-1.6530000000000058,12.0,77.487,76.384,0.0,1,0,0.0,0
2024,14,BOT,Kick Sauber,15.0,0.0,0.0,4.0,0.0,-0.3076923076923077,0.0,10.0,17.0,0.8461538461538461,10.0,0.0,0.0,15.76923076923077,0.0,0.1538461538461538,15.76923076923077,0.0,0.1538461538461538,111.774,118.3167888888889,119.48583333333332,11.666666666666666,0.0,114.764,1.6049999999999898,14.0,117.775,-3.01100000000001,14.0,115.531,114.764,0.0,1,0,0.0,0
2024,15,BOT,Kick Sauber,19.0,0.0,0.0,1.0,0.0,0.0,0.0,10.0,19.5,0.7857142857142857,10.0,0.0,0.0,15.857142857142858,0.0,0.2142857142857142,15.857142857142858,0.0,0.2142857142857142,76.6805,82.87279166666667,80.458125,10.5,0.0,72.168,2.4950000000000045,18.0,73.261,-1.092999999999989,17.0,72.168,0.0,0.0,0,0,1.0,1
2024,16,BOT,Kick Sauber,16.0,0.0,0.0,2.0,0.0,0.0666666666666666,0.0,10.0,17.0,0.8,10.0,0.0,0.0,16.1,0.0,0.2,16.1,0.0,0.2,81.64833333333333,95.3595765669516,92.47881666666667,11.666666666666666,0.0,81.101,1.774000000000001,19.0,81.445,-0.3439999999999941,19.0,81.101,0.0,0.0,0,0,0.0,0
2024,17,BOT,Kick Sauber,16.0,0.0,0.0,-2.0,0.0,0.7333333333333333,0.0,10.0,15.0,0.8125,10.0,0.0,0.0,16.15625,0.0,0.1875,16.233333333333334,0.0,0.2,105.53733333333334,118.20965925925924,120.03064393939393,15.333333333333334,0.0,103.618,2.253,18.0,104.246,-0.6280000000000001,17.0,103.618,0.0,0.0,0,0,1.0,1
2024,18,BOT,Kick Sauber,16.0,0.0,0.0,-1.0,0.0,0.5333333333333333,0.0,10.0,15.5,0.8235294117647058,10.0,0.0,0.0,16.08823529411765,0.0,0.1764705882352941,16.066666666666666,0.0,0.2,92.78966666666668,109.31737527233116,113.291775,19.0,0.0,91.572,2.046999999999997,19.0,92.054,-0.4819999999999993,19.0,91.572,0.0,0.0,0,0,0.0,0
2024,19,BOT,Kick Sauber,17.0,0.0,0.0,2.0,0.0,0.4,0.0,10.0,18.0,0.8333333333333334,10.0,1.0,0.0,16.055555555555557,0.0,0.1666666666666666,16.133333333333333,0.0,0.2,95.041,106.10176470588236,99.78085714285714,18.0,0.0,94.152,1.8220000000000027,18.0,94.228,-0.0759999999999934,18.0,94.152,0.0,0.0,0,0,0.0,0
2024,20,BOT,Kick Sauber,14.0,0.0,0.0,1.0,0.0,0.2666666666666666,0.0,10.0,14.5,0.8421052631578947,10.0,0.0,0.0,16.157894736842106,0.0,0.1578947368421052,16.266666666666666,0.0,0.1333333333333333,78.346,87.01970222832722,84.83836111111111,9.333333333333334,0.0,77.393,1.4470000000000027,15.0,78.072,-0.679000000000002,15.0,77.393,77.817,0.0,1,0,0.0,0
2024,21,BOT,Kick Sauber,13.0,0.0,0.0,2.0,0.0,0.7333333333333333,0.0,10.0,14.0,0.85,10.0,1.0,0.0,16.075,0.0,0.15,16.1,0.0,0.0666666666666666,71.651,83.35084210526317,75.68885714285715,14.0,0.0,86.472,3.066999999999993,11.0,92.263,-5.791000000000011,11.0,90.633,86.472,0.0,1,0,0.0,0
2024,22,BOT,Kick Sauber,18.0,0.0,0.0,-5.0,0.0,1.0,0.0,10.0,15.5,0.8571428571428572,10.0,0.0,0.0,15.976190476190476,0.0,0.1428571428571428,16.033333333333335,0.0,0.0666666666666666,96.399,107.86113032581454,107.349,14.666666666666666,0.0,94.43,2.118000000000009,19.0,93.566,0.8640000000000043,19.0,94.43,0.0,0.0,0,0,0.0,0
2024,23,BOT,Kick Sauber,11.0,4.0,0.0,-3.0,-4.0,0.8666666666666667,0.0,10.0,9.5,0.8636363636363636,10.0,0.0,0.0,15.954545454545457,0.0,0.1363636363636363,15.966666666666669,0.0,0.0666666666666666,86.36718181117138,97.3871556950587,94.62157214119895,13.515151514172478,0.0,81.731,1.2109999999999983,13.0,81.501,0.2299999999999897,13.0,81.927,81.731,0.0,1,0,0.0,0
2024,24,BOT,Kick Sauber,18.0,0.0,0.0,-5.0,0.0,0.4666666666666667,-0.2666666666666666,10.0,15.5,0.8695652173913043,10.0,0.0,4.0,15.673913043478262,0.1739130434782608,0.1304347826086956,15.633333333333333,0.2666666666666666,0.0666666666666666,84.61815384375114,95.50994284829748,92.41265475886316,13.23076923043773,0.0,83.204,0.6089999999999947,10.0,83.88,-0.6760000000000019,9.0,83.481,83.341,83.204,1,1,1.0,1
2024,16,COL,Williams,12.0,2.0,0.0,-3.0,-2.0,0.05515097246476,0.0349406624367004,9.0,10.5,0.6666666666666667,9.0,0.0,4.0,15.533333333333331,0.2666666666666666,0.3333333333333333,15.533333333333331,0.2666666666666666,0.3333333333333333,81.85633333333332,93.57730726495726,86.94286507936506,14.333333333333334,0.0,81.061,1.7340000000000089,18.0,80.299,0.7620000000000005,18.0,81.061,0.0,0.0,0,0,0.0,0
2024,17,COL,Williams,8.0,6.0,0.0,-1.0,-2.0,-3.0,-2.0,9.0,7.5,0.6875,9.0,0.0,6.0,15.21875,0.375,0.3125,15.066666666666666,0.4,0.3333333333333333,105.296,112.67755833333332,112.1961888888889,13.0,0.0,102.473,1.108000000000004,9.0,102.84,-0.3670000000000044,9.0,103.138,102.473,102.53,1,1,0.0,0
2024,18,COL,Williams,11.0,0.0,0.0,9.0,0.0,-2.0,-2.0,8.0,15.5,0.7058823529411764,9.0,0.0,16.0,14.764705882352942,0.9411764705882352,0.2941176470588235,14.733333333333333,1.0666666666666669,0.3333333333333333,91.888,104.4209843137255,97.67062380952382,12.0,0.0,90.481,0.9559999999999887,12.0,90.474,0.0069999999999907,12.0,90.704,90.481,0.0,1,0,0.0,0
2024,19,COL,Williams,10.0,0.0,0.0,6.0,1.0,1.6666666666666667,-1.3333333333333333,8.0,13.0,0.6666666666666667,9.0,1.0,16.0,14.805555555555555,0.8888888888888888,0.3333333333333333,15.033333333333331,1.0666666666666669,0.4,95.248,109.33523529411764,98.56499999999998,19.0,0.0,94.062,1.731999999999999,17.0,94.051,0.0109999999999956,17.0,94.062,0.0,0.0,0,0,0.0,0
2024,20,COL,Williams,12.0,0.0,0.0,7.0,0.0,2.75,-0.75,8.0,15.5,0.6842105263157895,9.0,0.0,17.0,14.710526315789474,0.8947368421052632,0.3157894736842105,14.666666666666666,1.1333333333333333,0.3333333333333333,78.57633333333332,91.03959898989898,88.0550138888889,13.0,0.0,77.558,1.612000000000009,16.0,76.988,0.5700000000000074,16.0,77.558,0.0,0.0,0,0,0.0,0
2024,21,COL,Williams,17.0,0.0,0.0,1.0,0.0,3.6,-0.6,8.0,17.5,0.65,9.0,1.0,17.0,14.75,0.85,0.35,14.733333333333333,1.1333333333333333,0.4,71.619,81.23712499999999,76.14822222222223,13.0,0.0,91.27,7.864999999999995,18.0,84.657,6.613,18.0,91.27,0.0,0.0,0,0,0.0,0
2024,22,COL,Williams,14.0,0.0,0.0,5.0,0.0,3.1666666666666665,-0.5,9.0,16.5,0.5714285714285714,9.0,0.0,17.0,14.88095238095238,0.8095238095238095,0.4285714285714285,14.633333333333333,1.1333333333333333,0.4666666666666667,96.20533333333331,107.82668518518518,104.7245238095238,14.333333333333334,0.0,93.746,1.4339999999999975,14.0,94.425,-0.679000000000002,14.0,93.746,93.749,0.0,1,0,0.0,0
2024,23,COL,Williams,19.0,0.0,0.0,-4.0,0.0,3.4285714285714284,-0.4285714285714285,9.0,17.0,0.5454545454545454,9.0,0.0,17.0,14.954545454545457,0.7727272727272727,0.4545454545454545,14.5,1.1333333333333333,0.4666666666666667,86.2946969671711,97.52278946016888,93.9001670246332,13.727272727120749,0.0,82.594,2.073999999999998,19.0,82.39,0.2039999999999935,19.0,82.594,0.0,0.0,0,0,0.0,0
2024,24,COL,Williams,19.0,0.0,0.0,-8.0,0.0,2.5,-0.375,9.0,15.0,0.5217391304347826,9.0,0.0,17.0,15.043478260869565,0.7391304347826086,0.4782608695652174,14.833333333333334,1.0,0.5333333333333333,84.57207692165544,95.77133908162718,92.0850056455211,13.61538461530332,0.0,83.912,1.3170000000000073,19.0,83.821,0.0910000000000081,19.0,83.912,0.0,0.0,0,0,0.0,0
2025,7,COL,Alpine,16.0,0.0,0.0,-3.0,0.0,1.3333333333333333,-0.3333333333333333,8.0,14.5,0.3333333333333333,9.0,0.0,6.0,15.166666666666666,1.0,0.6666666666666666,15.166666666666666,1.0,0.6666666666666666,92.9620647249902,103.50250120767411,98.88163164018988,13.123442775251226,0.0,76.256,1.5859999999999983,15.0,75.505,0.7510000000000048,15.0,76.256,0.0,0.0,0,0,0.0,0
2025,8,COL,Alpine,13.0,0.0,0.0,7.0,0.0,0.9,-0.3,9.0,16.5,0.4285714285714286,9.0,0.0,6.0,15.071428571428571,0.8571428571428571,0.5714285714285714,15.071428571428571,0.8571428571428571,0.5714285714285714,92.9662067359059,103.50687141955514,98.8860642767766,13.12255006643402,0.0,72.597,2.6430000000000007,20.0,71.994,0.6029999999999944,20.0,72.597,0.0,0.0,0,0,0.0,0
2025,9,COL,Alpine,15.0,4.0,0.0,-7.0,-4.0,1.4545454545454546,-0.2727272727272727,9.0,11.5,0.375,9.0,0.0,6.0,15.25,0.75,0.625,15.25,0.75,0.625,92.97074431675904,103.5116697216677,98.89091991665316,13.121565018471104,0.0,73.334,1.7879999999999967,19.0,72.199,1.1350000000000051,19.0,73.334,0.0,0.0,0,0,0.0,0
2024,24,DOO,Alpine,15.0,6.0,0.0,-8.0,-6.0,0.05515097246476,0.0349406624367004,6.0,11.0,0.7391304347826086,8.0,0.0,57.0,13.41304347826087,2.4782608695652173,0.2608695652173913,12.866666666666667,3.6666666666666665,0.2666666666666666,87.36750826400076,102.03769152661066,99.86821666666668,14.0,0.0,84.105,1.5100000000000051,20.0,82.984,1.121000000000009,20.0,84.105,0.0,0.0,0,0,0.0,0
2025,1,DOO,Alpine,19.0,0.0,0.0,-8.0,0.0,-8.0,-6.0,1.0,15.0,0.7694879862778201,5.456310679611651,0.0,0.0,10.453909994175111,10.19606730143622,0.2305120137221799,0.0,0.0,0.2313847200983123,87.36750826400076,102.03769152661066,99.86821666666668,14.0,0.0,76.315,1.218999999999994,13.0,75.98,0.3349999999999937,14.0,76.315,76.863,0.0,1,0,-1.0,1
2025,2,DOO,Alpine,13.0,0.0,0.0,7.0,0.0,-8.0,-3.0,8.0,16.5,0.0,9.0,0.0,0.0,15.0,0.0,1.0,15.0,0.0,1.0,87.36750826400076,102.03769152661066,99.86821666666668,14.0,0.0,92.092,1.4509999999999934,18.0,91.992,0.0999999999999943,18.0,92.092,0.0,0.0,0,0,0.0,0
2025,3,DOO,Alpine,15.0,0.0,0.0,-2.0,0.0,-3.0,-2.0,9.0,14.0,0.0,10.0,0.0,0.0,15.75,0.0,1.0,15.75,0.0,1.0,87.36750826400076,102.03769152661066,99.86821666666668,14.0,0.0,88.877,1.8939999999999912,19.0,87.822,1.0549999999999926,19.0,88.877,0.0,0.0,0,0,0.0,0
2025,4,DOO,Alpine,14.0,6.0,0.0,-7.0,-6.0,-2.75,-1.5,10.0,10.5,0.3333333333333333,10.0,0.0,0.0,15.166666666666666,0.0,0.6666666666666666,15.166666666666666,0.0,0.6666666666666666,87.36750826400076,102.03769152661066,99.86821666666668,14.0,0.0,91.245,1.4040000000000106,11.0,90.216,1.0290000000000106,11.0,91.414,91.245,0.0,1,0,0.0,0
2025,5,DOO,Alpine,17.0,0.0,0.0,3.0,0.0,-3.6,-2.4,8.0,18.5,0.5,7.0,0.0,6.0,14.0,1.5,0.5,14.0,1.5,0.5,87.36750826400076,102.03769152661066,99.86821666666668,14.0,0.0,88.739,1.4450000000000074,17.0,88.025,0.7139999999999986,17.0,88.739,0.0,0.0,0,0,0.0,0
2025,6,DOO,Alpine,20.0,0.0,0.0,-7.0,0.0,-2.5,-2.0,8.0,16.5,0.4,9.0,0.0,6.0,14.9,1.2,0.6,14.9,1.2,0.6,87.36750826400076,102.03769152661066,99.86821666666668,14.0,0.0,87.186,0.9820000000000136,14.0,87.71,-0.5239999999999867,14.0,87.422,87.186,0.0,1,0,0.0,0
2024,1,GAS,Alpine,18.0,0.0,0.0,-1.0,0.0,0.05515097246476,0.0349406624367004,1.0,17.5,0.7694879862778201,5.456310679611651,0.0,0.0,10.453909994175111,10.19606730143622,0.2305120137221799,0.0,0.0,0.2313847200983123,93.159,107.90282175925928,106.82298571428572,18.0,0.0,90.948,1.782999999999987,20.0,90.793,0.1549999999999869,20.0,90.948,0.0,0.0,0,0,0.0,0
2024,2,GAS,Alpine,20.0,0.0,0.0,-7.0,0.0,-1.0,0.0,6.0,16.5,1.0,9.0,0.0,0.0,17.5,0.0,0.0,17.5,0.0,0.0,90.04,106.06049171842648,102.93057575757577,12.666666666666666,0.0,89.479,2.007000000000005,18.0,89.475,0.0040000000000048,18.0,89.479,0.0,0.0,0,0,0.0,0
2024,3,GAS,Alpine,13.0,0.0,0.0,3.0,0.0,-4.0,0.0,7.0,14.5,0.5,10.0,0.0,0.0,17.0,0.0,0.5,17.0,0.0,0.5,78.901,92.48167449874688,89.82383796296297,17.0,0.0,77.982,2.066999999999993,18.0,77.617,0.3649999999999949,17.0,77.982,0.0,0.0,0,0,1.0,1
2024,4,GAS,Alpine,16.0,0.0,0.0,-1.0,0.0,-1.6666666666666667,0.0,8.0,15.5,0.6666666666666667,10.0,0.0,0.0,16.166666666666668,0.0,0.3333333333333333,16.166666666666668,0.0,0.3333333333333333,91.709,105.29808333333334,107.83796428571428,17.0,0.0,90.119,1.921999999999997,17.0,89.811,0.3079999999999927,17.0,90.119,0.0,0.0,0,0,0.0,0
2024,5,GAS,Alpine,13.0,0.0,0.0,-2.0,0.0,-1.5,0.0,8.0,12.0,0.75,10.0,1.0,0.0,16.0,0.0,0.25,16.0,0.0,0.25,99.276,105.76107692307691,101.89466666666664,20.0,0.0,95.287,1.6270000000000095,15.0,95.223,0.0640000000000071,15.0,95.287,95.463,0.0,1,0,0.0,0
2024,6,GAS,Alpine,12.0,1.0,0.0,-2.0,-1.0,-1.6,0.0,8.0,11.0,0.8,9.0,1.0,0.0,15.2,0.0,0.2,15.2,0.0,0.2,89.175,108.35014285714286,102.99909090909092,10.0,0.0,87.976,0.7349999999999994,8.0,88.209,-0.2330000000000041,12.0,87.976,88.324,0.0,1,0,-4.0,1
2024,7,GAS,Alpine,16.0,0.0,0.0,-2.0,0.0,-1.6666666666666667,-0.1666666666666666,8.0,15.0,0.8333333333333334,8.0,0.0,1.0,14.5,0.1666666666666666,0.1666666666666666,14.5,0.1666666666666666,0.1666666666666666,77.44333333333333,95.9088988095238,95.489,15.0,0.0,76.015,1.2690000000000057,14.0,75.906,0.1089999999999946,15.0,76.015,76.381,0.0,1,0,-1.0,1
2024,8,GAS,Alpine,10.0,0.0,0.0,7.0,1.0,-1.7142857142857142,-0.1428571428571428,8.0,13.5,0.8571428571428572,8.0,0.0,1.0,14.571428571428571,0.1428571428571428,0.1428571428571428,14.571428571428571,0.1428571428571428,0.1428571428571428,73.48933333333333,89.60465600835944,85.09135353535355,16.0,0.0,70.896,0.6260000000000048,9.0,71.285,-0.3889999999999958,10.0,71.714,70.896,71.311,1,1,-1.0,1
2024,9,GAS,Alpine,9.0,1.0,0.0,1.0,1.0,-0.625,0.0,8.0,9.5,0.75,8.0,0.0,2.0,14.4375,0.25,0.25,14.4375,0.25,0.25,80.70333333333333,89.19857857142858,87.36766287878788,14.0,0.0,72.94,1.1979999999999933,15.0,73.435,-0.4950000000000045,15.0,73.289,72.94,0.0,1,0,0.0,0
2024,10,GAS,Alpine,9.0,1.0,0.0,1.0,1.0,-0.4444444444444444,0.1111111111111111,7.0,9.5,0.7777777777777778,8.0,0.0,5.0,13.88888888888889,0.5555555555555556,0.2222222222222222,13.88888888888889,0.5555555555555556,0.2222222222222222,74.297,97.19391159717476,95.04556666666667,9.666666666666666,0.0,71.857,0.4740000000000037,7.0,72.109,-0.2519999999999953,7.0,72.651,72.079,71.857,1,1,0.0,0
2024,11,GAS,Alpine,10.0,0.0,0.0,2.0,1.0,-0.3,0.2,7.0,11.0,0.8,8.0,1.0,8.0,13.45,0.8,0.2,13.45,0.8,0.2,66.734,81.6061,87.7581,11.0,0.0,65.335,1.0210000000000008,12.0,65.274,0.0609999999999928,13.0,65.598,65.359,0.0,1,0,-1.0,1
2024,12,GAS,Alpine,20.0,0.0,0.0,-4.0,0.0,-0.0909090909090909,0.2727272727272727,8.0,18.0,0.8181818181818181,8.0,0.0,9.0,13.227272727272728,0.8181818181818182,0.1818181818181818,13.227272727272728,0.8181818181818182,0.1818181818181818,87.732,104.8226875,110.82066666666668,14.0,0.0,99.804,13.985,20.0,94.557,5.247,20.0,99.804,0.0,0.0,0,0,0.0,0
2024,13,GAS,Alpine,20.0,0.0,0.0,-2.0,0.0,-0.4166666666666667,0.25,8.0,19.0,0.75,8.0,0.0,9.0,13.625,0.75,0.25,13.625,0.75,0.25,78.78766666666667,94.4118708994709,94.33710912698412,17.0,0.0,78.166,2.938999999999993,20.0,78.049,0.1169999999999902,20.0,78.166,0.0,0.0,0,0,0.0,0
2024,14,GAS,Alpine,13.0,2.0,0.0,-4.0,-2.0,-0.5384615384615384,0.2307692307692307,8.0,11.0,0.6923076923076923,8.0,0.0,9.0,14.038461538461538,0.6923076923076923,0.3076923076923077,14.038461538461538,0.6923076923076923,0.3076923076923077,110.61233333333332,116.63093055555557,117.61719999999998,9.666666666666666,0.0,114.635,1.475999999999999,12.0,114.46,0.1750000000000113,12.0,114.911,114.635,0.0,1,0,0.0,0
2024,15,GAS,Alpine,9.0,0.0,0.0,6.0,2.0,-0.7857142857142857,0.0714285714285714,8.0,12.0,0.7142857142857143,8.0,0.0,11.0,13.821428571428571,0.7857142857142857,0.2857142857142857,13.821428571428571,0.7857142857142857,0.2857142857142857,77.997,84.88547530864197,81.06228888888889,11.666666666666666,0.0,70.815,1.141999999999996,10.0,71.995,-1.1800000000000068,9.0,71.718,70.815,70.977,1,1,1.0,1
2024,16,GAS,Alpine,15.0,0.0,0.0,-1.0,0.0,-0.3333333333333333,0.2,8.0,14.5,0.7333333333333334,8.0,0.0,13.0,13.7,0.8666666666666667,0.2666666666666666,13.7,0.8666666666666667,0.2666666666666666,81.91233333333334,103.4504113997114,104.5489,15.333333333333334,0.0,80.738,1.4110000000000014,14.0,80.764,-0.0259999999999962,14.0,80.748,80.738,0.0,1,0,0.0,0
2024,17,GAS,Alpine,12.0,0.0,0.0,3.0,0.0,-0.3333333333333333,0.2,8.0,13.5,0.75,8.0,0.0,13.0,13.75,0.8125,0.25,13.5,0.8666666666666667,0.2666666666666666,105.993,114.17912307692306,115.52330555555557,17.0,0.0,103.088,1.722999999999999,13.0,104.504,-1.416000000000011,15.0,0.0,103.179,0.0,1,0,-2.0,1
2024,18,GAS,Alpine,17.0,0.0,0.0,-4.0,0.0,0.3333333333333333,0.2,9.0,15.0,0.7647058823529411,8.0,0.0,13.0,13.735294117647058,0.7647058823529411,0.2352941176470588,13.3,0.8666666666666667,0.2,92.09433333333334,102.03769152661066,102.9902138047138,15.0,0.0,91.312,1.786999999999992,18.0,90.769,0.5429999999999922,18.0,91.312,0.0,0.0,0,0,0.0,0
2024,19,GAS,Alpine,12.0,0.0,0.0,6.0,0.0,-0.1333333333333333,0.2,9.0,15.0,0.7777777777777778,8.0,1.0,13.0,13.805555555555555,0.7222222222222222,0.2222222222222222,13.333333333333334,0.8666666666666667,0.2,94.375,112.312,104.283,12.0,0.0,93.018,0.6880000000000024,7.0,93.597,-0.5789999999999935,7.0,93.55,93.162,93.018,1,1,0.0,0
2024,20,GAS,Alpine,10.0,0.0,0.0,3.0,1.0,0.3333333333333333,0.2,9.0,11.5,0.7894736842105263,8.0,0.0,13.0,13.86842105263158,0.6842105263157895,0.2105263157894736,13.3,0.8666666666666667,0.2,78.91199999999999,89.1221505050505,91.58335833333336,17.0,0.0,76.892,0.945999999999998,8.0,77.617,-0.7250000000000085,8.0,77.149,77.048,76.892,1,1,0.0,0
2024,21,GAS,Alpine,3.0,18.0,1.0,-1.0,-3.0,0.6666666666666666,0.2666666666666666,9.0,2.5,0.8,8.0,1.0,14.0,13.75,0.7,0.2,13.266666666666667,0.9333333333333332,0.2,71.216,89.0486842105263,82.65681818181818,10.0,1.0,89.42,6.015000000000001,15.0,84.475,4.945000000000007,15.0,89.42,89.614,0.0,1,0,0.0,0
2024,22,GAS,Alpine,20.0,0.0,0.0,-3.0,0.0,0.7333333333333333,0.1333333333333333,6.0,18.5,0.8095238095238095,7.0,0.0,47.0,13.214285714285714,2.238095238095238,0.1904761904761904,12.7,3.066666666666667,0.2,95.34466666666668,109.17624195906431,108.55522510822512,8.333333333333334,0.0,92.664,0.3520000000000038,4.0,93.221,-0.5570000000000022,3.0,93.691,92.879,92.664,1,1,1.0,1
2024,23,GAS,Alpine,5.0,0.0,0.0,15.0,10.0,0.6666666666666666,0.1333333333333333,6.0,12.5,0.7727272727272727,8.0,0.0,47.0,13.454545454545457,2.136363636363636,0.2272727272727272,12.933333333333334,3.066666666666667,0.2666666666666666,85.77636363378592,100.04070957895696,98.40622925740408,10.36363636423368,0.0,81.437,0.9170000000000016,11.0,82.714,-1.277000000000001,11.0,81.843,81.437,0.0,1,0,0.0,0
2024,24,GAS,Alpine,7.0,0.0,0.0,8.0,6.0,1.2,0.7333333333333333,6.0,11.0,0.7391304347826086,8.0,0.0,57.0,13.41304347826087,2.4782608695652173,0.2608695652173913,12.866666666666667,3.6666666666666665,0.2666666666666666,84.12830768960464,98.35528000603196,96.66989987225516,10.846153846697918,0.0,82.984,0.3889999999999958,7.0,84.105,-1.121000000000009,6.0,83.548,83.086,82.984,1,1,1.0,1
2025,1,GAS,Alpine,11.0,0.0,0.0,8.0,0.0,1.6666666666666667,1.0666666666666669,1.0,15.0,0.7694879862778201,5.456310679611651,0.0,0.0,10.453909994175111,10.19606730143622,0.2305120137221799,0.0,0.0,0.2313847200983123,87.37644957846386,102.159229238658,99.8707606578989,15.88850967547548,0.0,75.98,0.8840000000000003,10.0,76.315,-0.3349999999999937,9.0,76.328,76.112,75.98,1,1,1.0,1
2025,2,GAS,Alpine,20.0,0.0,0.0,-7.0,0.0,2.1333333333333333,1.0,8.0,16.5,0.0,9.0,0.0,0.0,15.0,0.0,1.0,15.0,0.0,1.0,87.36750826400076,102.14956092102884,99.8601000718422,15.88787449476218,0.0,91.992,1.350999999999999,16.0,92.092,-0.0999999999999943,16.0,91.992,0.0,0.0,0,0,0.0,0
2025,3,GAS,Alpine,13.0,0.0,0.0,2.0,0.0,1.5333333333333334,0.9333333333333332,9.0,14.0,0.0,10.0,0.0,0.0,15.75,0.0,1.0,15.75,0.0,1.0,86.88082039925345,101.2773133391335,100.19419359523997,15.556010283956306,0.0,87.822,0.8389999999999986,11.0,88.877,-1.0549999999999926,11.0,88.186,87.822,0.0,1,0,0.0,0
2025,4,GAS,Alpine,7.0,0.0,0.0,7.0,6.0,1.933333333333333,0.9333333333333332,10.0,10.5,0.3333333333333333,10.0,0.0,0.0,15.166666666666666,0.0,0.6666666666666666,15.166666666666666,0.0,0.6666666666666666,89.96254997651222,101.18157458605032,99.8546703330599,17.99968518802964,0.0,90.216,0.375,5.0,91.245,-1.0290000000000106,5.0,91.462,90.643,90.216,1,1,0.0,0
2025,5,GAS,Alpine,20.0,0.0,0.0,-3.0,0.0,2.533333333333333,1.3333333333333333,8.0,18.5,0.5,7.0,0.0,6.0,14.0,1.5,0.5,14.0,1.5,0.5,93.38852069929489,106.46954460017756,104.24316771808792,15.66803085186812,0.0,88.025,0.7310000000000088,9.0,88.739,-0.7139999999999986,9.0,88.421,88.025,88.367,1,1,0.0,0
2025,6,GAS,Alpine,13.0,0.0,0.0,7.0,0.0,2.6,1.4666666666666666,8.0,16.5,0.4,9.0,0.0,6.0,14.9,1.2,0.6,14.9,1.2,0.6,88.63161556223987,103.34161677041466,100.12848984274868,14.998425940148207,0.0,87.71,1.5060000000000002,18.0,87.186,0.5239999999999867,18.0,87.71,0.0,0.0,0,0,0.0,0
2025,7,GAS,Alpine,13.0,0.0,0.0,3.0,0.0,2.6666666666666665,1.3333333333333333,8.0,14.5,0.3333333333333333,9.0,0.0,6.0,15.166666666666666,1.0,0.6666666666666666,15.166666666666666,1.0,0.6666666666666666,80.03507272136932,97.953921891193,94.52678449383164,13.66708641595886,0.0,75.505,0.8349999999999937,9.0,76.256,-0.7510000000000048,10.0,75.937,75.505,75.787,1,1,-1.0,1
2025,8,GAS,Alpine,20.0,0.0,0.0,-7.0,0.0,2.933333333333333,1.3333333333333333,9.0,16.5,0.4285714285714286,9.0,0.0,6.0,15.071428571428571,0.8571428571428571,0.5714285714285714,15.071428571428571,0.8571428571428571,0.5714285714285714,77.21082805997169,91.570092192084,89.31467550038042,15.000314811970355,0.0,71.994,2.0400000000000063,18.0,72.597,-0.6029999999999944,18.0,71.994,0.0,0.0,0,0,0.0,0
2025,9,GAS,Alpine,8.0,0.0,0.0,7.0,4.0,2.2666666666666666,1.3333333333333333,9.0,11.5,0.375,9.0,0.0,6.0,15.25,0.75,0.625,15.25,0.75,0.625,76.16465150354125,91.99816710413047,89.16762753140817,13.222467075976,0.0,72.199,0.6529999999999916,8.0,73.334,-1.1350000000000051,8.0,73.081,72.611,72.199,1,1,0.0,0
2025,1,HAD,Racing Bulls,20.0,0.0,0.0,-8.0,0.0,0.05515097246476,0.0349406624367004,1.0,16.0,0.7694879862778201,5.456310679611651,0.0,0.0,10.453909994175111,10.19606730143622,0.2305120137221799,0.0,0.0,0.2313847200983123,81.52868973736425,98.46720063865068,103.59304203553437,11.234522420354242,0.0,76.175,1.0789999999999935,11.0,75.67,0.5049999999999955,11.0,76.354,76.175,0.0,1,0,0.0,0
2025,2,HAD,Racing Bulls,11.0,0.0,0.0,5.0,0.0,-8.0,0.0,8.0,13.5,0.0,10.0,0.0,0.0,16.0,0.0,1.0,16.0,0.0,1.0,81.52868973736425,98.46720063865068,103.59304203553437,11.234522420354242,0.0,91.079,0.4379999999999882,7.0,91.238,-0.159000000000006,7.0,91.162,91.253,91.079,1,1,0.0,0
2025,3,HAD,Racing Bulls,8.0,0.0,0.0,9.0,4.0,-1.5,0.0,9.0,12.5,0.5,9.0,0.0,0.0,14.75,0.0,0.5,14.75,0.0,0.5,81.52868973736425,98.46720063865068,103.59304203553437,11.234522420354242,0.0,87.569,0.5859999999999985,7.0,87.906,-0.3370000000000033,7.0,88.278,87.775,87.569,1,1,0.0,0
2025,4,HAD,Racing Bulls,13.0,0.0,0.0,3.0,0.0,2.0,1.3333333333333333,9.0,14.5,0.6666666666666667,8.0,0.0,4.0,14.0,1.3333333333333333,0.3333333333333333,14.0,1.3333333333333333,0.3333333333333333,81.52868973736425,98.46720063865068,103.59304203553437,11.234522420354242,0.0,91.271,1.4300000000000068,12.0,92.165,-0.8940000000000055,12.0,91.591,91.271,0.0,1,0,0.0,0
2025,5,HAD,Racing Bulls,10.0,0.0,0.0,2.0,1.0,2.25,1.0,10.0,11.0,0.75,9.0,0.0,4.0,14.125,1.0,0.25,14.125,1.0,0.25,81.52868973736425,98.46720063865068,103.59304203553437,11.234522420354242,0.0,88.418,1.1240000000000094,14.0,88.191,0.2270000000000038,14.0,88.571,88.418,0.0,1,0,0.0,0
2025,6,HAD,Racing Bulls,11.0,0.0,0.0,6.0,0.0,2.2,1.0,10.0,14.0,0.8,7.0,0.0,5.0,13.5,1.0,0.2,13.5,1.0,0.2,81.52868973736425,98.46720063865068,103.59304203553437,11.234522420354242,0.0,86.987,0.7830000000000013,11.0,87.363,-0.3760000000000048,11.0,87.301,86.987,0.0,1,0,0.0,0
2025,7,HAD,Racing Bulls,9.0,0.0,0.0,5.0,2.0,2.833333333333333,0.8333333333333334,10.0,11.5,0.6666666666666667,7.0,0.0,5.0,13.583333333333334,0.8333333333333334,0.3333333333333333,13.583333333333334,0.8333333333333334,0.3333333333333333,81.52868973736425,98.46720063865068,103.59304203553437,11.234522420354242,0.0,75.51,0.8400000000000034,10.0,76.379,-0.8689999999999998,9.0,76.253,75.51,75.746,1,1,1.0,1
2025,8,HAD,Racing Bulls,6.0,4.0,0.0,2.0,4.0,3.142857142857143,1.0,8.0,7.0,0.7142857142857143,7.0,0.0,7.0,13.285714285714286,1.0,0.2857142857142857,13.285714285714286,1.0,0.2857142857142857,81.52868973736425,98.46720063865068,103.59304203553437,11.234522420354242,0.0,70.923,0.9690000000000084,7.0,71.129,-0.206000000000003,6.0,71.811,71.04,70.923,1,1,1.0,1
2025,9,HAD,Racing Bulls,7.0,0.0,0.0,4.0,6.0,3.0,1.375,7.0,9.0,0.75,6.0,0.0,19.0,12.5,2.375,0.25,12.5,2.375,0.25,81.52868973736425,98.46720063865068,103.59304203553437,11.234522420354242,0.0,72.252,0.7059999999999889,9.0,72.763,-0.5110000000000099,9.0,73.139,72.461,72.252,1,1,0.0,0
2024,1,HAM,Mercedes,7.0,10.0,0.0,-2.0,-4.0,0.05515097246476,0.0349406624367004,1.0,6.0,0.7694879862778201,5.456310679611651,0.0,0.0,10.453909994175111,10.19606730143622,0.2305120137221799,0.0,0.0,0.2313847200983123,91.70933333333332,99.91034346405227,98.84046825396824,7.333333333333333,0.0,89.71,0.5449999999999875,9.0,89.485,0.2249999999999943,9.0,90.451,89.718,89.71,1,1,0.0,0
2024,2,HAM,Mercedes,9.0,8.0,0.0,-3.0,-6.0,-2.0,-4.0,3.0,7.5,1.0,3.0,0.0,16.0,6.0,16.0,0.0,6.0,16.0,0.0,89.66933333333334,100.00800909090908,97.58455555555555,8.333333333333334,0.0,88.46,0.9879999999999995,9.0,88.316,0.1439999999999912,8.0,88.994,88.606,88.46,1,1,1.0,1
2024,3,HAM,Mercedes,18.0,0.0,0.0,-1.0,0.0,-2.5,-5.0,4.0,17.5,1.0,4.0,0.0,26.0,6.75,13.0,0.0,6.75,13.0,0.0,78.137,96.44741794871794,104.87750396825396,10.333333333333334,0.0,76.96,1.0449999999999875,11.0,76.724,0.23599999999999,11.0,77.499,76.96,0.0,1,0,0.0,0
2024,4,HAM,Mercedes,9.0,6.0,0.0,-2.0,-4.0,-2.0,-3.333333333333333,4.0,8.0,0.3333333333333333,5.0,0.0,26.0,10.333333333333334,8.666666666666666,0.6666666666666666,10.333333333333334,8.666666666666666,0.6666666666666666,91.93533333333336,101.08611616161618,101.1801130952381,3.6666666666666665,0.0,88.766,0.5690000000000026,7.0,89.008,-0.2419999999999902,7.0,89.661,88.887,88.766,1,1,0.0,0
2024,5,HAM,Mercedes,9.0,8.0,0.0,-3.0,-6.0,-2.0,-3.5,4.0,7.5,0.5,5.0,1.0,34.0,9.75,8.5,0.5,9.75,8.5,0.5,98.839,107.5345,102.29625,18.0,0.0,95.573,1.9129999999999967,18.0,94.433,1.1399999999999864,18.0,95.573,0.0,0.0,0,0,0.0,0
2024,6,HAM,Mercedes,6.0,4.0,0.0,2.0,4.0,-2.2,-4.0,4.0,7.0,0.6,4.0,1.0,44.0,9.3,8.8,0.4,9.3,8.8,0.4,89.012,94.6010909090909,93.05516666666666,7.0,0.0,87.697,0.456000000000003,7.0,88.067,-0.3699999999999903,8.0,88.167,87.697,88.107,1,1,-1.0,1
2024,7,HAM,Mercedes,6.0,7.0,0.0,1.0,1.0,-1.5,-2.6666666666666665,4.0,6.5,0.6666666666666667,4.0,0.0,56.0,8.916666666666666,9.333333333333334,0.3333333333333333,8.916666666666666,9.333333333333334,0.3333333333333333,76.88833333333332,98.86679730576442,88.6189,9.333333333333334,0.0,75.504,0.7580000000000098,8.0,75.234,0.2700000000000102,8.0,76.604,75.677,75.504,1,1,0.0,0
2024,8,HAM,Mercedes,7.0,10.0,0.0,-2.0,-3.0,-1.1428571428571428,-2.142857142857143,4.0,6.0,0.7142857142857143,4.0,0.0,71.0,8.571428571428571,10.142857142857142,0.2857142857142857,8.571428571428571,10.142857142857142,0.2857142857142857,71.78166666666665,88.59514850088185,83.769825,2.0,0.0,70.621,0.3509999999999991,7.0,70.543,0.0779999999999887,7.0,71.528,71.056,70.621,1,1,0.0,0
2024,9,HAM,Mercedes,4.0,15.0,1.0,-1.0,-2.0,-1.25,-2.25,4.0,3.5,0.75,4.0,0.0,88.0,8.25,11.0,0.25,8.25,11.0,0.25,78.47566666666667,90.21938779557588,90.84126851851852,4.0,0.0,71.979,0.2369999999999947,2.0,71.742,0.2369999999999947,7.0,72.851,71.979,72.28,1,1,-5.0,1
2024,10,HAM,Mercedes,3.0,12.0,0.0,1.0,3.0,-1.2222222222222223,-2.2222222222222223,4.0,3.5,0.7777777777777778,4.0,0.0,116.0,7.722222222222222,12.88888888888889,0.2222222222222222,7.722222222222222,12.88888888888889,0.2222222222222222,73.84466666666667,84.50749074074075,83.44457792207793,4.666666666666667,1.0,71.701,0.3179999999999978,3.0,71.703,-0.0020000000000095,3.0,72.143,71.792,71.701,1,1,0.0,0
2024,11,HAM,Mercedes,4.0,25.0,1.0,-3.0,-13.0,-1.0,-1.7,4.0,2.5,0.8,4.0,1.0,143.0,7.3,14.3,0.2,7.3,14.3,0.2,66.254,73.92072413793103,71.37765,5.0,0.0,64.903,0.5890000000000128,6.0,64.84,0.0630000000000023,5.0,65.541,65.053,64.903,1,1,1.0,1
2024,12,HAM,Mercedes,1.0,0.0,0.0,18.0,25.0,-1.181818181818182,-2.727272727272727,4.0,10.0,0.8181818181818181,4.0,0.0,180.0,6.863636363636363,16.363636363636363,0.1818181818181818,6.863636363636363,16.363636363636363,0.1818181818181818,90.87466666666668,98.22653846153844,99.321375,5.0,1.0,85.99,0.1709999999999922,2.0,85.819,0.1709999999999922,2.0,89.547,86.77,85.99,1,1,0.0,0
2024,13,HAM,Mercedes,3.0,5.0,0.0,5.0,10.0,0.4166666666666667,-0.4166666666666667,4.0,5.5,0.75,4.0,0.0,205.0,7.125,17.083333333333332,0.25,7.125,17.083333333333332,0.25,78.14533333333334,87.19162037037039,84.28085555555556,9.0,1.0,75.854,0.6269999999999953,5.0,77.968,-2.1140000000000043,5.0,77.087,76.307,75.854,1,1,0.0,0
2024,14,HAM,Mercedes,1.0,0.0,0.0,19.0,25.0,0.7692307692307693,0.3846153846153846,4.0,10.5,0.7692307692307692,4.0,0.0,225.0,7.0,17.307692307692307,0.2307692307692307,7.0,17.307692307692307,0.2307692307692307,111.51633333333332,117.93242916666668,115.84166666666664,8.0,1.0,113.835,0.6759999999999877,4.0,114.095,-0.2600000000000051,4.0,115.692,114.037,113.835,1,1,0.0,0
2024,15,HAM,Mercedes,8.0,6.0,0.0,-1.0,-2.0,2.071428571428572,2.142857142857143,4.0,7.5,0.7142857142857143,4.0,0.0,250.0,7.25,17.857142857142858,0.2857142857142857,7.25,17.857142857142858,0.2857142857142857,75.97233333333334,83.3933125,82.88255555555556,7.0,0.0,70.948,1.2749999999999917,12.0,70.244,0.7039999999999935,11.0,71.375,70.948,0.0,1,0,1.0,1
2024,16,HAM,Mercedes,5.0,6.0,0.0,2.0,4.0,1.8666666666666667,1.8666666666666667,4.0,6.0,0.7333333333333334,4.0,0.0,260.0,7.266666666666667,17.333333333333332,0.2666666666666666,7.266666666666667,17.333333333333332,0.2666666666666666,81.02300000000001,91.2782641025641,97.86180555555556,3.0,0.0,79.513,0.186000000000007,6.0,79.44,0.0730000000000075,6.0,80.477,79.641,79.513,1,1,0.0,0
2024,17,HAM,Mercedes,9.0,15.0,1.0,-6.0,-13.0,2.1333333333333333,2.4,4.0,6.0,0.75,4.0,0.0,276.0,7.1875,17.25,0.25,7.266666666666667,17.333333333333332,0.2666666666666666,104.23666666666666,113.34494166666666,117.48058888888887,5.0,0.0,102.289,0.9240000000000066,7.0,101.874,0.4150000000000062,7.0,103.089,102.765,102.289,1,1,0.0,0
2024,18,HAM,Mercedes,6.0,12.0,0.0,-2.0,-4.0,1.933333333333333,1.933333333333333,4.0,5.0,0.7647058823529411,4.0,0.0,293.0,7.117647058823529,17.235294117647058,0.2352941176470588,7.166666666666667,17.8,0.2666666666666666,91.75066666666667,101.6400277777778,103.63674696969696,10.0,0.0,89.841,0.3159999999999883,5.0,89.867,-0.0260000000000104,3.0,90.393,89.929,89.841,1,1,2.0,1
2024,19,HAM,Mercedes,20.0,8.0,0.0,-14.0,-8.0,1.8666666666666667,1.6666666666666667,4.0,13.0,0.7777777777777778,4.0,1.0,313.0,7.0,17.38888888888889,0.2222222222222222,6.333333333333333,19.133333333333333,0.1333333333333333,93.963,107.0128181818182,108.79,6.0,0.0,94.154,1.823999999999998,19.0,92.974,1.1799999999999926,19.0,94.154,0.0,0.0,0,0,0.0,0
2024,20,HAM,Mercedes,4.0,10.0,0.0,1.0,2.0,1.0666666666666669,1.4,4.0,4.5,0.736842105263158,4.0,0.0,321.0,7.315789473684211,16.894736842105264,0.2631578947368421,6.666666666666667,19.133333333333333,0.2,77.6695,87.59323846153846,81.3489375,6.0,0.0,76.651,0.7049999999999983,6.0,76.356,0.2950000000000017,6.0,77.306,76.973,76.651,1,1,0.0,0
2024,21,HAM,Mercedes,10.0,12.0,0.0,-6.0,-11.0,1.3333333333333333,1.933333333333333,4.0,7.0,0.75,4.0,1.0,343.0,7.175,17.15,0.25,6.466666666666667,19.933333333333334,0.2,71.754,92.22960869565216,76.87191666666666,16.0,0.0,91.15,7.745000000000003,16.0,83.578,7.572000000000003,16.0,91.15,0.0,0.0,0,0,0.0,0
2024,22,HAM,Mercedes,2.0,25.0,1.0,-1.0,-7.0,0.8,0.9333333333333332,4.0,1.5,0.7619047619047619,4.0,0.0,356.0,7.166666666666667,16.952380952380953,0.238095238095238,6.466666666666667,20.0,0.2,94.389,107.55028187134504,105.98391363636364,2.6666666666666665,1.0,92.567,0.2549999999999954,3.0,92.312,0.2549999999999954,10.0,93.225,92.567,108.106,1,1,-7.0,1
2024,23,HAM,Mercedes,12.0,12.0,0.0,-8.0,-12.0,0.6666666666666666,0.4,4.0,8.0,0.7727272727272727,4.0,0.0,399.0,6.909090909090909,18.13636363636364,0.2272727272727272,6.133333333333334,21.866666666666667,0.2,85.17590908944481,99.74336311111716,93.56519152688053,6.909090909616653,0.0,81.011,0.4909999999999996,6.0,80.575,0.4359999999999928,6.0,81.637,81.095,81.011,1,1,0.0,0
2024,24,HAM,Mercedes,4.0,10.0,0.0,1.0,2.0,0.2666666666666666,-0.2,4.0,4.5,0.782608695652174,4.0,0.0,411.0,6.956521739130435,17.869565217391305,0.217391304347826,6.266666666666667,21.53333333333333,0.2,83.56603846061293,98.23075702961889,91.34138161297004,7.538461538884616,0.0,83.887,1.2920000000000016,18.0,83.132,0.7549999999999955,18.0,83.887,0.0,0.0,0,0,0.0,0
2025,1,HAM,Ferrari,10.0,4.0,0.0,-2.0,-3.0,0.4,0.0666666666666666,1.0,9.0,0.7694879862778201,5.456310679611651,0.0,0.0,10.453909994175111,10.19606730143622,0.2305120137221799,0.0,0.0,0.2313847200983123,86.51472818305743,98.79114433623108,100.4294970207298,8.664679861030468,0.0,75.919,0.8229999999999933,8.0,75.755,0.1640000000000014,8.0,76.213,75.919,75.973,1,1,0.0,0
2025,2,HAM,Ferrari,19.0,0.0,0.0,-1.0,0.0,0.2,-0.3333333333333333,7.0,18.5,1.0,4.0,0.0,5.0,9.0,5.0,0.0,9.0,5.0,0.0,86.50621832227048,98.78897405556552,100.43327883132504,8.666561729344222,0.0,90.927,0.2860000000000013,5.0,91.021,-0.093999999999994,5.0,91.69,91.501,90.927,1,1,0.0,0
2025,3,HAM,Ferrari,7.0,12.0,0.0,-3.0,-6.0,0.3333333333333333,0.5333333333333333,8.0,5.5,0.0,8.0,0.0,5.0,13.75,2.5,1.0,13.75,2.5,1.0,86.57789742319429,99.17965398893529,101.215210836471,7.4453539012477,0.0,87.61,0.6269999999999953,8.0,87.299,0.3109999999999928,8.0,87.942,87.61,87.61,1,1,0.0,0
2025,4,HAM,Ferrari,5.0,12.0,0.0,-1.0,-2.0,-1.0666666666666669,-1.5333333333333334,4.0,4.5,0.3333333333333333,5.0,0.0,23.0,11.0,7.666666666666667,0.6666666666666666,11.0,7.666666666666667,0.6666666666666666,89.63783461897582,101.68915479987923,102.78411723577696,10.664462982878398,0.0,90.772,0.9310000000000116,9.0,90.175,0.5970000000000084,9.0,91.219,91.009,90.772,1,1,0.0,0
2025,5,HAM,Ferrari,7.0,15.0,1.0,-4.0,-9.0,-1.4666666666666666,-2.333333333333333,4.0,5.0,0.5,4.0,0.0,45.0,9.375,11.25,0.5,9.375,11.25,0.5,93.26386678249152,101.07593623037609,98.84493011293704,9.558213967753264,0.0,88.102,0.8080000000000069,10.0,87.67,0.4320000000000021,7.0,88.372,88.102,88.201,1,1,3.0,1
2025,6,HAM,Ferrari,8.0,6.0,0.0,-1.0,-2.0,-3.0,-4.6,4.0,7.5,0.6,4.0,0.0,66.0,8.5,13.2,0.4,8.5,13.2,0.4,88.2466854505037,100.3323245758111,94.65626801762616,11.443045280135708,0.0,87.006,0.8020000000000067,12.0,86.754,0.2519999999999953,12.0,87.279,87.006,0.0,1,0,0.0,0
2025,7,HAM,Ferrari,4.0,8.0,0.0,2.0,4.0,-3.0,-4.6,4.0,5.0,0.6666666666666667,4.0,0.0,76.0,8.333333333333334,12.666666666666666,0.3333333333333333,8.333333333333334,12.666666666666666,0.3333333333333333,79.22659698814198,94.0225377497214,88.4813405412265,6.112125505236403,0.0,75.765,1.0949999999999989,12.0,75.604,0.1610000000000013,12.0,76.163,75.765,0.0,1,0,0.0,0
2025,8,HAM,Ferrari,5.0,18.0,1.0,-3.0,-8.0,-3.0,-4.6,4.0,3.5,0.7142857142857143,4.0,0.0,96.0,7.857142857142857,13.714285714285714,0.2857142857142857,7.857142857142857,13.714285714285714,0.2857142857142857,75.71398389184962,92.5591962114192,87.7420802655344,5.110131696094107,0.0,70.382,0.4280000000000115,4.0,70.063,0.3190000000000026,4.0,71.575,70.883,70.382,1,1,0.0,0
2025,9,HAM,Ferrari,6.0,15.0,1.0,-3.0,-7.0,-2.8,-4.266666666666667,4.0,4.5,0.75,3.0,0.0,124.0,7.3125,15.5,0.25,7.3125,15.5,0.25,74.70185508185247,87.77477884691102,86.02007539413192,3.555695471986556,0.0,72.045,0.4989999999999952,5.0,72.131,-0.0859999999999985,5.0,73.058,72.447,72.045,1,1,0.0,0
2024,1,HUL,Haas F1 Team,16.0,0.0,0.0,-4.0,0.0,0.05515097246476,0.0349406624367004,1.0,14.0,0.7694879862778201,5.456310679611651,0.0,0.0,10.453909994175111,10.19606730143622,0.2305120137221799,0.0,0.0,0.2313847200983123,93.36666666666667,106.23092616959065,107.43183333333332,12.0,0.0,89.851,0.6859999999999928,10.0,90.529,-0.6779999999999973,10.0,90.566,89.851,90.502,1,1,0.0,0
2024,2,HUL,Haas F1 Team,10.0,0.0,0.0,2.0,1.0,-4.0,0.0,6.0,11.0,1.0,7.0,0.0,0.0,14.0,0.0,0.0,14.0,0.0,0.0,90.38766666666668,105.23570707070706,102.71657407407407,17.333333333333332,0.0,89.055,1.5830000000000126,15.0,89.02,0.0350000000000108,15.0,89.055,0.0,0.0,0,0,0.0,0
2024,3,HUL,Haas F1 Team,9.0,1.0,0.0,1.0,1.0,-1.0,0.5,6.0,9.5,1.0,6.0,0.0,1.0,12.5,0.5,0.0,12.5,0.5,0.0,78.749,93.95581082621084,91.47151111111113,16.0,0.0,77.976,2.060999999999993,17.0,77.427,0.5489999999999924,16.0,77.976,0.0,0.0,0,0,1.0,1
2024,4,HUL,Haas F1 Team,11.0,0.0,0.0,2.0,0.0,-0.3333333333333333,0.6666666666666666,7.0,12.0,1.0,6.0,0.0,4.0,11.5,1.3333333333333333,0.0,11.5,1.3333333333333333,0.0,99.42533333333334,106.7825111111111,105.6596,12.333333333333334,0.0,89.494,1.296999999999997,12.0,90.131,-0.6370000000000005,12.0,89.821,89.494,0.0,1,0,0.0,0
2024,5,HUL,Haas F1 Team,10.0,0.0,0.0,6.0,1.0,0.25,0.5,7.0,13.0,1.0,6.0,1.0,4.0,11.625,1.0,0.0,11.625,1.0,0.0,97.101,109.7064375,104.799,5.0,0.0,94.604,0.9440000000000026,9.0,95.516,-0.912000000000006,9.0,95.068,94.667,94.604,1,1,0.0,0
2024,6,HUL,Haas F1 Team,11.0,0.0,0.0,8.0,0.0,1.4,0.6,7.0,15.0,1.0,6.0,1.0,5.0,11.9,1.0,0.0,11.9,1.0,0.0,89.314,104.2940588235294,93.896,13.0,0.0,88.146,0.9050000000000012,10.0,88.619,-0.472999999999999,9.0,88.383,88.2,88.146,1,1,1.0,1
2024,7,HUL,Haas F1 Team,11.0,0.0,0.0,1.0,0.0,2.5,0.5,7.0,11.5,1.0,6.0,0.0,5.0,12.416666666666666,0.8333333333333334,0.0,12.416666666666666,0.8333333333333334,0.0,78.14399999999999,89.75561273911273,88.33610185185186,13.0,0.0,75.569,0.8230000000000075,9.0,76.854,-1.2849999999999966,10.0,75.841,75.569,75.98,1,1,-1.0,1
2024,8,HUL,Haas F1 Team,19.0,0.0,0.0,1.0,0.0,2.2857142857142856,0.4285714285714285,7.0,19.5,1.0,6.0,0.0,5.0,12.285714285714286,0.7142857142857143,0.0,12.285714285714286,0.7142857142857143,0.0,72.779,89.29816524216524,87.48313333333333,14.666666666666666,0.0,71.44,1.1700000000000017,12.0,71.725,-0.2849999999999966,14.0,71.876,71.44,0.0,1,0,-2.0,1
2024,9,HUL,Haas F1 Team,11.0,0.0,0.0,1.0,0.0,2.125,0.375,7.0,11.5,0.75,7.0,0.0,5.0,13.1875,0.625,0.25,13.1875,0.625,0.25,81.502,91.34544987468672,89.94438095238094,15.333333333333334,0.0,73.978,2.23599999999999,19.0,72.916,1.0619999999999976,19.0,73.978,0.0,0.0,0,0,0.0,0
2024,10,HUL,Haas F1 Team,11.0,0.0,0.0,6.0,0.0,2.0,0.3333333333333333,7.0,14.0,0.7777777777777778,7.0,0.0,5.0,13.0,0.5555555555555556,0.2222222222222222,13.0,0.5555555555555556,0.2222222222222222,74.014,94.21773214285712,89.97645833333334,12.5,0.0,72.31,0.9270000000000068,13.0,72.937,-0.6269999999999953,13.0,72.708,72.31,0.0,1,0,0.0,0
2024,11,HUL,Haas F1 Team,6.0,4.0,0.0,2.0,4.0,2.4,0.3,8.0,7.0,0.8,6.0,1.0,5.0,13.1,0.5,0.2,13.1,0.5,0.2,66.966,77.21011764705882,71.10683333333334,17.0,0.0,65.262,0.9480000000000076,9.0,65.347,-0.0849999999999937,9.0,65.596,65.262,65.385,1,1,0.0,0
2024,12,HUL,Haas F1 Team,6.0,0.0,0.0,6.0,8.0,2.363636363636364,0.6363636363636364,7.0,9.0,0.8181818181818181,6.0,0.0,17.0,12.545454545454543,1.5454545454545454,0.1818181818181818,12.545454545454543,1.5454545454545454,0.1818181818181818,91.47066666666667,103.77008333333332,99.17447619047618,8.333333333333334,0.0,86.338,0.5189999999999912,6.0,92.905,-6.567000000000007,6.0,91.929,86.847,86.338,1,1,0.0,0
2024,13,HUL,Haas F1 Team,13.0,0.0,0.0,2.0,0.0,2.6666666666666665,1.25,6.0,14.0,0.8333333333333334,6.0,0.0,25.0,12.25,2.083333333333333,0.1666666666666666,12.25,2.083333333333333,0.1666666666666666,77.7435,88.67994999999999,84.777,11.5,0.0,76.317,1.0899999999999892,11.0,76.548,-0.2310000000000087,11.0,77.362,76.317,0.0,1,0,0.0,0
2024,14,HUL,Haas F1 Team,18.0,0.0,0.0,-4.0,0.0,2.6153846153846154,1.1538461538461535,7.0,16.0,0.8461538461538461,6.0,0.0,25.0,12.384615384615383,1.9230769230769231,0.1538461538461538,12.384615384615383,1.9230769230769231,0.1538461538461538,112.51033333333332,117.35567435897435,118.88739047619048,15.0,0.0,116.308,3.149000000000001,16.0,116.5,-0.191999999999993,16.0,116.308,0.0,0.0,0,0,0.0,0
2024,15,HUL,Haas F1 Team,11.0,0.0,0.0,7.0,0.0,2.142857142857143,1.0714285714285714,7.0,14.5,0.8571428571428572,6.0,0.0,25.0,12.642857142857142,1.7857142857142858,0.1428571428571428,12.642857142857142,1.7857142857142858,0.1428571428571428,76.40433333333334,90.3702,89.27688888888889,12.333333333333334,0.0,71.215,1.5420000000000016,14.0,71.295,-0.0799999999999983,13.0,71.832,71.215,0.0,1,0,1.0,1
2024,16,HUL,Haas F1 Team,17.0,1.0,0.0,-7.0,-1.0,2.466666666666667,1.0,7.0,13.5,0.8666666666666667,6.0,0.0,25.0,12.766666666666667,1.6666666666666667,0.1333333333333333,12.766666666666667,1.6666666666666667,0.1333333333333333,81.74666666666667,91.94788021978025,89.64826944444445,12.0,0.0,80.339,1.0120000000000005,10.0,80.698,-0.3589999999999946,10.0,80.781,80.411,80.339,1,1,0.0,0
2024,17,HUL,Haas F1 Team,11.0,1.0,0.0,-1.0,-1.0,2.2666666666666666,0.9333333333333332,7.0,10.5,0.875,6.0,0.0,26.0,12.8125,1.625,0.125,12.733333333333333,1.7333333333333334,0.1333333333333333,105.258,117.42792638888888,122.11583232323233,12.0,0.0,103.101,1.7360000000000042,14.0,102.968,0.1329999999999955,13.0,103.101,103.191,0.0,1,0,1.0,1
2024,18,HUL,Haas F1 Team,9.0,0.0,0.0,10.0,2.0,2.066666666666667,0.8,7.0,14.0,0.8823529411764706,6.0,0.0,27.0,12.676470588235292,1.588235294117647,0.1176470588235294,12.7,1.7333333333333334,0.1333333333333333,92.217,102.09850892857143,102.57384722222224,14.0,0.0,90.115,0.5899999999999892,8.0,90.653,-0.5380000000000109,6.0,90.724,90.15,90.115,1,1,2.0,1
2024,19,HUL,Haas F1 Team,8.0,0.0,0.0,3.0,4.0,2.6666666666666665,0.8666666666666667,6.0,9.5,0.8333333333333334,6.0,1.0,29.0,12.75,1.6111111111111112,0.1666666666666666,13.0,1.6666666666666667,0.2,94.364,109.69375,101.128125,11.0,0.0,93.544,1.2139999999999986,13.0,93.474,0.0699999999999931,12.0,93.601,93.544,0.0,1,0,1.0,1
2024,20,HUL,Haas F1 Team,9.0,6.0,0.0,-2.0,-4.0,2.7333333333333334,1.1333333333333333,6.0,8.0,0.8421052631578947,6.0,0.0,33.0,12.578947368421051,1.736842105263158,0.1578947368421052,12.833333333333334,1.933333333333333,0.2,78.448,89.17572995522998,86.86690476190476,11.0,0.0,76.995,1.0490000000000066,10.0,76.886,0.1090000000000088,10.0,77.186,76.995,77.365,1,1,0.0,0
2024,21,HUL,Haas F1 Team,20.0,0.0,0.0,-8.0,0.0,2.2,0.8,6.0,16.0,0.85,6.0,1.0,41.0,12.35,2.05,0.15,12.5,2.4,0.2,71.124,85.7505625,80.45383333333332,8.0,0.0,91.623,8.218000000000004,19.0,91.229,0.3940000000000054,19.0,91.623,0.0,0.0,0,0,0.0,0
2024,22,HUL,Haas F1 Team,8.0,0.0,0.0,4.0,4.0,1.1333333333333333,0.8,7.0,10.0,0.8095238095238095,6.0,0.0,41.0,12.523809523809524,1.9523809523809523,0.1904761904761904,12.566666666666666,2.4,0.2666666666666666,95.642,107.04215931372548,106.16414603174604,11.666666666666666,0.0,93.062,0.75,10.0,93.297,-0.2349999999999994,9.0,93.92,93.114,93.062,1,1,1.0,1
2024,23,HUL,Haas F1 Team,16.0,2.0,0.0,-7.0,-2.0,1.3333333333333333,1.0666666666666669,7.0,12.5,0.8181818181818181,6.0,0.0,45.0,12.409090909090908,2.0454545454545454,0.1818181818181818,12.466666666666669,2.6666666666666665,0.2666666666666666,85.82909091173786,97.98691848362684,95.64365324959944,10.54545454574437,0.0,82.442,1.921999999999997,18.0,81.387,1.0549999999999926,18.0,82.442,0.0,0.0,0,0,0.0,0
2024,24,HUL,Haas F1 Team,8.0,0.0,0.0,8.0,4.0,0.8,0.9333333333333332,7.0,12.0,0.782608695652174,6.0,0.0,47.0,12.41304347826087,2.0434782608695654,0.217391304347826,12.0,2.8,0.2,84.13015384601876,96.36787659592846,93.80007106214777,10.38461538456762,0.0,82.886,0.2909999999999968,4.0,83.632,-0.7460000000000093,4.0,83.722,83.04,82.886,1,1,0.0,0
2025,1,HUL,Kick Sauber,7.0,0.0,0.0,9.0,6.0,1.2666666666666666,1.2,1.0,11.5,0.7694879862778201,5.456310679611651,0.0,0.0,10.453909994175111,10.19606730143622,0.2305120137221799,0.0,0.0,0.2313847200983123,87.51118635274463,101.81625576515384,100.55066884657776,15.109295222498716,0.0,76.579,1.48299999999999,17.0,76.516,0.0629999999999881,17.0,76.579,0.0,0.0,0,0,0.0,0
2025,2,HUL,Kick Sauber,15.0,0.0,0.0,-1.0,0.0,1.4666666666666666,1.6,6.0,14.5,0.0,5.0,0.0,6.0,11.5,6.0,1.0,11.5,6.0,1.0,87.50201983335131,101.8085606019945,100.54065805962668,15.111810693270698,0.0,91.632,0.9909999999999995,13.0,92.141,-0.5090000000000003,12.0,91.921,91.632,0.0,1,0,1.0,1
2025,3,HUL,Kick Sauber,16.0,0.0,0.0,3.0,0.0,1.2666666666666666,1.3333333333333333,7.0,17.5,0.5,7.0,0.0,6.0,13.0,3.0,0.5,13.0,3.0,0.5,89.51727561706035,101.98881332096292,99.94655950818276,15.222467075979498,0.0,88.57,1.586999999999989,16.0,88.622,-0.0520000000000067,16.0,88.57,0.0,0.0,0,0,0.0,0
2025,4,HUL,Kick Sauber,20.0,0.0,0.0,-2.0,0.0,1.0666666666666669,0.8,8.0,19.0,0.6666666666666667,9.0,0.0,6.0,14.5,2.0,0.3333333333333333,14.5,2.0,0.3333333333333333,91.76085807283744,103.48262564969272,100.6449495395008,11.111495881296364,0.0,91.693,1.852000000000004,15.0,92.186,-0.4930000000000092,16.0,92.067,0.0,0.0,0,0,-1.0,1
2025,5,HUL,Kick Sauber,15.0,0.0,0.0,3.0,0.0,0.8,0.8,8.0,16.5,0.5,10.0,0.0,6.0,15.625,1.5,0.5,15.625,1.5,0.5,95.28068434872752,106.92854393442131,101.45258715590784,10.109502072150155,0.0,88.782,1.4879999999999995,18.0,89.462,-0.6800000000000068,18.0,88.782,0.0,0.0,0,0,0.0,0
2025,6,HUL,Kick Sauber,14.0,0.0,0.0,4.0,0.0,1.2666666666666666,0.8,8.0,16.0,0.6,10.0,0.0,6.0,15.8,1.2,0.4,15.8,1.2,0.4,88.18668833629788,101.25299401929963,95.6764732598111,10.33417283191934,0.0,87.473,1.2690000000000057,16.0,87.151,0.3220000000000027,16.0,87.473,0.0,0.0,0,0,0.0,0
2025,7,HUL,Kick Sauber,12.0,0.0,0.0,6.0,0.0,1.0666666666666669,0.8,8.0,15.0,0.5,10.0,0.0,6.0,15.833333333333334,1.0,0.5,15.833333333333334,1.0,0.5,80.07839083884294,94.44780131263845,89.90458446246714,13.555380660016132,0.0,76.518,1.847999999999999,18.0,76.26,0.2579999999999955,17.0,76.518,0.0,0.0,0,0,1.0,1
2025,8,HUL,Kick Sauber,16.0,0.0,0.0,-2.0,0.0,1.933333333333333,0.8666666666666667,9.0,15.0,0.5714285714285714,10.0,0.0,6.0,15.714285714285714,0.8571428571428571,0.4285714285714285,15.714285714285714,0.8571428571428571,0.4285714285714285,77.47352164299288,90.1328131121036,88.58752426088589,14.33343827065638,0.0,71.596,1.64200000000001,14.0,71.902,-0.3059999999999974,13.0,71.871,71.596,0.0,1,0,1.0,1
2025,9,HUL,Kick Sauber,5.0,0.0,0.0,7.0,10.0,1.8666666666666667,0.9333333333333332,9.0,8.5,0.625,10.0,0.0,6.0,15.625,0.75,0.375,15.625,0.75,0.375,76.10003447228382,91.62036251352596,89.13491245030552,14.167033947298748,0.0,73.19,1.6439999999999912,16.0,72.756,0.4339999999999975,16.0,73.19,0.0,0.0,0,0,0.0,0
2024,19,LAW,RB,9.0,0.0,0.0,5.0,2.0,0.05515097246476,0.0349406624367004,7.0,11.5,0.7222222222222222,7.0,1.0,28.0,13.38888888888889,1.5555555555555556,0.2777777777777778,13.5,1.4666666666666666,0.3333333333333333,94.443,113.62775,119.14963636363636,13.0,0.0,93.339,1.0090000000000003,10.0,93.506,-0.1670000000000016,15.0,93.339,0.0,0.0,0,0,-5.0,1
2024,20,LAW,RB,16.0,0.0,0.0,4.0,0.0,5.0,2.0,7.0,18.0,0.736842105263158,7.0,0.0,30.0,13.289473684210526,1.5789473684210529,0.2631578947368421,13.3,1.5333333333333334,0.2666666666666666,78.38233333333334,93.8059110958486,94.21882777777778,9.666666666666666,0.0,77.162,1.2160000000000082,12.0,77.129,0.0330000000000012,12.0,77.38,77.162,0.0,1,0,0.0,0
2024,21,LAW,RB,9.0,6.0,0.0,-2.0,-4.0,4.5,1.0,7.0,8.0,0.7,7.0,1.0,30.0,13.525,1.5,0.3,13.266666666666667,1.5333333333333334,0.2,71.301,87.44793333333334,96.9705,11.0,0.0,84.484,1.0789999999999935,5.0,84.111,0.3729999999999904,5.0,90.758,85.654,84.484,1,1,0.0,0
2024,22,LAW,RB,16.0,2.0,0.0,-7.0,-2.0,2.333333333333333,-0.6666666666666666,8.0,12.5,0.7142857142857143,8.0,0.0,38.0,13.261904761904765,1.809523809523809,0.2857142857142857,13.066666666666666,1.6666666666666667,0.2,96.98166666666668,109.99481077441078,108.8616955128205,17.666666666666668,0.0,94.087,1.7750000000000057,15.0,93.029,1.058000000000007,15.0,94.087,94.257,0.0,1,0,0.0,0
2024,23,LAW,RB,14.0,0.0,0.0,-1.0,0.0,0.0,-1.0,8.0,13.5,0.7272727272727273,7.0,0.0,40.0,13.227272727272728,1.818181818181818,0.2727272727272727,13.133333333333333,1.7333333333333334,0.2,86.59615152441127,100.90222608430672,102.95630260807948,14.3939393967846,0.0,82.411,1.8910000000000051,17.0,81.771,0.6400000000000006,17.0,82.411,0.0,0.0,0,0,0.0,0
2024,24,LAW,RB,17.0,0.0,0.0,-5.0,0.0,-0.2,-0.8,8.0,14.5,0.7391304347826086,7.0,0.0,40.0,13.23913043478261,1.7391304347826086,0.2608695652173913,13.366666666666667,1.4666666666666666,0.2,84.78776923107996,99.32141009775982,101.82374280097432,13.76923076933326,0.0,83.472,0.8769999999999953,13.0,83.419,0.0529999999999972,12.0,83.733,83.472,0.0,1,0,1.0,1
2025,1,LAW,Red Bull Racing,15.0,18.0,1.0,-13.0,-18.0,-1.0,-0.6666666666666666,1.0,8.5,0.7694879862778201,5.456310679611651,0.0,0.0,10.453909994175111,10.19606730143622,0.2305120137221799,0.0,0.0,0.2313847200983123,81.5401430401446,98.48022769832326,103.60442447146852,11.236508390078336,0.0,77.094,1.9979999999999905,18.0,75.481,1.6129999999999995,18.0,77.094,0.0,0.0,0,0,0.0,0
2025,2,LAW,Red Bull Racing,12.0,12.0,0.0,-8.0,-12.0,-2.7142857142857144,-3.142857142857143,3.0,8.0,0.0,3.0,0.0,18.0,8.5,18.0,1.0,8.5,18.0,1.0,81.53819231544418,98.47800618126756,103.6024699455934,11.236322474428311,0.0,92.174,1.5330000000000013,20.0,90.817,1.3570000000000135,20.0,92.174,0.0,0.0,0,0,0.0,0
2025,3,LAW,Racing Bulls,17.0,4.0,0.0,-9.0,-4.0,-3.375,-4.25,9.0,12.5,0.5,9.0,0.0,0.0,14.75,0.0,0.5,14.75,0.0,0.5,81.53567100148092,98.4751373011219,103.59995776006448,11.236085041946046,0.0,87.906,0.9230000000000018,14.0,87.569,0.3370000000000033,14.0,88.554,87.906,0.0,1,0,0.0,0
2025,4,LAW,Racing Bulls,16.0,0.0,0.0,-3.0,0.0,-4.0,-4.222222222222222,9.0,14.5,0.6666666666666667,8.0,0.0,4.0,14.0,1.3333333333333333,0.3333333333333333,14.0,1.3333333333333333,0.3333333333333333,81.53252242096123,98.4715568891028,103.59683329830392,11.23579113374984,0.0,92.165,2.3240000000000123,17.0,91.271,0.8940000000000055,17.0,92.165,0.0,0.0,0,0,0.0,0
2025,5,LAW,Racing Bulls,12.0,1.0,0.0,-2.0,-1.0,-3.9,-3.8,10.0,11.0,0.75,9.0,0.0,4.0,14.125,1.0,0.25,14.125,1.0,0.25,81.52868973736425,98.46720063865068,103.59304203553437,11.235435827042313,0.0,88.191,0.8970000000000056,12.0,88.418,-0.2270000000000038,12.0,88.561,88.191,0.0,1,0,0.0,0
2025,6,LAW,Racing Bulls,17.0,0.0,0.0,-6.0,0.0,-3.727272727272727,-3.5454545454545454,10.0,14.0,0.8,7.0,0.0,5.0,13.5,1.0,0.2,13.5,1.0,0.2,81.5241174899926,98.46200585407064,103.58853107970604,11.23501438199832,0.0,87.363,1.159000000000006,15.0,86.987,0.3760000000000048,15.0,87.444,87.363,0.0,1,0,0.0,0
2025,7,LAW,Racing Bulls,14.0,2.0,0.0,-5.0,-2.0,-3.9166666666666665,-3.25,10.0,11.5,0.6666666666666667,7.0,0.0,5.0,13.583333333333334,0.8333333333333334,0.3333333333333333,13.583333333333334,0.8333333333333334,0.3333333333333333,81.51875348850075,98.45591360637796,103.5832510600551,11.234522420354242,0.0,76.379,1.7090000000000032,17.0,75.51,0.8689999999999998,16.0,76.379,0.0,0.0,0,0,1.0,1
2025,8,LAW,Racing Bulls,8.0,8.0,0.0,-2.0,-4.0,-4.0,-3.1538461538461537,8.0,7.0,0.7142857142857143,7.0,0.0,7.0,13.285714285714286,1.0,0.2857142857142857,13.285714285714286,1.0,0.2857142857142857,81.51255106365234,98.44887129178348,103.57715835504548,11.233956134370915,0.0,71.129,1.1750000000000114,10.0,70.923,0.206000000000003,9.0,71.818,71.25,71.129,1,1,1.0,1
2025,9,LAW,Racing Bulls,11.0,6.0,0.0,-4.0,-6.0,-3.857142857142857,-3.2142857142857144,7.0,9.0,0.75,6.0,0.0,19.0,12.5,2.375,0.25,12.5,2.375,0.25,81.50547163866776,98.44083555130152,103.57021761861132,11.23331252167742,0.0,72.763,1.2169999999999987,13.0,72.252,0.5110000000000099,13.0,73.039,72.763,0.0,1,0,0.0,0
2024,1,LEC,Ferrari,4.0,15.0,1.0,-1.0,-3.0,0.05515097246476,0.0349406624367004,1.0,3.5,0.7694879862778201,5.456310679611651,0.0,0.0,10.453909994175111,10.19606730143622,0.2305120137221799,0.0,0.0,0.2313847200983123,91.825,106.04932962962964,105.1885476190476,7.0,0.0,89.165,0.0,1.0,89.507,-0.3419999999999987,2.0,90.243,89.165,89.407,1,1,-1.0,1
2024,2,LEC,Ferrari,3.0,6.0,0.0,4.0,10.0,-1.0,-3.0,2.0,5.0,1.0,2.0,0.0,27.0,3.5,27.0,0.0,3.5,27.0,0.0,89.27266666666667,98.4725297619048,96.14031666666666,3.6666666666666665,1.0,87.791,0.3190000000000026,2.0,88.642,-0.8509999999999991,2.0,88.318,88.112,87.791,1,1,0.0,0
2024,3,LEC,Ferrari,2.0,25.0,1.0,-1.0,-6.0,1.5,3.5,2.0,1.5,1.0,2.0,0.0,49.0,4.25,24.5,0.0,4.25,24.5,0.0,77.53,95.1829188034188,95.51524074074077,2.0,1.0,76.304,0.3889999999999958,4.0,76.185,0.1189999999999997,5.0,76.984,76.304,76.435,1,1,-1.0,1
2024,4,LEC,Ferrari,4.0,15.0,1.0,-1.0,-3.0,0.6666666666666666,0.3333333333333333,2.0,3.5,1.0,1.0,0.0,93.0,3.333333333333333,31.0,0.0,3.333333333333333,31.0,0.0,93.23366666666668,107.39710784313723,105.22254545454544,6.333333333333333,0.0,88.786,0.5889999999999986,8.0,88.682,0.1039999999999992,8.0,89.338,89.196,88.786,1,1,0.0,0
2024,5,LEC,Ferrari,4.0,10.0,0.0,1.0,2.0,0.25,-0.5,2.0,4.5,1.0,1.0,1.0,120.0,3.375,30.0,0.0,3.375,30.0,0.0,98.09,112.45,112.75471428571429,13.0,0.0,94.289,0.6290000000000049,6.0,94.297,-0.0079999999999955,6.0,94.797,94.399,94.289,1,1,0.0,0
2024,6,LEC,Ferrari,3.0,10.0,0.0,2.0,5.0,0.4,0.0,2.0,4.0,1.0,1.0,1.0,142.0,3.6,28.4,0.0,3.6,28.4,0.0,92.099,92.099,92.099,20.0,1.0,87.382,0.1410000000000053,2.0,87.455,-0.0729999999999932,2.0,88.081,87.533,87.382,1,1,0.0,0
2024,7,LEC,Ferrari,3.0,10.0,0.0,2.0,5.0,0.6666666666666666,0.8333333333333334,2.0,4.0,1.0,2.0,0.0,167.0,3.6666666666666665,27.83333333333333,0.0,3.6666666666666665,27.83333333333333,0.0,76.32766666666667,87.08786387686386,83.70563480963482,2.0,1.0,74.97,0.2240000000000037,4.0,75.233,-0.2630000000000052,4.0,75.823,75.328,74.97,1,1,0.0,0
2024,8,LEC,Ferrari,1.0,15.0,1.0,2.0,10.0,0.8571428571428571,1.4285714285714286,2.0,2.0,1.0,1.0,0.0,192.0,3.7142857142857135,27.428571428571427,0.0,3.7142857142857135,27.428571428571427,0.0,71.68133333333334,86.19862228607917,84.02994444444444,2.333333333333333,1.0,70.27,0.0,1.0,70.518,-0.2480000000000046,1.0,71.584,70.825,70.27,1,1,0.0,0
2024,9,LEC,Ferrari,19.0,0.0,0.0,-3.0,0.0,1.0,2.5,2.0,17.5,1.0,1.0,0.0,232.0,3.5,29.0,0.0,3.5,29.0,0.0,78.40366666666667,88.15454779411766,89.00532575757575,5.666666666666667,0.0,72.691,0.948999999999998,11.0,72.728,-0.0369999999999919,11.0,73.107,72.691,0.0,1,0,0.0,0
2024,10,LEC,Ferrari,5.0,8.0,0.0,1.0,2.0,0.5555555555555556,2.2222222222222223,2.0,5.5,0.7777777777777778,2.0,0.0,232.0,5.055555555555555,25.77777777777778,0.2222222222222222,5.055555555555555,25.77777777777778,0.2222222222222222,74.027,83.03655555555555,81.77554761904763,6.666666666666667,0.0,71.731,0.347999999999999,5.0,71.736,-0.0050000000000096,5.0,72.257,72.038,71.731,1,1,0.0,0
2024,11,LEC,Ferrari,11.0,15.0,1.0,-8.0,-15.0,0.6,2.2,2.0,7.0,0.8,2.0,1.0,250.0,5.1,25.0,0.2,5.1,25.0,0.2,66.055,78.49884210526317,69.1925,3.0,0.0,65.044,0.730000000000004,7.0,64.851,0.1929999999999978,6.0,65.509,65.104,65.044,1,1,1.0,1
2024,12,LEC,Ferrari,14.0,11.0,0.0,-9.0,-11.0,-0.1818181818181818,0.6363636363636364,2.0,9.5,0.8181818181818181,1.0,0.0,265.0,5.2727272727272725,24.09090909090909,0.1818181818181818,5.2727272727272725,24.09090909090909,0.1818181818181818,91.169,101.98056134617588,98.13176851851853,6.333333333333333,0.0,87.097,1.2779999999999916,11.0,86.509,0.5879999999999939,11.0,90.496,87.097,0.0,1,0,0.0,0
2024,13,LEC,Ferrari,4.0,8.0,0.0,2.0,4.0,-0.9166666666666666,-0.3333333333333333,2.0,5.0,0.8333333333333334,2.0,0.0,276.0,5.625,23.0,0.1666666666666666,5.625,23.0,0.1666666666666666,78.36666666666666,95.3265581232493,98.23666666666666,10.666666666666666,0.0,75.891,0.6640000000000015,6.0,75.696,0.1950000000000074,6.0,77.437,75.891,75.905,1,1,0.0,0
2024,14,LEC,Ferrari,3.0,8.0,0.0,3.0,7.0,-0.6923076923076923,0.0,3.0,4.5,0.8461538461538461,2.0,0.0,296.0,5.576923076923077,22.76923076923077,0.1538461538461538,5.576923076923077,22.76923076923077,0.1538461538461538,111.05866666666668,117.20222777777776,116.82635714285712,5.333333333333333,1.0,113.754,0.5949999999999989,2.0,114.112,-0.3579999999999899,2.0,115.349,114.193,113.754,1,1,0.0,0
2024,15,LEC,Ferrari,3.0,10.0,0.0,2.0,5.0,-0.4285714285714285,0.5,3.0,4.0,0.8571428571428572,2.0,0.0,319.0,5.5,22.785714285714285,0.1428571428571428,5.5,22.785714285714285,0.1428571428571428,76.63566666666667,86.38115942028986,87.34172222222223,12.666666666666666,1.0,70.582,0.9089999999999918,6.0,70.914,-0.3320000000000078,6.0,71.37,70.689,70.582,1,1,0.0,0
2024,16,LEC,Ferrari,1.0,12.0,0.0,3.0,13.0,-0.2666666666666666,0.8,3.0,2.5,0.8666666666666667,2.0,0.0,344.0,5.4,22.933333333333334,0.1333333333333333,5.4,22.933333333333334,0.1333333333333333,81.00733333333334,96.72307722473606,97.67736111111113,3.333333333333333,1.0,79.461,0.1340000000000003,4.0,79.467,-0.0060000000000002,4.0,80.074,80.007,79.461,1,1,0.0,0
2024,17,LEC,Ferrari,2.0,0.0,0.0,16.0,18.0,0.0,1.8666666666666667,3.0,10.0,0.875,2.0,0.0,381.0,5.21875,23.8125,0.125,5.333333333333333,23.6,0.1333333333333333,104.20633333333332,112.81967777777776,111.74861111111112,4.0,1.0,101.365,0.0,1.0,101.805,-0.4400000000000119,1.0,102.775,102.056,101.365,1,1,0.0,0
2024,18,LEC,Ferrari,5.0,6.0,0.0,2.0,4.0,0.8,2.4,3.0,6.0,0.8235294117647058,2.0,0.0,399.0,5.5,23.47058823529412,0.1764705882352941,5.666666666666667,23.33333333333333,0.2,91.03566666666666,101.40662908496732,103.64272626262624,2.6666666666666665,0.0,89.747,0.2219999999999942,4.0,90.108,-0.3610000000000042,9.0,90.786,89.747,0.0,1,0,-5.0,1
2024,19,LEC,Ferrari,1.0,18.0,1.0,1.0,7.0,1.0,3.066666666666667,3.0,1.5,0.8333333333333334,2.0,1.0,415.0,5.527777777777778,23.05555555555556,0.1666666666666666,5.966666666666667,21.466666666666665,0.2,93.623,111.34172222222222,107.477,2.0,1.0,92.74,0.4099999999999966,4.0,92.652,0.0879999999999938,4.0,93.241,92.962,92.74,1,1,0.0,0
2024,20,LEC,Ferrari,3.0,25.0,1.0,-2.0,-9.0,1.1333333333333333,3.733333333333333,3.0,2.0,0.8421052631578947,2.0,0.0,458.0,5.315789473684211,24.105263157894736,0.1578947368421052,5.833333333333333,22.53333333333333,0.2,77.5595,89.13669642857144,88.24038571428571,5.0,1.0,76.265,0.3190000000000026,4.0,75.946,0.3190000000000026,4.0,76.972,76.641,76.265,1,1,0.0,0
2024,21,LEC,Ferrari,5.0,0.0,0.0,11.0,10.0,0.9333333333333332,3.0,2.0,10.5,0.85,2.0,1.0,499.0,5.15,24.95,0.15,5.666666666666667,23.8,0.2,71.038,91.28347826086956,97.68225,6.0,0.0,84.525,1.1200000000000043,6.0,89.406,-4.881,6.0,89.839,86.097,84.525,1,1,0.0,0
2024,22,LEC,Ferrari,4.0,15.0,1.0,-1.0,-3.0,1.5333333333333334,3.333333333333333,2.0,3.5,0.8095238095238095,2.0,0.0,509.0,5.404761904761905,24.23809523809524,0.1904761904761904,6.1,22.8,0.2666666666666666,95.087,106.23833747412009,103.88302037037036,7.0,0.0,92.783,0.4710000000000036,5.0,92.41,0.3730000000000046,4.0,93.446,93.016,92.783,1,1,1.0,1
2024,23,LEC,Ferrari,2.0,8.0,0.0,4.0,10.0,1.3333333333333333,2.8,2.0,4.0,0.8181818181818181,2.0,0.0,536.0,5.318181818181818,24.363636363636363,0.1818181818181818,6.066666666666666,22.933333333333334,0.2666666666666666,85.34136363993524,99.05035022835337,99.3477857878432,6.3636363638404765,1.0,80.852,0.3320000000000078,5.0,81.041,-0.1889999999999929,5.0,81.278,81.0,80.852,1,1,0.0,0
2024,24,LEC,Ferrari,3.0,18.0,1.0,-1.0,-3.0,1.4666666666666666,2.8,2.0,2.5,0.8260869565217391,2.0,0.0,562.0,5.260869565217392,24.43478260869565,0.1739130434782608,6.2,22.0,0.2666666666666666,83.64250000029175,97.6903097828328,98.365252259004,6.230769230790108,1.0,82.98,0.3850000000000051,6.0,82.824,0.1560000000000059,14.0,83.302,83.833,0.0,1,0,-8.0,1
2025,1,LEC,Ferrari,8.0,1.0,0.0,2.0,3.0,1.6,2.6,1.0,9.0,0.7694879862778201,5.456310679611651,0.0,0.0,10.453909994175111,10.19606730143622,0.2305120137221799,0.0,0.0,0.2313847200983123,86.21915024156495,99.9079654717234,98.9532282601384,4.225186404295832,0.0,75.755,0.6589999999999918,7.0,75.919,-0.1640000000000014,7.0,76.029,75.827,75.755,1,1,0.0,0
2025,2,LEC,Ferrari,18.0,0.0,0.0,1.0,0.0,1.6666666666666667,2.6666666666666665,7.0,18.5,1.0,4.0,0.0,5.0,9.0,5.0,0.0,9.0,5.0,0.0,86.21018663120235,99.9011428455172,98.94715110546936,4.222047326681117,0.0,91.021,0.3799999999999954,6.0,90.927,0.093999999999994,6.0,91.579,91.45,91.021,1,1,0.0,0
2025,3,LEC,Ferrari,4.0,6.0,0.0,3.0,6.0,2.2666666666666666,3.6666666666666665,8.0,5.5,0.0,8.0,0.0,5.0,13.75,2.5,1.0,13.75,2.5,1.0,86.67589763302234,100.34922520887618,98.95828336827832,3.9993703760588817,0.0,87.299,0.3160000000000025,4.0,87.61,-0.3109999999999928,4.0,87.92,87.555,87.299,1,1,0.0,0
2025,4,LEC,Ferrari,4.0,10.0,0.0,1.0,2.0,3.066666666666667,4.8,4.0,4.5,0.3333333333333333,5.0,0.0,23.0,11.0,7.666666666666667,0.6666666666666666,11.0,7.666666666666667,0.6666666666666666,89.61902717901843,105.01076036951574,104.49772841327572,7.110866257360422,0.0,90.175,0.3340000000000032,3.0,90.772,-0.5970000000000084,3.0,91.454,90.724,90.175,1,1,0.0,0
2025,5,LEC,Ferrari,3.0,6.0,0.0,4.0,9.0,3.0,4.666666666666667,4.0,5.0,0.5,4.0,0.0,45.0,9.375,11.25,0.5,9.375,11.25,0.5,94.47536051234738,103.98470176415344,103.3617112077545,13.11107613200746,1.0,87.67,0.3760000000000048,5.0,88.102,-0.4320000000000021,4.0,88.552,87.866,87.67,1,1,1.0,1
2025,6,LEC,Ferrari,7.0,4.0,0.0,1.0,2.0,3.066666666666667,4.8,4.0,7.5,0.6,4.0,0.0,66.0,8.5,13.2,0.4,8.5,13.2,0.4,88.83991521090256,97.21067823471569,96.18516292037644,11.669290099754592,0.0,86.754,0.5500000000000114,8.0,87.006,-0.2519999999999953,8.0,87.417,86.948,86.754,1,1,0.0,0
2025,7,LEC,Ferrari,6.0,12.0,0.0,-2.0,-4.0,3.0,4.6,4.0,5.0,0.6666666666666667,4.0,0.0,76.0,8.333333333333334,12.666666666666666,0.3333333333333333,8.333333333333334,12.666666666666666,0.3333333333333333,80.03483257228613,88.46139618040426,86.61061160856862,8.109187260192044,0.0,75.604,0.9339999999999976,11.0,75.765,-0.1610000000000013,11.0,76.108,75.604,0.0,1,0,0.0,0
2025,8,LEC,Ferrari,2.0,10.0,0.0,3.0,8.0,2.6666666666666665,3.466666666666667,4.0,3.5,0.7142857142857143,4.0,0.0,96.0,7.857142857142857,13.714285714285714,0.2857142857142857,7.857142857142857,13.714285714285714,0.2857142857142857,75.46969589143997,87.14671275480067,85.57981359953949,3.3330185213635817,1.0,70.063,0.1090000000000088,2.0,70.382,-0.3190000000000026,2.0,71.229,70.581,70.063,1,1,0.0,0
2025,9,LEC,Ferrari,3.0,8.0,0.0,3.0,7.0,1.8,2.8,4.0,4.5,0.75,3.0,0.0,124.0,7.3125,15.5,0.25,7.3125,15.5,0.25,74.70516469935116,85.79731752991235,84.93822005045388,4.8891337426420645,1.0,72.131,0.5849999999999937,7.0,72.045,0.0859999999999985,7.0,73.014,72.495,72.131,1,1,0.0,0
2024,1,MAG,Haas F1 Team,12.0,0.0,0.0,4.0,0.0,0.05515097246476,0.0349406624367004,1.0,14.0,0.7694879862778201,5.456310679611651,0.0,0.0,10.453909994175111,10.19606730143622,0.2305120137221799,0.0,0.0,0.2313847200983123,93.63733333333332,101.67958333333333,98.66845982905984,15.666666666666666,0.0,90.529,1.36399999999999,15.0,89.851,0.6779999999999973,15.0,90.646,90.529,0.0,1,0,0.0,0
2024,2,MAG,Haas F1 Team,12.0,1.0,0.0,-2.0,-1.0,4.0,0.0,6.0,11.0,1.0,7.0,0.0,0.0,14.0,0.0,0.0,14.0,0.0,0.0,90.349,100.95392916666668,101.03802777777776,16.0,0.0,89.02,1.5480000000000018,13.0,89.055,-0.0350000000000108,13.0,89.069,89.02,0.0,1,0,0.0,0
2024,3,MAG,Haas F1 Team,10.0,2.0,0.0,-1.0,-1.0,1.0,-0.5,6.0,9.5,1.0,6.0,0.0,1.0,12.5,0.5,0.0,12.5,0.5,0.0,78.90833333333335,96.48810828282828,93.40309206349208,16.333333333333332,0.0,77.427,1.5120000000000005,14.0,77.976,-0.5489999999999924,14.0,77.709,77.427,0.0,1,0,0.0,0
2024,4,MAG,Haas F1 Team,13.0,0.0,0.0,-2.0,0.0,0.3333333333333333,-0.6666666666666666,7.0,12.0,1.0,6.0,0.0,4.0,11.5,1.3333333333333333,0.0,11.5,1.3333333333333333,0.0,92.1325,106.11623846153846,103.54882142857144,19.5,0.0,90.131,1.9339999999999973,18.0,89.494,0.6370000000000005,18.0,90.131,0.0,0.0,0,0,0.0,0
2024,5,MAG,Haas F1 Team,16.0,1.0,0.0,-6.0,-1.0,-0.25,-0.5,7.0,13.0,1.0,6.0,1.0,4.0,11.625,1.0,0.0,11.625,1.0,0.0,97.118,108.0966,105.49585714285716,6.0,0.0,95.516,1.8560000000000088,17.0,94.604,0.912000000000006,17.0,95.516,0.0,0.0,0,0,0.0,0
2024,6,MAG,Haas F1 Team,19.0,0.0,0.0,-8.0,0.0,-1.4,-0.6,7.0,15.0,1.0,6.0,1.0,5.0,11.9,1.0,0.0,11.9,1.0,0.0,89.189,96.41933333333331,93.77816666666666,12.0,0.0,88.619,1.378,19.0,88.146,0.472999999999999,19.0,88.619,0.0,0.0,0,0,0.0,0
2024,7,MAG,Haas F1 Team,12.0,0.0,0.0,-1.0,0.0,-2.5,-0.5,7.0,11.5,1.0,6.0,0.0,5.0,12.416666666666666,0.8333333333333334,0.0,12.416666666666666,0.8333333333333334,0.0,77.02600000000001,93.29464583333332,93.82470833333332,16.5,0.0,76.854,2.108000000000004,19.0,75.569,1.2849999999999966,18.0,76.854,0.0,0.0,0,0,1.0,1
2024,8,MAG,Haas F1 Team,20.0,0.0,0.0,-1.0,0.0,-2.2857142857142856,-0.4285714285714285,7.0,19.5,1.0,6.0,0.0,5.0,12.285714285714286,0.7142857142857143,0.0,12.285714285714286,0.7142857142857143,0.0,72.693,87.05249333333332,89.22658249158248,13.666666666666666,0.0,71.725,1.4549999999999983,15.0,71.44,0.2849999999999966,15.0,71.832,71.725,0.0,1,0,0.0,0
2024,9,MAG,Haas F1 Team,12.0,0.0,0.0,-1.0,0.0,-2.125,-0.375,7.0,11.5,0.75,7.0,0.0,5.0,13.1875,0.625,0.25,13.1875,0.625,0.25,79.75466666666667,87.90578787878788,83.82562121212122,10.0,0.0,72.916,1.1739999999999924,14.0,73.978,-1.0619999999999976,14.0,73.217,72.916,0.0,1,0,0.0,0
2024,10,MAG,Haas F1 Team,17.0,0.0,0.0,-6.0,0.0,-2.0,-0.3333333333333333,7.0,14.0,0.7777777777777778,7.0,0.0,5.0,13.0,0.5555555555555556,0.2222222222222222,13.0,0.5555555555555556,0.2222222222222222,74.57966666666668,86.73474537037038,84.04988412698413,14.333333333333334,0.0,72.937,1.554000000000002,16.0,72.31,0.6269999999999953,16.0,72.937,0.0,0.0,0,0,0.0,0
2024,11,MAG,Haas F1 Team,8.0,8.0,0.0,-2.0,-4.0,-2.4,-0.3,8.0,7.0,0.8,6.0,1.0,5.0,13.1,0.5,0.2,13.1,0.5,0.2,67.145,81.35452380952381,72.4525,19.0,0.0,65.347,1.0330000000000013,13.0,65.262,0.0849999999999937,12.0,65.508,65.347,0.0,1,0,1.0,1
2024,12,MAG,Haas F1 Team,12.0,8.0,0.0,-6.0,-8.0,-2.363636363636364,-0.6363636363636364,7.0,9.0,0.8181818181818181,6.0,0.0,17.0,12.545454545454543,1.5454545454545454,0.1818181818181818,12.545454545454543,1.5454545454545454,0.1818181818181818,94.3305,111.31185664335663,111.89107142857142,18.5,0.0,92.905,7.085999999999999,17.0,86.338,6.567000000000007,17.0,92.905,0.0,0.0,0,0,0.0,0
2024,13,MAG,Haas F1 Team,15.0,0.0,0.0,-2.0,0.0,-2.6666666666666665,-1.25,6.0,14.0,0.8333333333333334,6.0,0.0,25.0,12.25,2.083333333333333,0.1666666666666666,12.25,2.083333333333333,0.1666666666666666,78.70566666666667,93.24179166666666,96.214886002886,14.666666666666666,0.0,76.548,1.320999999999998,15.0,76.317,0.2310000000000087,15.0,77.851,76.548,0.0,1,0,0.0,0
2024,14,MAG,Haas F1 Team,14.0,0.0,0.0,4.0,0.0,-2.6153846153846154,-1.1538461538461535,7.0,16.0,0.8461538461538461,6.0,0.0,25.0,12.384615384615383,1.9230769230769231,0.1538461538461538,12.384615384615383,1.9230769230769231,0.1538461538461538,104.6485,109.76538461538462,112.25768055555557,13.0,0.0,116.5,3.340999999999994,17.0,116.308,0.191999999999993,17.0,116.5,0.0,0.0,0,0,0.0,0
2024,15,MAG,Haas F1 Team,18.0,0.0,0.0,-7.0,0.0,-2.142857142857143,-1.0714285714285714,7.0,14.5,0.8571428571428572,6.0,0.0,25.0,12.642857142857142,1.7857142857142858,0.1428571428571428,12.642857142857142,1.7857142857142858,0.1428571428571428,75.15899999999999,90.17805687830686,88.86933055555555,6.333333333333333,0.0,71.295,1.622,15.0,71.215,0.0799999999999983,14.0,71.63,71.295,0.0,1,0,1.0,1
2024,16,MAG,Haas F1 Team,10.0,0.0,0.0,7.0,1.0,-2.466666666666667,-1.0,7.0,13.5,0.8666666666666667,6.0,0.0,25.0,12.766666666666667,1.6666666666666667,0.1333333333333333,12.766666666666667,1.6666666666666667,0.1333333333333333,81.75966666666666,92.92740404040404,92.3838611111111,13.0,0.0,80.698,1.3709999999999951,13.0,80.339,0.3589999999999946,13.0,80.856,80.698,0.0,1,0,0.0,0
2024,18,MAG,Haas F1 Team,19.0,2.0,0.0,-10.0,-2.0,-2.2666666666666666,-0.9333333333333332,7.0,14.0,0.8823529411764706,6.0,0.0,27.0,12.676470588235292,1.588235294117647,0.1176470588235294,12.7,1.7333333333333334,0.1333333333333333,92.145,102.69464052287582,106.6925303030303,14.333333333333334,0.0,90.653,1.128,14.0,90.115,0.5380000000000109,14.0,90.829,90.653,0.0,1,0,0.0,0
2024,19,MAG,Haas F1 Team,11.0,4.0,0.0,-3.0,-4.0,-2.8,-1.0,6.0,9.5,0.8333333333333334,6.0,1.0,29.0,12.75,1.6111111111111112,0.1666666666666666,13.0,1.6666666666666667,0.2,94.096,103.12746153846152,98.31014285714286,8.0,0.0,93.474,1.1440000000000057,11.0,93.544,-0.0699999999999931,9.0,93.564,93.474,93.481,1,1,2.0,1
2024,20,MAG,Haas F1 Team,7.0,2.0,0.0,2.0,4.0,-2.933333333333333,-1.2,6.0,8.0,0.8421052631578947,6.0,0.0,33.0,12.578947368421051,1.736842105263158,0.1578947368421052,12.833333333333334,1.933333333333333,0.2,78.34933333333333,90.99046153846156,86.79335833333334,9.666666666666666,0.0,76.886,0.9399999999999976,7.0,76.995,-0.1090000000000088,7.0,77.125,77.003,76.886,1,1,0.0,0
2024,22,MAG,Haas F1 Team,12.0,4.0,0.0,-4.0,-4.0,-2.6666666666666665,-0.9333333333333332,7.0,10.0,0.8095238095238095,6.0,0.0,41.0,12.523809523809524,1.9523809523809523,0.1904761904761904,12.566666666666666,2.4,0.2666666666666666,95.46,108.58411666666666,107.0283,9.0,0.0,93.297,0.9849999999999994,12.0,93.062,0.2349999999999994,12.0,93.991,93.297,0.0,1,0,0.0,0
2024,23,MAG,Haas F1 Team,9.0,0.0,0.0,7.0,2.0,-2.533333333333333,-1.1333333333333333,7.0,12.5,0.8181818181818181,6.0,0.0,45.0,12.409090909090908,2.0454545454545454,0.1818181818181818,12.466666666666669,2.6666666666666665,0.2666666666666666,91.64238596357931,104.01861214422352,101.39176115103444,8.982456140362576,0.0,81.387,0.8670000000000044,9.0,82.442,-1.0549999999999926,10.0,81.891,81.387,81.5,1,1,-1.0,1
2024,24,MAG,Haas F1 Team,16.0,4.0,0.0,-8.0,-4.0,-1.5333333333333334,-1.0,7.0,12.0,0.782608695652174,6.0,0.0,47.0,12.41304347826087,2.0434782608695654,0.217391304347826,12.0,2.8,0.2,90.67003508707118,102.80543792099184,99.86791384623017,8.96491228070904,0.0,83.632,1.037000000000006,14.0,82.886,0.7460000000000093,15.0,83.632,83.877,0.0,1,0,-1.0,1
2024,1,NOR,McLaren,6.0,4.0,0.0,2.0,4.0,0.05515097246476,0.0349406624367004,1.0,7.0,0.7694879862778201,5.456310679611651,0.0,0.0,10.453909994175111,10.19606730143622,0.2305120137221799,0.0,0.0,0.2313847200983123,92.209,102.61823039215686,96.53269023569024,9.0,0.0,89.614,0.448999999999998,7.0,89.683,-0.0690000000000026,7.0,90.143,89.941,89.614,1,1,0.0,0
2024,2,NOR,McLaren,8.0,12.0,0.0,-4.0,-8.0,2.0,4.0,4.0,6.0,1.0,4.0,0.0,12.0,7.0,12.0,0.0,7.0,12.0,0.0,89.65333333333332,105.8489254901961,101.1111111111111,8.0,0.0,88.132,0.6600000000000108,6.0,88.089,0.0430000000000063,6.0,88.805,88.479,88.132,1,1,0.0,0
2024,3,NOR,McLaren,3.0,12.0,0.0,1.0,3.0,-1.0,-2.0,3.0,3.5,1.0,3.0,0.0,28.0,6.5,14.0,0.0,6.5,14.0,0.0,78.06966666666666,91.01935555555556,89.12808994708996,6.666666666666667,1.0,76.315,0.3999999999999915,5.0,76.572,-0.257000000000005,4.0,77.43,76.75,76.315,1,1,1.0,1
2024,4,NOR,McLaren,5.0,4.0,0.0,3.0,6.0,-0.3333333333333333,-0.3333333333333333,3.0,6.5,1.0,3.0,0.0,55.0,5.5,18.33333333333333,0.0,5.5,18.33333333333333,0.0,95.45133333333332,105.22421794871796,107.8338888888889,7.333333333333333,0.0,88.489,0.2920000000000016,3.0,88.76,-0.2710000000000008,3.0,89.536,88.94,88.489,1,1,0.0,0
2024,5,NOR,McLaren,2.0,4.0,0.0,6.0,14.0,0.5,1.25,3.0,5.0,1.0,3.0,1.0,69.0,5.75,17.25,0.0,5.75,17.25,0.0,98.63,108.17933333333332,101.51985714285716,16.0,1.0,94.165,0.5050000000000097,4.0,94.273,-0.1079999999999898,4.0,94.842,94.46,94.165,1,1,0.0,0
2024,6,NOR,McLaren,1.0,0.0,0.0,12.0,25.0,1.6,3.8,3.0,7.0,1.0,3.0,1.0,91.0,5.6,18.2,0.0,5.6,18.2,0.0,89.495,101.01033333333334,96.79675,16.0,1.0,87.594,0.3529999999999944,5.0,87.675,-0.081000000000003,5.0,87.913,87.871,87.594,1,1,0.0,0
2024,7,NOR,McLaren,2.0,12.0,0.0,2.0,6.0,3.333333333333333,7.333333333333333,3.0,3.0,1.0,3.0,0.0,116.0,5.833333333333333,19.33333333333333,0.0,5.833333333333333,19.33333333333333,0.0,76.80366666666667,92.14226010101012,92.5476,7.333333333333333,1.0,74.837,0.0910000000000081,3.0,74.82,0.0170000000000101,3.0,75.915,75.371,74.837,1,1,0.0,0
2024,8,NOR,McLaren,4.0,18.0,1.0,-2.0,-6.0,3.142857142857143,7.142857142857143,3.0,3.0,1.0,3.0,0.0,146.0,5.428571428571429,20.857142857142858,0.0,5.428571428571429,20.857142857142858,0.0,72.11233333333332,85.72626388888888,83.51264983164982,5.666666666666667,0.0,70.542,0.2720000000000055,4.0,70.424,0.117999999999995,4.0,71.76,70.732,70.542,1,1,0.0,0
2024,9,NOR,McLaren,2.0,10.0,0.0,3.0,8.0,2.5,5.5,3.0,3.5,1.0,3.0,0.0,176.0,5.125,22.0,0.0,5.125,22.0,0.0,79.52366666666667,89.15016328502416,88.68125555555555,9.333333333333334,1.0,72.021,0.2789999999999963,4.0,72.103,-0.0819999999999936,3.0,72.959,72.201,72.021,1,1,1.0,1
2024,10,NOR,McLaren,2.0,6.0,0.0,5.0,13.0,2.555555555555556,5.777777777777778,3.0,4.5,1.0,1.0,0.0,204.0,4.944444444444445,22.666666666666668,0.0,4.944444444444445,22.666666666666668,0.0,73.53,87.35312560386473,84.84013333333333,2.0,1.0,71.383,0.0,1.0,72.011,-0.6280000000000001,1.0,72.386,71.872,71.383,1,1,0.0,0
2024,11,NOR,McLaren,20.0,18.0,1.0,-18.0,-18.0,2.8,6.5,3.0,11.0,1.0,1.0,1.0,229.0,4.9,22.9,0.0,4.9,22.9,0.0,66.88,78.82884210526313,72.853375,13.0,0.0,64.718,0.4040000000000106,2.0,64.786,-0.0679999999999978,2.0,65.45,65.103,64.718,1,1,0.0,0
2024,12,NOR,McLaren,3.0,12.0,0.0,1.0,3.0,0.9090909090909092,4.2727272727272725,3.0,3.5,1.0,3.0,0.0,247.0,5.454545454545454,22.454545454545453,0.0,5.454545454545454,22.454545454545453,0.0,90.561,102.37335370370371,100.39570134032635,1.6666666666666667,1.0,86.03,0.2109999999999985,3.0,86.237,-0.2069999999999936,3.0,91.596,86.559,86.03,1,1,0.0,0
2024,13,NOR,McLaren,2.0,25.0,1.0,-1.0,-7.0,0.9166666666666666,4.166666666666667,3.0,1.5,1.0,1.0,0.0,274.0,5.291666666666667,22.83333333333333,0.0,5.291666666666667,22.83333333333333,0.0,77.699,90.00864404761906,84.22891666666668,2.6666666666666665,1.0,75.227,0.0,1.0,75.249,-0.0219999999999913,1.0,77.755,75.54,75.227,1,1,0.0,0
2024,14,NOR,McLaren,5.0,18.0,1.0,-3.0,-8.0,0.7692307692307693,3.3076923076923075,2.0,3.5,1.0,1.0,0.0,317.0,5.0,24.384615384615383,0.0,5.0,24.384615384615383,0.0,110.01566666666668,115.90675213675212,115.82147222222224,4.333333333333333,0.0,113.981,0.8219999999999885,5.0,114.027,-0.0460000000000064,5.0,115.582,114.358,113.981,1,1,0.0,0
2024,15,NOR,McLaren,1.0,12.0,0.0,3.0,14.0,0.5,2.5,2.0,2.5,1.0,1.0,0.0,345.0,4.892857142857143,24.642857142857142,0.0,4.892857142857143,24.642857142857142,0.0,74.89,84.38868981481481,82.51700833333332,3.0,1.0,69.673,0.0,1.0,70.172,-0.4989999999999952,1.0,71.377,70.496,69.673,1,1,0.0,0
2024,16,NOR,McLaren,3.0,18.0,1.0,-1.0,-2.0,0.6666666666666666,3.2666666666666666,2.0,2.5,1.0,1.0,0.0,383.0,4.733333333333333,25.53333333333333,0.0,4.733333333333333,25.53333333333333,0.0,80.97333333333334,89.81834722222222,86.84786507936508,3.333333333333333,1.0,79.327,0.0,1.0,79.436,-0.1090000000000088,1.0,79.911,79.727,79.327,1,1,0.0,0
2024,17,NOR,McLaren,4.0,25.0,1.0,-3.0,-12.0,0.4666666666666667,2.8666666666666667,1.0,2.5,1.0,1.0,0.0,417.0,4.59375,26.0625,0.0,4.433333333333334,27.0,0.0,104.64,113.41639351851852,111.234,8.0,0.0,103.609,2.244,17.0,101.686,1.922999999999988,16.0,103.609,0.0,0.0,0,0,1.0,1
2024,18,NOR,McLaren,1.0,15.0,1.0,2.0,10.0,0.5333333333333333,2.6,1.0,2.0,1.0,1.0,0.0,455.0,4.470588235294118,26.764705882352946,0.0,4.2,28.466666666666665,0.0,90.73733333333332,98.54031111111112,97.20526190476193,1.3333333333333333,1.0,89.525,0.0,1.0,89.64,-0.1149999999999948,1.0,90.002,90.007,89.525,1,1,0.0,0
2024,19,NOR,McLaren,4.0,10.0,0.0,1.0,2.0,0.6,3.066666666666667,1.0,4.5,1.0,1.0,1.0,495.0,4.333333333333333,27.5,0.0,4.1,29.33333333333333,0.0,93.868,109.68929411764704,99.63885714285712,4.0,0.0,92.33,0.0,1.0,92.95,-0.6200000000000045,1.0,93.616,92.851,92.33,1,1,0.0,0
2024,20,NOR,McLaren,2.0,4.0,0.0,6.0,14.0,0.4666666666666667,2.8,1.0,5.0,1.0,1.0,0.0,517.0,4.342105263157895,27.21052631578948,0.0,3.966666666666667,29.866666666666667,0.0,77.2495,90.96445769230768,92.3600625,3.5,1.0,76.26,0.3140000000000071,3.0,77.597,-1.336999999999989,3.0,76.505,76.301,76.26,1,1,0.0,0
2024,21,NOR,McLaren,6.0,4.0,0.0,2.0,4.0,0.4666666666666667,2.8,1.0,7.0,1.0,1.0,1.0,539.0,4.375,26.95,0.0,3.966666666666667,29.866666666666667,0.0,70.61,87.35757894736841,88.1465,1.0,0.0,83.405,0.0,1.0,84.686,-1.281000000000006,1.0,90.944,84.844,83.405,1,1,0.0,0
2024,22,NOR,McLaren,6.0,6.0,0.0,1.0,3.0,-0.2,1.4,1.0,6.5,1.0,1.0,0.0,551.0,4.5,26.23809523809524,0.0,3.966666666666667,29.0,0.0,94.59933333333332,106.72742957393484,104.43678095238094,3.0,0.0,93.008,0.695999999999998,7.0,93.024,-0.0160000000000053,6.0,93.592,93.099,93.008,1,1,1.0,1
2024,23,NOR,McLaren,10.0,15.0,1.0,-7.0,-13.0,-0.2666666666666666,1.2,1.0,6.5,1.0,1.0,0.0,566.0,4.590909090909091,25.727272727272727,0.0,4.2,28.0,0.0,84.90227272974315,98.5787481539126,97.79821006662438,2.54545454558311,0.0,80.772,0.2520000000000095,3.0,80.829,-0.0569999999999879,3.0,81.578,80.983,80.772,1,1,0.0,0
2024,24,NOR,McLaren,1.0,1.0,0.0,9.0,24.0,-0.6,0.7333333333333333,1.0,5.5,1.0,1.0,0.0,583.0,4.673913043478261,25.347826086956523,0.0,4.433333333333334,27.133333333333333,0.0,83.21419230748498,97.12986663907049,96.63745178557464,2.499999999975328,1.0,82.595,0.0,1.0,82.804,-0.2090000000000031,1.0,83.682,83.098,82.595,1,1,0.0,0
2025,1,NOR,McLaren,1.0,2.0,0.0,8.0,23.0,-0.2,1.8,1.0,5.0,0.7694879862778201,5.456310679611651,0.0,0.0,10.453909994175111,10.19606730143622,0.2305120137221799,0.0,0.0,0.2313847200983123,86.65381342361432,99.83799699266264,95.5970020508844,7.890387894074528,1.0,75.096,0.0,1.0,75.18,-0.0840000000000031,1.0,75.912,75.415,75.096,1,1,0.0,0
2025,2,NOR,McLaren,2.0,25.0,1.0,-1.0,-7.0,0.0,2.466666666666667,1.0,1.5,1.0,2.0,0.0,27.0,5.0,27.0,0.0,5.0,27.0,0.0,86.64494737415278,99.8307323418412,95.5923683446967,7.888923867996036,1.0,90.787,0.1460000000000008,3.0,90.641,0.1460000000000008,3.0,90.983,90.787,90.793,1,1,0.0,0
2025,3,NOR,McLaren,2.0,15.0,1.0,1.0,3.0,1.1333333333333333,3.2,1.0,2.5,1.0,1.0,0.0,70.0,3.25,35.0,0.0,3.25,35.0,0.0,87.72173823322602,100.69445286920988,99.3544762463892,7.333123458686832,1.0,86.995,0.0120000000000004,2.0,87.027,-0.0319999999999964,2.0,87.845,87.146,86.995,1,1,0.0,0
2025,4,NOR,McLaren,3.0,25.0,1.0,-2.0,-10.0,1.1333333333333333,3.2,1.0,2.0,1.0,1.0,0.0,103.0,3.0,34.333333333333336,0.0,3.0,34.333333333333336,0.0,90.71849042480213,101.4754827975406,99.49657084033925,9.999160501413993,1.0,90.267,0.4260000000000019,6.0,89.841,0.4260000000000019,6.0,91.107,90.56,90.267,1,1,0.0,0
2025,5,NOR,McLaren,4.0,25.0,1.0,-3.0,-13.0,1.0666666666666669,3.0,1.0,2.5,1.0,1.0,0.0,143.0,2.75,35.75,0.0,2.75,35.75,0.0,94.52673660766578,104.80569060269876,102.0499983965422,13.112020567917869,0.0,87.481,0.1869999999999976,4.0,87.304,0.1769999999999925,10.0,87.805,87.481,0.0,1,0,-6.0,1
2025,6,NOR,McLaren,2.0,25.0,1.0,-1.0,-7.0,1.0666666666666669,2.6666666666666665,1.0,1.5,1.0,1.0,0.0,180.0,2.7,36.0,0.0,2.7,36.0,0.0,88.3099287476631,100.4441538854276,96.95468597849448,13.112020567916112,1.0,86.269,0.0650000000000119,2.0,86.269,0.0,2.0,86.955,86.499,86.269,1,1,0.0,0
2025,7,NOR,McLaren,2.0,15.0,1.0,1.0,3.0,0.8,1.2666666666666666,1.0,2.5,1.0,1.0,0.0,223.0,2.5,37.16666666666666,0.0,2.5,37.16666666666666,0.0,79.46949383474895,92.95936179334568,90.95283548627492,9.665932105405323,1.0,74.962,0.2920000000000016,4.0,74.67,0.2920000000000016,4.0,75.894,75.261,74.962,1,1,0.0,0
2025,8,NOR,McLaren,1.0,15.0,1.0,2.0,10.0,0.9333333333333332,1.6,1.0,2.0,1.0,1.0,0.0,256.0,2.5,36.57142857142857,0.0,2.5,36.57142857142857,0.0,76.14528553411095,89.00519651933294,88.2456779792632,7.443884778720507,1.0,69.954,0.0,1.0,70.129,-0.1750000000000113,1.0,71.285,70.57,69.954,1,1,0.0,0
2025,9,NOR,McLaren,2.0,25.0,1.0,-1.0,-7.0,1.2666666666666666,3.066666666666667,1.0,1.5,1.0,1.0,0.0,296.0,2.4375,37.0,0.0,2.4375,37.0,0.0,75.05674001815244,87.41039879708771,85.67895836358062,5.667820977224644,1.0,71.755,0.2089999999999889,2.0,71.546,0.2089999999999889,2.0,72.799,72.056,71.755,1,1,0.0,0
2024,1,OCO,Alpine,17.0,0.0,0.0,1.0,0.0,0.05515097246476,0.0349406624367004,1.0,17.5,0.7694879862778201,5.456310679611651,0.0,0.0,10.453909994175111,10.19606730143622,0.2305120137221799,0.0,0.0,0.2313847200983123,92.986,108.12813703703704,109.91034343434345,17.666666666666668,0.0,90.793,1.628,19.0,90.948,-0.1549999999999869,19.0,90.793,0.0,0.0,0,0,0.0,0
2024,2,OCO,Alpine,13.0,0.0,0.0,7.0,0.0,1.0,0.0,6.0,16.5,1.0,9.0,0.0,0.0,17.5,0.0,0.0,17.5,0.0,0.0,90.14033333333332,106.2119014202172,103.0108,14.0,0.0,89.475,2.003,17.0,89.479,-0.0040000000000048,17.0,89.475,0.0,0.0,0,0,0.0,0
2024,3,OCO,Alpine,16.0,0.0,0.0,-3.0,0.0,4.0,0.0,7.0,14.5,0.5,10.0,0.0,0.0,17.0,0.0,0.5,17.0,0.0,0.5,78.72866666666668,93.7356436904762,91.70651363636364,15.666666666666666,0.0,77.617,1.7019999999999982,16.0,77.982,-0.3649999999999949,15.0,77.617,77.697,0.0,1,0,1.0,1
2024,4,OCO,Alpine,15.0,0.0,0.0,1.0,0.0,1.6666666666666667,0.0,8.0,15.5,0.6666666666666667,10.0,0.0,0.0,16.166666666666668,0.0,0.3333333333333333,16.166666666666668,0.0,0.3333333333333333,100.69,116.23331135531136,115.97875,11.666666666666666,0.0,89.811,1.6140000000000043,15.0,90.119,-0.3079999999999927,15.0,89.811,89.816,0.0,1,0,0.0,0
2024,5,OCO,Alpine,11.0,0.0,0.0,2.0,0.0,1.5,0.0,8.0,12.0,0.75,10.0,1.0,0.0,16.0,0.0,0.25,16.0,0.0,0.25,97.213,114.85842857142858,112.71442857142856,7.0,0.0,95.223,1.5630000000000024,13.0,95.287,-0.0640000000000071,13.0,95.356,95.223,0.0,1,0,0.0,0
2024,6,OCO,Alpine,10.0,0.0,0.0,2.0,1.0,1.6,0.0,8.0,11.0,0.8,9.0,1.0,0.0,15.2,0.0,0.2,15.2,0.0,0.2,89.163,109.12988235294118,101.00977777777776,9.0,0.0,88.209,0.9680000000000036,13.0,87.976,0.2330000000000041,13.0,88.209,88.371,0.0,1,0,0.0,0
2024,7,OCO,Alpine,14.0,0.0,0.0,2.0,0.0,1.6666666666666667,0.1666666666666666,8.0,15.0,0.8333333333333334,8.0,0.0,1.0,14.5,0.1666666666666666,0.1666666666666666,14.5,0.1666666666666666,0.1666666666666666,77.367,93.36597562289562,90.26894551282052,12.0,0.0,75.906,1.1600000000000108,12.0,76.015,-0.1089999999999946,12.0,76.361,75.906,0.0,1,0,0.0,0
2024,8,OCO,Alpine,17.0,1.0,0.0,-7.0,-1.0,1.7142857142857142,0.1428571428571428,8.0,13.5,0.8571428571428572,8.0,0.0,1.0,14.571428571428571,0.1428571428571428,0.1428571428571428,14.571428571428571,0.1428571428571428,0.1428571428571428,73.06166666666667,84.95517330362945,85.2346183006536,16.0,0.0,71.285,1.0150000000000006,11.0,70.896,0.3889999999999958,11.0,71.887,71.285,0.0,1,0,0.0,0
2024,9,OCO,Alpine,10.0,2.0,0.0,-1.0,-1.0,0.625,0.0,8.0,9.5,0.75,8.0,0.0,2.0,14.4375,0.25,0.25,14.4375,0.25,0.25,75.74600000000001,89.40834030100334,90.1650576923077,15.0,0.0,73.435,1.6929999999999978,18.0,72.94,0.4950000000000045,18.0,73.435,0.0,0.0,0,0,0.0,0
2024,10,OCO,Alpine,10.0,2.0,0.0,-1.0,-1.0,0.4444444444444444,-0.1111111111111111,7.0,9.5,0.7777777777777778,8.0,0.0,5.0,13.88888888888889,0.5555555555555556,0.2222222222222222,13.88888888888889,0.5555555555555556,0.2222222222222222,74.26733333333334,90.57855808080808,86.3227094017094,9.333333333333334,0.0,72.109,0.7259999999999991,10.0,71.857,0.2519999999999953,9.0,72.691,72.109,72.125,1,1,1.0,1
2024,11,OCO,Alpine,12.0,1.0,0.0,-2.0,-1.0,0.3,-0.2,7.0,11.0,0.8,8.0,1.0,8.0,13.45,0.8,0.2,13.45,0.8,0.2,66.297,79.56335294117648,87.2245,6.0,0.0,65.274,0.960000000000008,10.0,65.335,-0.0609999999999928,10.0,65.574,65.274,65.883,1,1,0.0,0
2024,12,OCO,Alpine,16.0,0.0,0.0,4.0,0.0,0.0909090909090909,-0.2727272727272727,8.0,18.0,0.8181818181818181,8.0,0.0,9.0,13.227272727272728,0.8181818181818182,0.1818181818181818,13.227272727272728,0.8181818181818182,0.1818181818181818,92.049,103.648737394958,100.34975,13.666666666666666,0.0,94.557,8.738,18.0,99.804,-5.247,18.0,94.557,0.0,0.0,0,0,0.0,0
2024,13,OCO,Alpine,18.0,0.0,0.0,2.0,0.0,0.4166666666666667,-0.25,8.0,19.0,0.75,8.0,0.0,9.0,13.625,0.75,0.25,13.625,0.75,0.25,78.78399999999999,98.4610942982456,99.86821666666668,17.333333333333332,0.0,78.049,2.8220000000000027,19.0,78.166,-0.1169999999999902,19.0,78.049,0.0,0.0,0,0,0.0,0
2024,14,OCO,Alpine,9.0,0.0,0.0,4.0,2.0,0.5384615384615384,-0.2307692307692307,8.0,11.0,0.6923076923076923,8.0,0.0,9.0,14.038461538461538,0.6923076923076923,0.3076923076923077,14.038461538461538,0.6923076923076923,0.3076923076923077,114.3255,117.85473076923076,118.7095,6.0,0.0,114.46,1.3009999999999875,10.0,114.635,-0.1750000000000113,10.0,115.417,114.46,114.81,1,1,0.0,0
2024,15,OCO,Alpine,15.0,2.0,0.0,-6.0,-2.0,0.7857142857142857,-0.0714285714285714,8.0,12.0,0.7142857142857143,8.0,0.0,11.0,13.821428571428571,0.7857142857142857,0.2857142857142857,13.821428571428571,0.7857142857142857,0.2857142857142857,76.50000000000001,84.61403333333334,82.95284444444445,13.666666666666666,0.0,71.995,2.3220000000000027,17.0,70.815,1.1800000000000068,16.0,71.995,0.0,0.0,0,0,1.0,1
2024,16,OCO,Alpine,14.0,0.0,0.0,1.0,0.0,0.3333333333333333,-0.2,8.0,14.5,0.7333333333333334,8.0,0.0,13.0,13.7,0.8666666666666667,0.2666666666666666,13.7,0.8666666666666667,0.2666666666666666,82.00166666666667,93.32160968660968,98.8176507936508,17.666666666666668,0.0,80.764,1.4369999999999976,15.0,80.738,0.0259999999999962,15.0,80.764,80.766,0.0,1,0,0.0,0
2024,17,OCO,Alpine,15.0,0.0,0.0,-3.0,0.0,0.3333333333333333,-0.2,8.0,13.5,0.75,8.0,0.0,13.0,13.75,0.8125,0.25,13.5,0.8666666666666667,0.2666666666666666,105.81,115.45513333333336,111.5855,19.0,0.0,104.504,3.13900000000001,20.0,103.088,1.416000000000011,19.0,104.504,0.0,0.0,0,0,1.0,1
2024,18,OCO,Alpine,13.0,0.0,0.0,4.0,0.0,-0.3333333333333333,-0.2,9.0,15.0,0.7647058823529411,8.0,0.0,13.0,13.735294117647058,0.7647058823529411,0.2352941176470588,13.3,0.8666666666666667,0.2,92.09766666666668,104.78762200435732,104.5331919191919,14.333333333333334,0.0,90.769,1.2439999999999998,15.0,91.312,-0.5429999999999922,15.0,90.958,90.769,0.0,1,0,0.0,0
2024,19,OCO,Alpine,18.0,0.0,0.0,-6.0,0.0,0.1333333333333333,-0.2,9.0,15.0,0.7777777777777778,8.0,1.0,13.0,13.805555555555555,0.7222222222222222,0.2222222222222222,13.333333333333334,0.8666666666666667,0.2,94.806,111.31458823529412,117.53628571428573,17.0,0.0,93.597,1.266999999999996,14.0,93.018,0.5789999999999935,13.0,93.986,93.597,0.0,1,0,1.0,1
2024,20,OCO,Alpine,13.0,1.0,0.0,-3.0,-1.0,-0.3333333333333333,-0.2,9.0,11.5,0.7894736842105263,8.0,0.0,13.0,13.86842105263158,0.6842105263157895,0.2105263157894736,13.3,0.8666666666666667,0.2,78.65866666666666,92.11765101565102,89.64665833333333,12.666666666666666,0.0,77.617,1.6710000000000065,19.0,76.892,0.7250000000000085,19.0,77.617,0.0,0.0,0,0,0.0,0
2024,21,OCO,Alpine,2.0,15.0,1.0,1.0,3.0,-0.6666666666666666,-0.2666666666666666,9.0,2.5,0.8,8.0,1.0,14.0,13.75,0.7,0.2,13.266666666666667,0.9333333333333332,0.2,71.827,89.19972222222222,101.994375,18.0,1.0,84.475,1.0699999999999932,4.0,89.42,-4.945000000000007,4.0,89.171,86.206,84.475,1,1,0.0,0
2024,22,OCO,Alpine,17.0,0.0,0.0,3.0,0.0,-0.7333333333333333,-0.1333333333333333,6.0,18.5,0.8095238095238095,7.0,0.0,47.0,13.214285714285714,2.238095238095238,0.1904761904761904,12.7,3.066666666666667,0.2,95.94433333333332,107.736785331384,105.54654232804232,13.333333333333334,0.0,93.221,0.909000000000006,11.0,92.664,0.5570000000000022,11.0,93.968,93.221,0.0,1,0,0.0,0
2024,23,OCO,Alpine,20.0,10.0,0.0,-15.0,-10.0,-0.6666666666666666,-0.1333333333333333,6.0,12.5,0.7727272727272727,8.0,0.0,47.0,13.454545454545457,2.136363636363636,0.2272727272727272,12.933333333333334,3.066666666666667,0.2666666666666666,86.22403030659929,99.84138006523366,101.68688142246616,14.484848484333344,0.0,82.714,2.1940000000000026,20.0,81.437,1.277000000000001,20.0,82.714,0.0,0.0,0,0,0.0,0
2025,1,OCO,Haas F1 Team,13.0,0.0,0.0,1.0,0.0,-1.2,-0.7333333333333333,1.0,13.5,0.7694879862778201,5.456310679611651,0.0,0.0,10.453909994175111,10.19606730143622,0.2305120137221799,0.0,0.0,0.2313847200983123,87.2948393583387,102.70202590138918,101.55443496146906,15.778477425693692,0.0,77.147,2.051000000000002,19.0,83.950781201849,1.3236930160110036,19.0,77.147,0.0,0.0,0,0,0.0,0
2025,2,OCO,Haas F1 Team,5.0,4.0,0.0,3.0,6.0,-1.0666666666666669,-0.6666666666666666,8.0,6.5,1.0,8.0,0.0,0.0,13.5,0.0,0.0,13.5,0.0,0.0,87.28589889310751,102.69300218969418,101.54301457882993,15.77721811205263,0.0,91.625,0.9839999999999948,11.0,92.018,-0.3930000000000007,11.0,91.876,91.625,0.0,1,0,0.0,0
2025,3,OCO,Haas F1 Team,18.0,1.0,0.0,-8.0,-1.0,-0.8,-0.2,5.0,14.0,1.0,4.0,0.0,14.0,10.0,7.0,0.0,10.0,7.0,0.0,89.8494979267044,105.38994875188004,103.56162124038178,13.778372422610673,0.0,88.696,1.712999999999994,18.0,87.711,0.9849999999999994,18.0,88.696,0.0,0.0,0,0,0.0,0
2025,4,OCO,Haas F1 Team,8.0,1.0,0.0,2.0,3.0,-1.2,-0.2,6.0,9.0,1.0,6.0,0.0,15.0,11.333333333333334,5.0,0.0,11.333333333333334,5.0,0.0,92.21322498616048,108.27829966061132,106.80278701526008,11.444514402662632,0.0,91.594,1.753,13.0,92.373,-0.7790000000000106,14.0,91.594,0.0,0.0,0,0,-1.0,1
2025,5,OCO,Haas F1 Team,14.0,0.0,0.0,-1.0,0.0,-1.3333333333333333,0.0,5.0,13.5,1.0,5.0,0.0,20.0,10.75,5.0,0.0,10.75,5.0,0.0,95.68914654504496,113.40766428834664,109.90187115530466,9.221522640068567,0.0,89.092,1.7980000000000018,19.0,88.536,0.5559999999999974,19.0,89.092,0.0,0.0,0,0,0.0,0
2025,6,OCO,Haas F1 Team,12.0,0.0,0.0,7.0,0.0,-1.5333333333333334,0.0,6.0,15.5,1.0,6.0,0.0,20.0,11.3,4.0,0.0,11.3,4.0,0.0,87.91472642853985,105.7858152662842,101.3309494801324,9.333228396011696,0.0,86.824,0.6200000000000045,9.0,87.999,-1.1749999999999972,9.0,87.45,86.967,86.824,1,1,0.0,0
2025,7,OCO,Haas F1 Team,20.0,0.0,0.0,-3.0,0.0,-1.3333333333333333,-0.1333333333333333,6.0,18.5,0.8333333333333334,6.0,0.0,20.0,12.0,3.333333333333333,0.1666666666666666,12.0,3.333333333333333,0.1666666666666666,79.86310283837801,95.8162388113928,92.17051503838412,12.33322839600988,0.0,76.613,1.9429999999999976,19.0,76.077,0.5360000000000014,18.0,76.613,0.0,0.0,0,0,1.0,1
2025,8,OCO,Haas F1 Team,7.0,0.0,0.0,5.0,6.0,-1.1333333333333333,0.0,6.0,9.5,0.7142857142857143,6.0,0.0,20.0,12.928571428571429,2.857142857142857,0.2857142857142857,12.928571428571429,2.857142857142857,0.2857142857142857,75.39082207864634,89.24181316533883,88.55516149266076,14.333858019948172,0.0,70.942,0.9879999999999995,9.0,71.979,-1.037000000000006,8.0,71.839,71.262,70.942,1,1,1.0,1
2025,9,OCO,Haas F1 Team,16.0,0.0,0.0,1.0,0.0,-0.8666666666666667,0.4,6.0,16.5,0.75,6.0,0.0,26.0,12.5,3.25,0.25,12.5,3.25,0.25,74.35877018740999,88.31436839905157,87.24171572441315,13.44493415195046,0.0,73.201,1.654999999999987,17.0,73.074,0.1269999999999953,17.0,73.201,0.0,0.0,0,0,0.0,0
2024,1,PER,Red Bull Racing,2.0,26.0,1.0,-1.0,-8.0,0.05515097246476,0.0349406624367004,1.0,1.5,0.7694879862778201,5.456310679611651,0.0,0.0,10.453909994175111,10.19606730143622,0.2305120137221799,0.0,0.0,0.2313847200983123,91.92533333333334,104.43502503052504,104.81567777777776,10.0,1.0,89.537,0.3719999999999999,5.0,89.179,0.3580000000000041,5.0,90.221,89.932,89.537,1,1,0.0,0
2024,2,PER,Red Bull Racing,2.0,25.0,1.0,-1.0,-7.0,-1.0,-8.0,1.0,1.5,1.0,1.0,0.0,44.0,1.5,44.0,0.0,1.5,44.0,0.0,89.358,99.51609715099715,100.46131666666668,3.6666666666666665,1.0,87.807,0.3350000000000079,3.0,87.472,0.3350000000000079,3.0,88.638,88.467,87.807,1,1,0.0,0
2024,3,PER,Red Bull Racing,5.0,0.0,0.0,14.0,10.0,-1.0,-7.5,1.0,12.0,1.0,1.0,0.0,87.0,1.5,43.5,0.0,1.5,43.5,0.0,77.91533333333332,94.6956383838384,90.39543333333334,7.0,0.0,76.274,0.3589999999999946,3.0,75.915,0.3589999999999946,3.0,76.805,76.631,76.274,1,1,0.0,0
2024,4,PER,Red Bull Racing,2.0,26.0,1.0,-1.0,-8.0,4.0,-1.6666666666666667,1.0,1.5,0.6666666666666667,2.0,0.0,97.0,5.0,32.333333333333336,0.3333333333333333,5.0,32.333333333333336,0.3333333333333333,90.0345,106.10620138888888,102.44122916666666,2.0,1.0,88.263,0.0660000000000025,2.0,88.197,0.0660000000000025,2.0,89.303,88.752,88.263,1,1,0.0,0
2024,5,PER,Red Bull Racing,3.0,25.0,1.0,-2.0,-10.0,2.75,-3.25,1.0,2.0,0.75,2.0,1.0,141.0,4.125,35.25,0.25,4.125,35.25,0.25,96.69,104.88471428571428,102.90828571428573,4.0,1.0,93.982,0.3220000000000027,2.0,93.66,0.3220000000000027,2.0,95.457,94.026,93.982,1,1,0.0,0
2024,6,PER,Red Bull Racing,4.0,18.0,1.0,-2.0,-6.0,1.8,-4.6,1.0,3.0,0.8,2.0,1.0,181.0,3.7,36.2,0.2,3.7,36.2,0.2,88.868,95.06916666666666,93.16325,6.0,0.0,87.46,0.2189999999999941,4.0,87.241,0.2189999999999941,4.0,87.772,87.839,87.46,1,1,0.0,0
2024,7,PER,Red Bull Racing,8.0,25.0,1.0,-7.0,-21.0,1.1666666666666667,-4.833333333333333,1.0,4.5,0.8333333333333334,1.0,0.0,211.0,3.583333333333333,35.166666666666664,0.1666666666666666,3.583333333333333,35.166666666666664,0.1666666666666666,76.80533333333334,93.10330634920632,94.71956851851851,8.0,0.0,75.706,0.960000000000008,11.0,74.746,0.960000000000008,11.0,76.404,75.706,0.0,1,0,0.0,0
2024,8,PER,Red Bull Racing,18.0,8.0,0.0,-12.0,-8.0,0.0,-7.142857142857143,1.0,12.0,0.8571428571428572,1.0,0.0,240.0,3.7142857142857135,34.285714285714285,0.1428571428571428,3.7142857142857135,34.285714285714285,0.1428571428571428,72.417,88.71276998081841,86.98076851851852,8.333333333333334,0.0,72.06,1.7900000000000065,18.0,70.567,1.4930000000000092,16.0,72.06,0.0,0.0,0,0,2.0,1
2024,9,PER,Red Bull Racing,18.0,25.0,1.0,-17.0,-25.0,-1.5,-7.25,1.0,9.5,0.75,2.0,0.0,248.0,4.75,31.0,0.25,4.75,31.0,0.25,79.48033333333332,90.15119202898552,89.43850595238096,9.333333333333334,0.0,73.326,1.583999999999989,16.0,72.0,1.3259999999999934,16.0,73.326,0.0,0.0,0,0,0.0,0
2024,10,PER,Red Bull Racing,8.0,25.0,1.0,-7.0,-21.0,-3.2222222222222223,-9.22222222222222,1.0,4.5,0.6666666666666667,3.0,0.0,273.0,5.277777777777778,30.33333333333333,0.3333333333333333,5.277777777777778,30.33333333333333,0.3333333333333333,74.16533333333332,84.33095816464237,91.50091666666668,8.333333333333334,0.0,72.054,0.6710000000000065,9.0,71.403,0.6509999999999962,8.0,72.477,72.054,72.061,1,1,1.0,1
2024,11,PER,Red Bull Racing,7.0,10.0,0.0,-2.0,-4.0,-3.6,-10.4,1.0,6.0,0.7,3.0,1.0,302.0,5.2,30.2,0.3,5.2,30.2,0.3,66.783,77.96985714285714,71.0315,12.0,0.0,65.144,0.8300000000000125,8.0,64.314,0.8300000000000125,8.0,65.587,65.144,65.202,1,1,0.0,0
2024,12,PER,Red Bull Racing,17.0,18.0,1.0,-15.0,-18.0,-3.4545454545454546,-9.818181818181818,1.0,9.5,0.7272727272727273,1.0,0.0,318.0,5.2727272727272725,28.90909090909091,0.2727272727272727,5.2727272727272725,28.90909090909091,0.2727272727272727,93.1335,102.88762692307692,99.80057142857144,6.0,0.0,98.348,12.528999999999996,19.0,86.203,12.144999999999996,19.0,98.348,0.0,0.0,0,0,0.0,0
2024,13,PER,Red Bull Racing,7.0,10.0,0.0,-2.0,-4.0,-4.416666666666667,-10.5,1.0,6.0,0.75,2.0,0.0,336.0,5.625,28.0,0.25,5.625,28.0,0.25,78.21633333333334,90.23724206349203,90.80638055555556,9.333333333333334,0.0,77.886,2.658999999999992,16.0,75.273,2.6129999999999995,16.0,77.886,0.0,0.0,0,0,0.0,0
2024,14,PER,Red Bull Racing,7.0,12.0,0.0,-3.0,-5.0,-4.230769230769231,-10.0,1.0,5.5,0.7692307692307692,3.0,0.0,352.0,5.653846153846154,27.07692307692308,0.2307692307692307,5.653846153846154,27.07692307692308,0.2307692307692307,111.64533333333333,115.09698383838384,116.1610238095238,8.666666666666666,0.0,113.765,0.6059999999999945,3.0,113.159,0.6059999999999945,3.0,115.139,114.47,113.765,1,1,0.0,0
2024,15,PER,Red Bull Racing,6.0,18.0,1.0,-4.0,-10.0,-4.142857142857143,-9.642857142857142,1.0,4.0,0.7857142857142857,3.0,0.0,371.0,5.642857142857143,26.5,0.2142857142857142,5.642857142857143,26.5,0.2142857142857142,72.93,85.94010952380953,82.40729999999999,12.0,0.0,70.416,0.742999999999995,5.0,70.029,0.3870000000000004,5.0,71.006,70.678,70.416,1,1,0.0,0
2024,16,PER,Red Bull Racing,8.0,8.0,0.0,-2.0,-4.0,-4.133333333333334,-9.666666666666666,1.0,7.0,0.8,3.0,0.0,397.0,5.533333333333333,26.466666666666665,0.2,5.533333333333333,26.466666666666665,0.2,81.75866666666667,96.58098214285714,93.03681150793652,14.0,0.0,80.062,0.7349999999999994,8.0,79.662,0.3999999999999915,8.0,80.598,80.216,80.062,1,1,0.0,0
2024,17,PER,Red Bull Racing,17.0,10.0,0.0,-12.0,-10.0,-4.2,-9.4,2.0,11.0,0.8125,3.0,0.0,409.0,5.625,25.5625,0.1875,5.9,24.33333333333333,0.2,104.14533333333333,114.98161111111112,117.14385185185186,4.0,0.0,101.813,0.4480000000000075,4.0,102.023,-0.2099999999999937,4.0,103.213,102.263,101.813,1,1,0.0,0
2024,18,PER,Red Bull Racing,10.0,18.0,1.0,-8.0,-17.0,-4.933333333333334,-9.6,2.0,6.0,0.7647058823529411,3.0,0.0,419.0,5.941176470588236,24.647058823529413,0.2352941176470588,6.533333333333333,22.133333333333333,0.2666666666666666,91.935,105.33124603174603,104.8615,12.333333333333334,0.0,90.579,1.0539999999999878,13.0,89.68,0.8989999999999867,13.0,90.624,90.579,0.0,1,0,0.0,0
2024,19,PER,Red Bull Racing,7.0,15.0,1.0,-4.0,-9.0,-6.4,-11.4,2.0,5.0,0.7777777777777778,3.0,1.0,438.0,5.944444444444445,24.33333333333333,0.2222222222222222,6.133333333333334,22.73333333333333,0.2,94.638,108.10385714285714,107.27866666666668,16.0,0.0,93.02,0.6899999999999977,8.0,92.361,0.6589999999999918,10.0,93.611,93.02,0.0,1,0,-2.0,1
2024,20,PER,Red Bull Racing,17.0,8.0,0.0,-11.0,-8.0,-6.6,-11.466666666666669,2.0,11.5,0.7894736842105263,3.0,0.0,459.0,5.894736842105263,24.157894736842103,0.2105263157894736,6.366666666666666,21.2,0.2,78.42433333333334,91.5941787878788,89.35045925925925,11.0,0.0,77.611,1.6650000000000065,18.0,76.171,1.4399999999999975,18.0,77.611,0.0,0.0,0,0,0.0,0
2024,21,PER,Red Bull Racing,11.0,26.0,1.0,-10.0,-26.0,-7.2,-11.333333333333334,3.0,6.0,0.8,3.0,1.0,467.0,6.175,23.35,0.2,7.0,19.066666666666663,0.2,71.845,84.05043749999999,75.69888888888889,19.0,0.0,88.158,4.753,13.0,87.771,0.3870000000000004,13.0,90.035,88.158,0.0,1,0,0.0,0
2024,22,PER,Red Bull Racing,10.0,10.0,0.0,-5.0,-9.0,-7.733333333333333,-12.666666666666666,3.0,7.5,0.8095238095238095,3.0,0.0,493.0,6.166666666666667,23.476190476190474,0.1904761904761904,7.2,18.8,0.2,95.884,107.49432153032151,103.7082037037037,14.0,0.0,94.155,1.8430000000000035,16.0,92.797,1.358000000000004,16.0,94.155,0.0,0.0,0,0,0.0,0
2024,23,PER,Red Bull Racing,17.0,25.0,1.0,-16.0,-25.0,-7.6,-11.866666666666667,3.0,9.0,0.8181818181818181,3.0,0.0,504.0,6.227272727272728,22.90909090909091,0.1818181818181818,7.4,17.6,0.2,86.15342423468833,98.20959992514288,93.45880066529146,14.818181818788853,0.0,81.425,0.9050000000000012,10.0,80.52,0.9050000000000012,9.0,81.675,81.425,81.425,1,1,1.0,1
2024,24,PER,Red Bull Racing,20.0,8.0,0.0,-14.0,-8.0,-7.866666666666666,-13.0,3.0,13.0,0.782608695652174,3.0,0.0,529.0,6.3478260869565215,23.0,0.217391304347826,7.2,18.73333333333333,0.2,84.45823076648614,96.6115550393434,91.7766273475134,14.846153846410068,0.0,83.264,0.6689999999999969,11.0,82.945,0.3190000000000026,10.0,83.559,83.379,83.264,1,1,1.0,1
2024,1,PIA,McLaren,8.0,8.0,0.0,-2.0,-4.0,0.05515097246476,0.0349406624367004,1.0,7.0,0.7694879862778201,5.456310679611651,0.0,0.0,10.453909994175111,10.19606730143622,0.2305120137221799,0.0,0.0,0.2313847200983123,91.70233333333331,104.55950077972707,103.10502525252524,5.0,0.0,89.683,0.5180000000000007,8.0,89.614,0.0690000000000026,8.0,90.531,90.122,89.683,1,1,0.0,0
2024,2,PIA,McLaren,4.0,4.0,0.0,4.0,8.0,-2.0,-4.0,4.0,6.0,1.0,4.0,0.0,12.0,7.0,12.0,0.0,7.0,12.0,0.0,89.928,104.4821349206349,101.4238857142857,11.0,0.0,88.089,0.6170000000000044,5.0,88.132,-0.0430000000000063,5.0,88.755,88.343,88.089,1,1,0.0,0
2024,3,PIA,McLaren,4.0,15.0,1.0,-1.0,-3.0,1.0,2.0,3.0,3.5,1.0,3.0,0.0,28.0,6.5,14.0,0.0,6.5,14.0,0.0,78.02733333333333,90.21276470588236,88.41666666666667,8.333333333333334,0.0,76.572,0.6569999999999965,6.0,76.315,0.257000000000005,6.0,77.369,76.601,76.572,1,1,0.0,0
2024,4,PIA,McLaren,8.0,10.0,0.0,-3.0,-6.0,0.3333333333333333,0.3333333333333333,3.0,6.5,1.0,3.0,0.0,55.0,5.5,18.33333333333333,0.0,5.5,18.33333333333333,0.0,92.03866666666666,99.61687762237764,98.8435,5.666666666666667,0.0,88.76,0.5630000000000024,6.0,88.489,0.2710000000000008,6.0,89.425,89.148,88.76,1,1,0.0,0
2024,5,PIA,McLaren,8.0,18.0,1.0,-6.0,-14.0,-0.5,-1.25,3.0,5.0,1.0,3.0,1.0,69.0,5.75,17.25,0.0,5.75,17.25,0.0,96.629,112.5198,111.94818181818182,2.0,0.0,94.273,0.6129999999999995,5.0,94.165,0.1079999999999898,5.0,95.014,94.659,94.273,1,1,0.0,0
2024,6,PIA,McLaren,13.0,25.0,1.0,-12.0,-25.0,-1.6,-3.8,3.0,7.0,1.0,3.0,1.0,91.0,5.6,18.2,0.0,5.6,18.2,0.0,88.7,105.61478571428572,92.139,2.0,0.0,87.675,0.4339999999999975,6.0,87.594,0.081000000000003,6.0,88.032,87.721,87.675,1,1,0.0,0
2024,7,PIA,McLaren,4.0,18.0,1.0,-2.0,-6.0,-3.333333333333333,-7.333333333333333,3.0,3.0,1.0,3.0,0.0,116.0,5.833333333333333,19.33333333333333,0.0,5.833333333333333,19.33333333333333,0.0,76.478,87.4047388888889,90.25016666666666,4.0,0.0,74.82,0.073999999999998,2.0,74.837,-0.0170000000000101,2.0,75.94,75.407,74.82,1,1,0.0,0
2024,8,PIA,McLaren,2.0,12.0,0.0,2.0,6.0,-3.142857142857143,-7.142857142857143,3.0,3.0,1.0,3.0,0.0,146.0,5.428571428571429,20.857142857142858,0.0,5.428571428571429,20.857142857142858,0.0,72.15499999999999,84.98969999999998,81.726056998557,6.0,1.0,70.424,0.1540000000000105,2.0,70.542,-0.117999999999995,2.0,71.5,70.756,70.424,1,1,0.0,0
2024,9,PIA,McLaren,5.0,18.0,1.0,-3.0,-8.0,-2.5,-5.5,3.0,3.5,1.0,3.0,0.0,176.0,5.125,22.0,0.0,5.125,22.0,0.0,79.676,89.61244306418219,89.85832222222223,9.0,0.0,72.103,0.36099999999999,5.0,72.021,0.0819999999999936,4.0,72.907,72.462,72.103,1,1,1.0,1
2024,10,PIA,McLaren,7.0,19.0,1.0,-5.0,-13.0,-2.555555555555556,-5.777777777777778,3.0,4.5,1.0,1.0,0.0,204.0,4.944444444444445,22.666666666666668,0.0,4.944444444444445,22.666666666666668,0.0,74.132,85.17725325077399,83.20000649350649,7.666666666666667,0.0,72.011,0.6280000000000001,8.0,71.383,0.6280000000000001,10.0,72.46,72.011,0.0,1,0,-2.0,1
2024,11,PIA,McLaren,2.0,0.0,0.0,18.0,18.0,-2.8,-6.5,3.0,11.0,1.0,1.0,1.0,229.0,4.9,22.9,0.0,4.9,22.9,0.0,65.961,74.76875,69.54225,2.0,1.0,64.786,0.4720000000000084,3.0,64.718,0.0679999999999978,7.0,65.311,65.07,65.048,1,1,-4.0,1
2024,12,PIA,McLaren,4.0,15.0,1.0,-1.0,-3.0,-0.9090909090909092,-4.2727272727272725,3.0,3.5,1.0,3.0,0.0,247.0,5.454545454545454,22.454545454545453,0.0,5.454545454545454,22.454545454545453,0.0,91.055,97.92328954865798,96.84026190476192,4.0,0.0,86.237,0.4179999999999921,5.0,86.03,0.2069999999999936,5.0,90.895,86.733,86.237,1,1,0.0,0
2024,13,PIA,McLaren,1.0,18.0,1.0,1.0,7.0,-0.9166666666666666,-4.166666666666667,3.0,1.5,1.0,1.0,0.0,274.0,5.291666666666667,22.83333333333333,0.0,5.291666666666667,22.83333333333333,0.0,78.003,89.69292626262626,94.29122222222225,7.333333333333333,1.0,75.249,0.0219999999999913,2.0,75.227,0.0219999999999913,2.0,77.504,75.785,75.249,1,1,0.0,0
2024,14,PIA,McLaren,2.0,10.0,0.0,3.0,8.0,-0.7692307692307693,-3.3076923076923075,2.0,3.5,1.0,1.0,0.0,317.0,5.0,24.384615384615383,0.0,5.0,24.384615384615383,0.0,109.792,115.66925,115.71329166666668,2.0,1.0,114.027,0.867999999999995,6.0,113.981,0.0460000000000064,6.0,114.835,114.136,114.027,1,1,0.0,0
2024,15,PIA,McLaren,4.0,26.0,1.0,-3.0,-14.0,-0.5,-2.5,2.0,2.5,1.0,1.0,0.0,345.0,4.892857142857143,24.642857142857142,0.0,4.892857142857143,24.642857142857142,0.0,75.28099999999999,85.55940277777778,83.74485,5.333333333333333,0.0,70.172,0.4989999999999952,3.0,69.673,0.4989999999999952,3.0,71.541,70.505,70.172,1,1,0.0,0
2024,16,PIA,McLaren,2.0,16.0,1.0,1.0,2.0,-0.6666666666666666,-3.2666666666666666,2.0,2.5,1.0,1.0,0.0,383.0,4.733333333333333,25.53333333333333,0.0,4.733333333333333,25.53333333333333,0.0,81.10300000000001,93.16787728937727,91.16750000000002,4.666666666666667,1.0,79.436,0.1090000000000088,2.0,79.327,0.1090000000000088,2.0,80.076,79.808,79.436,1,1,0.0,0
2024,17,PIA,McLaren,1.0,13.0,0.0,3.0,12.0,-0.4666666666666667,-2.8666666666666667,1.0,2.5,1.0,1.0,0.0,417.0,4.59375,26.0625,0.0,4.433333333333334,27.0,0.0,104.338,116.01511706349208,115.8714888888889,5.0,1.0,101.686,0.3210000000000121,2.0,103.609,-1.922999999999988,2.0,103.033,102.598,101.686,1,1,0.0,0
2024,18,PIA,McLaren,3.0,25.0,1.0,-2.0,-10.0,-0.5333333333333333,-2.6,1.0,2.0,1.0,1.0,0.0,455.0,4.470588235294118,26.764705882352946,0.0,4.2,28.466666666666665,0.0,91.42466666666668,103.77292623716151,101.51515555555557,4.666666666666667,1.0,89.64,0.1149999999999948,2.0,89.525,0.1149999999999948,5.0,90.258,89.64,89.953,1,1,-3.0,1
2024,19,PIA,McLaren,5.0,12.0,0.0,-1.0,-2.0,-0.6,-3.066666666666667,1.0,4.5,1.0,1.0,1.0,495.0,4.333333333333333,27.5,0.0,4.1,29.33333333333333,0.0,93.908,104.35529411764706,98.60633333333334,5.0,0.0,92.95,0.6200000000000045,5.0,92.33,0.6200000000000045,5.0,93.864,93.057,92.95,1,1,0.0,0
2024,20,PIA,McLaren,8.0,18.0,1.0,-6.0,-14.0,-0.4666666666666667,-2.8,1.0,5.0,1.0,1.0,0.0,517.0,4.342105263157895,27.21052631578948,0.0,3.966666666666667,29.866666666666667,0.0,77.77566666666667,89.14714393939396,86.58890092592594,3.0,0.0,77.597,1.6509999999999962,17.0,76.26,1.336999999999989,17.0,77.597,0.0,0.0,0,0,0.0,0
2024,21,PIA,McLaren,8.0,8.0,0.0,-2.0,-4.0,-0.4666666666666667,-2.8,1.0,7.0,1.0,1.0,1.0,539.0,4.375,26.95,0.0,3.966666666666667,29.866666666666667,0.0,70.95,83.62165000000002,75.428,4.0,0.0,84.686,1.281000000000006,8.0,83.405,1.281000000000006,8.0,90.114,84.686,84.686,1,1,0.0,0
2024,22,PIA,McLaren,7.0,9.0,0.0,-1.0,-3.0,0.2,-1.4,1.0,6.5,1.0,1.0,0.0,551.0,4.5,26.23809523809524,0.0,3.966666666666667,29.0,0.0,95.01133333333333,108.0407175925926,104.85959047619048,6.0,0.0,93.024,0.7120000000000033,8.0,93.008,0.0160000000000053,8.0,93.45,93.024,93.033,1,1,0.0,0
2024,23,PIA,McLaren,3.0,2.0,0.0,7.0,13.0,0.2666666666666666,-1.2,1.0,6.5,1.0,1.0,0.0,566.0,4.590909090909091,25.727272727272727,0.0,4.2,28.0,0.0,85.31539393262959,97.94577666875598,93.51084951118384,4.909090908273132,1.0,80.829,0.3089999999999975,4.0,80.772,0.0569999999999879,4.0,81.821,81.121,80.829,1,1,0.0,0
2024,24,PIA,McLaren,10.0,25.0,1.0,-9.0,-24.0,0.6,-0.7333333333333333,1.0,5.5,1.0,1.0,0.0,583.0,4.673913043478261,25.347826086956523,0.0,4.433333333333334,27.133333333333333,0.0,83.63038461306597,96.16710287247264,91.58740350769716,4.6923076920287,0.0,82.804,0.2090000000000031,2.0,82.595,0.2090000000000031,2.0,83.64,83.199,82.804,1,1,0.0,0
2025,1,PIA,McLaren,9.0,25.0,1.0,-8.0,-23.0,0.2,-1.8,1.0,5.0,0.7694879862778201,5.456310679611651,0.0,0.0,10.453909994175111,10.19606730143622,0.2305120137221799,0.0,0.0,0.2313847200983123,86.56219197506819,99.76194820353496,97.65892318443198,8.109921887207737,0.0,75.18,0.0840000000000031,2.0,75.096,0.0840000000000031,2.0,76.062,75.468,75.18,1,1,0.0,0
2025,2,PIA,McLaren,1.0,18.0,1.0,1.0,7.0,0.0,-2.466666666666667,1.0,1.5,1.0,2.0,0.0,27.0,5.0,27.0,0.0,5.0,27.0,0.0,86.55361818586677,99.75295607302718,97.6497144062892,8.1120205679145,1.0,90.641,0.0,1.0,90.787,-0.1460000000000008,1.0,91.591,91.2,90.641,1,1,0.0,0
2025,3,PIA,McLaren,3.0,18.0,1.0,-1.0,-3.0,-1.1333333333333333,-3.2,1.0,2.5,1.0,1.0,0.0,70.0,3.25,35.0,0.0,3.25,35.0,0.0,86.66194753074136,98.10144151767504,96.22555835358295,8.333333333333334,1.0,87.027,0.0439999999999969,3.0,86.995,0.0319999999999964,3.0,87.687,87.507,87.027,1,1,0.0,0
2025,4,PIA,McLaren,1.0,15.0,1.0,2.0,10.0,-1.1333333333333333,-3.2,1.0,2.0,1.0,1.0,0.0,103.0,3.0,34.333333333333336,0.0,3.0,34.333333333333336,0.0,88.89932194785099,100.78278028704682,99.7358351553567,5.3334382706586005,1.0,89.841,0.0,1.0,90.267,-0.4260000000000019,1.0,91.392,90.454,89.841,1,1,0.0,0
2025,5,PIA,McLaren,1.0,12.0,0.0,3.0,13.0,-1.0666666666666669,-3.0,1.0,2.5,1.0,1.0,0.0,143.0,2.75,35.75,0.0,2.75,35.75,0.0,92.45720263421296,105.91923303740283,100.98034783212977,3.221837452036973,1.0,87.304,0.0100000000000051,2.0,87.481,-0.1769999999999925,2.0,87.901,87.545,87.304,1,1,0.0,0
2025,6,PIA,McLaren,1.0,18.0,1.0,1.0,7.0,-1.0666666666666669,-2.6666666666666665,1.0,1.5,1.0,1.0,0.0,180.0,2.7,36.0,0.0,2.7,36.0,0.0,87.26945049592958,101.8476278542478,98.11056898154412,2.666456792019761,1.0,86.269,0.0650000000000119,2.0,86.269,0.0,4.0,87.006,86.269,86.375,1,1,-2.0,1
2025,7,PIA,McLaren,3.0,18.0,1.0,-1.0,-3.0,-0.8,-1.2666666666666666,1.0,2.5,1.0,1.0,0.0,223.0,2.5,37.16666666666666,0.0,2.5,37.16666666666666,0.0,79.11017110008522,92.66808404854112,88.03910417654414,4.0,1.0,74.67,0.0,1.0,74.962,-0.2920000000000016,1.0,75.5,75.214,74.67,1,1,0.0,0
2025,8,PIA,McLaren,3.0,25.0,1.0,-2.0,-10.0,-0.9333333333333332,-1.6,1.0,2.0,1.0,1.0,0.0,256.0,2.5,36.57142857142857,0.0,2.5,36.57142857142857,0.0,76.10175712234101,87.33488879168917,87.2764340870824,6.33322839600988,1.0,70.129,0.1750000000000113,3.0,69.954,0.1750000000000113,3.0,71.308,70.858,70.129,1,1,0.0,0
2025,9,PIA,McLaren,1.0,18.0,1.0,1.0,7.0,-1.2666666666666666,-3.066666666666667,1.0,1.5,1.0,1.0,0.0,296.0,2.4375,37.0,0.0,2.4375,37.0,0.0,75.32237100612564,86.59408262021391,84.92968065540003,7.556010283955432,1.0,71.546,0.0,1.0,71.755,-0.2089999999999889,1.0,72.551,71.998,71.546,1,1,0.0,0
2024,1,RIC,RB,13.0,0.0,0.0,1.0,0.0,0.05515097246476,0.0349406624367004,1.0,13.5,0.7694879862778201,5.456310679611651,0.0,0.0,10.453909994175111,10.19606730143622,0.2305120137221799,0.0,0.0,0.2313847200983123,91.94466666666666,106.87985,105.56506227106227,8.0,0.0,90.278,1.1129999999999995,14.0,90.129,0.1490000000000009,14.0,90.562,90.278,0.0,1,0,0.0,0
2024,2,RIC,RB,16.0,0.0,0.0,-1.0,0.0,1.0,0.0,6.0,15.5,1.0,6.0,0.0,0.0,13.5,0.0,0.0,13.5,0.0,0.0,90.24833333333332,106.3569992997199,103.46790606060608,15.666666666666666,0.0,89.025,1.5530000000000117,14.0,88.547,0.4780000000000086,14.0,89.065,89.025,0.0,1,0,0.0,0
2024,3,RIC,RB,12.0,6.0,0.0,-5.0,-6.0,0.0,0.0,7.0,9.5,1.0,7.0,0.0,0.0,14.5,0.0,0.0,14.5,0.0,0.0,78.59033333333333,96.88082887700534,94.968875,13.666666666666666,0.0,77.466,1.5509999999999875,15.0,76.788,0.6779999999999973,18.0,78.085,0.0,0.0,0,0,-3.0,1
2024,4,RIC,RB,19.0,1.0,0.0,-9.0,-1.0,-1.6666666666666667,-2.0,6.0,14.5,1.0,7.0,0.0,6.0,12.833333333333334,2.0,0.0,12.833333333333334,2.0,0.0,96.2975,109.91608928571428,103.3041,9.0,0.0,89.472,1.2749999999999917,11.0,89.413,0.0589999999999975,11.0,89.727,89.472,0.0,1,0,0.0,0
2024,5,RIC,RB,18.0,0.0,0.0,1.0,0.0,-3.5,-1.75,6.0,18.5,0.75,7.0,1.0,7.0,13.25,1.75,0.25,13.25,1.75,0.25,97.238,110.76817647058822,107.565,9.0,0.0,94.934,1.274000000000001,12.0,95.746,-0.8119999999999976,12.0,95.443,94.934,0.0,1,0,0.0,0
2024,6,RIC,RB,15.0,6.0,0.0,-8.0,-6.0,-2.6,-1.4,6.0,11.0,0.4,7.0,1.0,7.0,14.3,1.4,0.6,14.3,1.4,0.6,89.178,106.83665,107.18333333333334,11.0,0.0,88.617,1.3760000000000048,18.0,88.167,0.4500000000000028,18.0,88.617,0.0,0.0,0,0,0.0,0
2024,7,RIC,RB,13.0,1.0,0.0,-3.0,-1.0,-3.5,-2.1666666666666665,6.0,11.5,0.5,7.0,0.0,13.0,13.75,2.1666666666666665,0.5,13.75,2.1666666666666665,0.5,77.223,95.2101527777778,97.7653037037037,11.666666666666666,0.0,75.674,0.9280000000000116,10.0,75.358,0.3160000000000025,9.0,76.06,75.691,75.674,1,1,1.0,1
2024,8,RIC,RB,12.0,4.0,0.0,-4.0,-4.0,-3.4285714285714284,-2.0,6.0,10.0,0.5714285714285714,7.0,0.0,14.0,13.428571428571429,2.0,0.4285714285714285,13.428571428571429,2.0,0.4285714285714285,72.769,87.72034035087718,84.48964107744108,14.333333333333334,0.0,71.482,1.2120000000000033,13.0,70.858,0.6239999999999952,12.0,71.785,71.482,0.0,1,0,1.0,1
2024,9,RIC,RB,8.0,0.0,0.0,6.0,4.0,-3.5,-2.25,6.0,11.0,0.625,6.0,0.0,18.0,13.0,2.25,0.375,13.0,2.25,0.375,79.53066666666666,90.6365780051151,89.42034343434345,7.333333333333333,0.0,72.178,0.4359999999999928,6.0,72.303,-0.125,5.0,73.24,72.572,72.178,1,1,1.0,1
2024,10,RIC,RB,15.0,0.0,0.0,4.0,0.0,-2.4444444444444446,-1.5555555555555556,6.0,17.0,0.6666666666666667,6.0,0.0,22.0,12.77777777777778,2.4444444444444446,0.3333333333333333,12.77777777777778,2.4444444444444446,0.3333333333333333,74.666,89.83588333333334,87.36662878787878,15.666666666666666,0.0,73.075,1.6920000000000073,18.0,72.985,0.0900000000000034,18.0,73.075,0.0,0.0,0,0,0.0,0
2024,11,RIC,RB,9.0,0.0,0.0,5.0,2.0,-1.8,-1.4,6.0,11.5,0.7,7.0,1.0,22.0,13.2,2.2,0.3,13.2,2.2,0.3,66.962,85.21714285714286,90.3886,16.0,0.0,65.289,0.9750000000000084,11.0,65.412,-0.1230000000000046,11.0,65.569,65.289,0.0,1,0,0.0,0
2024,12,RIC,RB,13.0,1.0,0.0,-3.0,-1.0,-1.181818181818182,-1.0909090909090908,6.0,11.5,0.7272727272727273,7.0,0.0,24.0,13.045454545454543,2.1818181818181817,0.2727272727272727,13.045454545454543,2.1818181818181817,0.2727272727272727,92.40533333333332,103.80332614379084,102.0971322751323,16.666666666666668,0.0,87.949,2.1299999999999955,15.0,87.269,0.6799999999999926,15.0,91.291,87.949,0.0,1,0,0.0,0
2024,13,RIC,RB,12.0,2.0,0.0,-3.0,-2.0,-1.3333333333333333,-1.0833333333333333,6.0,10.5,0.75,7.0,0.0,25.0,12.916666666666666,2.083333333333333,0.25,12.916666666666666,2.083333333333333,0.25,78.20033333333333,92.84153267973856,86.39659999999999,8.666666666666666,0.0,76.202,0.9749999999999944,10.0,76.121,0.081000000000003,9.0,77.05,76.202,76.447,1,1,1.0,1
2024,14,RIC,RB,10.0,0.0,0.0,6.0,1.0,-1.4615384615384617,-1.1538461538461535,6.0,13.0,0.7692307692307692,7.0,0.0,27.0,12.73076923076923,2.076923076923077,0.2307692307692307,12.73076923076923,2.076923076923077,0.2307692307692307,112.39433333333334,122.10238888888888,121.39709999999998,13.666666666666666,0.0,114.682,1.522999999999996,13.0,116.593,-1.9110000000000011,13.0,115.451,114.682,0.0,1,0,0.0,0
2024,15,RIC,RB,12.0,0.0,0.0,5.0,0.0,-0.9285714285714286,-1.0,6.0,14.5,0.7857142857142857,7.0,0.0,28.0,12.75,2.0,0.2142857142857142,12.75,2.0,0.2142857142857142,77.76466666666666,89.88681481481483,87.5987094017094,16.666666666666668,0.0,71.943,2.269999999999996,16.0,70.955,0.9879999999999995,15.0,71.943,0.0,0.0,0,0,1.0,1
2024,16,RIC,RB,13.0,0.0,0.0,7.0,0.0,-0.5333333333333333,-0.9333333333333332,6.0,16.5,0.8,7.0,0.0,28.0,12.866666666666667,1.8666666666666667,0.2,12.866666666666667,1.8666666666666667,0.2,81.66066666666667,90.87643434343435,92.73561111111113,10.666666666666666,0.0,80.479,1.152000000000001,12.0,80.945,-0.465999999999994,12.0,80.901,80.479,0.0,1,0,0.0,0
2024,17,RIC,RB,13.0,0.0,0.0,7.0,0.0,-0.1333333333333333,-0.9333333333333332,6.0,16.5,0.75,7.0,0.0,28.0,13.09375,1.75,0.25,13.066666666666666,1.8666666666666667,0.2666666666666666,105.20433333333334,116.26771474358976,117.46236464646464,13.333333333333334,0.0,103.547,2.182000000000002,16.0,103.035,0.5120000000000005,15.0,103.547,0.0,0.0,0,0,1.0,1
2024,18,RIC,RB,18.0,0.0,0.0,-6.0,0.0,0.4,-0.9333333333333332,6.0,15.0,0.7058823529411764,7.0,0.0,28.0,13.294117647058824,1.6470588235294117,0.2941176470588235,13.133333333333333,1.8666666666666667,0.3333333333333333,91.80466666666666,106.80062788671025,107.85075897435898,10.0,0.0,91.085,1.559999999999988,16.0,90.289,0.7959999999999923,16.0,91.085,0.0,0.0,0,0,0.0,0
2024,1,RUS,Mercedes,5.0,6.0,0.0,2.0,4.0,0.05515097246476,0.0349406624367004,1.0,6.0,0.7694879862778201,5.456310679611651,0.0,0.0,10.453909994175111,10.19606730143622,0.2305120137221799,0.0,0.0,0.2313847200983123,91.67366666666668,100.99800793650792,97.30152272727274,5.0,0.0,89.485,0.3199999999999932,3.0,89.71,-0.2249999999999943,3.0,90.35,89.922,89.485,1,1,0.0,0
2024,2,RUS,Mercedes,6.0,2.0,0.0,3.0,6.0,2.0,4.0,3.0,7.5,1.0,3.0,0.0,16.0,6.0,16.0,0.0,6.0,16.0,0.0,89.32,102.90350873015876,103.63208333333334,3.333333333333333,0.0,88.316,0.8440000000000083,8.0,88.46,-0.1439999999999912,7.0,88.749,88.448,88.316,1,1,1.0,1
2024,3,RUS,Mercedes,17.0,0.0,0.0,1.0,0.0,2.5,5.0,4.0,17.5,1.0,4.0,0.0,26.0,6.75,13.0,0.0,6.75,13.0,0.0,77.81133333333334,95.81170043572985,92.61945833333334,4.666666666666667,0.0,76.724,0.8089999999999975,8.0,76.96,-0.23599999999999,7.0,77.062,76.901,76.724,1,1,1.0,1
2024,4,RUS,Mercedes,7.0,2.0,0.0,2.0,4.0,2.0,3.333333333333333,4.0,8.0,0.3333333333333333,5.0,0.0,26.0,10.333333333333334,8.666666666666666,0.6666666666666666,10.333333333333334,8.666666666666666,0.6666666666666666,90.224,96.16218888888888,95.88133333333334,3.5,0.0,89.008,0.8109999999999928,9.0,88.766,0.2419999999999902,9.0,89.799,89.14,89.008,1,1,0.0,0
2024,5,RUS,Mercedes,6.0,2.0,0.0,3.0,6.0,2.0,3.5,4.0,7.5,0.5,5.0,1.0,34.0,9.75,8.5,0.5,9.75,8.5,0.5,98.806,106.699,107.65545454545456,17.0,0.0,94.433,0.7730000000000103,8.0,95.573,-1.1399999999999864,8.0,95.084,94.609,94.433,1,1,0.0,0
2024,6,RUS,Mercedes,8.0,8.0,0.0,-2.0,-4.0,2.2,4.0,4.0,7.0,0.6,4.0,1.0,44.0,9.3,8.8,0.4,9.3,8.8,0.4,88.784,101.64386666666668,93.9452857142857,4.0,0.0,88.067,0.8259999999999934,9.0,87.697,0.3699999999999903,7.0,88.159,88.095,88.067,1,1,2.0,1
2024,7,RUS,Mercedes,7.0,8.0,0.0,-1.0,-1.0,1.5,2.6666666666666665,4.0,6.5,0.6666666666666667,4.0,0.0,56.0,8.916666666666666,9.333333333333334,0.3333333333333333,8.916666666666666,9.333333333333334,0.3333333333333333,76.5,92.19630060606062,84.14966666666666,4.0,0.0,75.234,0.4879999999999995,6.0,75.504,-0.2700000000000102,6.0,76.107,75.671,75.234,1,1,0.0,0
2024,8,RUS,Mercedes,5.0,7.0,0.0,2.0,3.0,1.1428571428571428,2.142857142857143,4.0,6.0,0.7142857142857143,4.0,0.0,71.0,8.571428571428571,10.142857142857142,0.2857142857142857,8.571428571428571,10.142857142857142,0.2857142857142857,72.17433333333334,88.1823012345679,86.7047876984127,6.333333333333333,0.0,70.543,0.2730000000000103,5.0,70.621,-0.0779999999999887,5.0,71.492,70.929,70.543,1,1,0.0,0
2024,9,RUS,Mercedes,3.0,13.0,0.0,1.0,2.0,1.25,2.25,4.0,3.5,0.75,4.0,0.0,88.0,8.25,11.0,0.25,8.25,11.0,0.25,79.25699999999999,89.8003326984127,90.03714646464647,5.0,1.0,71.742,0.0,1.0,71.979,-0.2369999999999947,1.0,73.013,71.742,72.0,1,1,0.0,0
2024,10,RUS,Mercedes,4.0,15.0,1.0,-1.0,-3.0,1.2222222222222223,2.2222222222222223,4.0,3.5,0.7777777777777778,4.0,0.0,116.0,7.722222222222222,12.88888888888889,0.2222222222222222,7.722222222222222,12.88888888888889,0.2222222222222222,73.83333333333333,90.25253227513228,87.49575238095237,5.666666666666667,0.0,71.703,0.3200000000000074,4.0,71.701,0.0020000000000095,4.0,72.456,71.812,71.703,1,1,0.0,0
2024,11,RUS,Mercedes,1.0,12.0,0.0,3.0,13.0,1.0,1.7,4.0,2.5,0.8,4.0,1.0,143.0,7.3,14.3,0.2,7.3,14.3,0.2,66.386,78.92375,69.27914285714284,8.0,1.0,64.84,0.5260000000000105,4.0,64.903,-0.0630000000000023,3.0,65.585,65.016,64.84,1,1,1.0,1
2024,12,RUS,Mercedes,19.0,25.0,1.0,-18.0,-25.0,1.181818181818182,2.727272727272727,4.0,10.0,0.8181818181818181,4.0,0.0,180.0,6.863636363636363,16.363636363636363,0.1818181818181818,6.863636363636363,16.363636363636363,0.1818181818181818,90.85366666666664,101.58351794871794,100.92248611111113,5.333333333333333,0.0,85.819,0.0,1.0,85.99,-0.1709999999999922,1.0,90.106,86.723,85.819,1,1,0.0,0
2024,13,RUS,Mercedes,8.0,15.0,1.0,-5.0,-10.0,-0.4166666666666667,0.4166666666666667,4.0,5.5,0.75,4.0,0.0,205.0,7.125,17.083333333333332,0.25,7.125,17.083333333333332,0.25,77.99833333333332,87.60049340463458,84.27747293447293,4.333333333333333,0.0,77.968,2.741,17.0,75.854,2.1140000000000043,17.0,77.968,0.0,0.0,0,0,0.0,0
2024,14,RUS,Mercedes,20.0,25.0,1.0,-19.0,-25.0,-0.7692307692307693,-0.3846153846153846,4.0,10.5,0.7692307692307692,4.0,0.0,225.0,7.0,17.307692307692307,0.2307692307692307,7.0,17.307692307692307,0.2307692307692307,103.7575,110.03695757575758,110.4695,5.0,0.0,114.095,0.9359999999999928,7.0,113.835,0.2600000000000051,7.0,115.353,114.095,114.184,1,1,0.0,0
2024,15,RUS,Mercedes,7.0,4.0,0.0,1.0,2.0,-2.071428571428572,-2.142857142857143,4.0,7.5,0.7142857142857143,4.0,0.0,250.0,7.25,17.857142857142858,0.2857142857142857,7.25,17.857142857142858,0.2857142857142857,75.934,87.52471717171717,86.04169444444445,6.333333333333333,0.0,70.244,0.570999999999998,4.0,70.948,-0.7039999999999935,4.0,71.049,70.552,70.244,1,1,0.0,0
2024,16,RUS,Mercedes,7.0,10.0,0.0,-2.0,-4.0,-1.8666666666666667,-1.8666666666666667,4.0,6.0,0.7333333333333334,4.0,0.0,260.0,7.266666666666667,17.333333333333332,0.2666666666666666,7.266666666666667,17.333333333333332,0.2666666666666666,80.648,87.98351602564102,84.54145238095238,4.0,0.0,79.44,0.1129999999999995,3.0,79.513,-0.0730000000000075,3.0,80.169,79.877,79.44,1,1,0.0,0
2024,17,RUS,Mercedes,3.0,2.0,0.0,6.0,13.0,-2.1333333333333333,-2.4,4.0,6.0,0.75,4.0,0.0,276.0,7.1875,17.25,0.25,7.266666666666667,17.333333333333332,0.2666666666666666,104.522,113.49526503126503,114.37973333333332,6.0,1.0,101.874,0.5090000000000003,5.0,102.289,-0.4150000000000062,5.0,103.139,102.329,101.874,1,1,0.0,0
2024,18,RUS,Mercedes,4.0,8.0,0.0,2.0,4.0,-1.933333333333333,-1.933333333333333,4.0,5.0,0.7647058823529411,4.0,0.0,293.0,7.117647058823529,17.235294117647058,0.2352941176470588,7.166666666666667,17.8,0.2666666666666666,91.649,103.52997023809525,98.59754848484847,8.333333333333334,0.0,89.867,0.3419999999999987,6.0,89.841,0.0260000000000104,4.0,90.811,90.153,89.867,1,1,2.0,1
2024,19,RUS,Mercedes,6.0,0.0,0.0,14.0,8.0,-1.8666666666666667,-1.6666666666666667,4.0,13.0,0.7777777777777778,4.0,1.0,313.0,7.0,17.38888888888889,0.2222222222222222,6.333333333333333,19.133333333333333,0.1333333333333333,94.093,100.78086666666668,97.667875,7.0,0.0,92.974,0.6440000000000055,6.0,94.154,-1.1799999999999926,6.0,93.536,93.142,92.974,1,1,0.0,0
2024,20,RUS,Mercedes,5.0,12.0,0.0,-1.0,-2.0,-1.0666666666666669,-1.4,4.0,4.5,0.736842105263158,4.0,0.0,321.0,7.315789473684211,16.894736842105264,0.2631578947368421,6.666666666666667,19.133333333333333,0.2,78.12666666666667,95.64777361111112,92.2431142857143,9.0,0.0,76.356,0.4099999999999966,5.0,76.651,-0.2950000000000017,5.0,77.194,76.937,76.356,1,1,0.0,0
2024,21,RUS,Mercedes,4.0,1.0,0.0,6.0,11.0,-1.3333333333333333,-1.933333333333333,4.0,7.0,0.75,4.0,1.0,343.0,7.175,17.15,0.25,6.466666666666667,19.933333333333334,0.2,70.791,85.85422222222223,79.35600000000001,2.0,0.0,83.578,0.1730000000000018,2.0,91.15,-7.572000000000003,2.0,89.121,86.307,83.578,1,1,0.0,0
2024,22,RUS,Mercedes,1.0,18.0,1.0,1.0,7.0,-0.8,-0.9333333333333332,4.0,1.5,0.7619047619047619,4.0,0.0,356.0,7.166666666666667,16.952380952380953,0.238095238095238,6.466666666666667,20.0,0.2,94.32733333333331,108.2995398184746,105.2959606060606,2.0,1.0,92.312,0.0,1.0,92.567,-0.2549999999999954,1.0,93.186,92.779,92.312,1,1,0.0,0
2024,23,RUS,Mercedes,4.0,0.0,0.0,8.0,12.0,-0.6666666666666666,-0.4,4.0,8.0,0.7727272727272727,4.0,0.0,399.0,6.909090909090909,18.13636363636364,0.2272727272727272,6.133333333333334,21.866666666666667,0.2,84.96275757828158,99.87776843859092,95.84818111231372,3.272727272337603,0.0,80.575,0.0550000000000068,2.0,81.011,-0.4359999999999928,2.0,81.241,81.069,80.575,1,1,0.0,0
2024,24,RUS,Mercedes,5.0,12.0,0.0,-1.0,-2.0,-0.2666666666666666,0.2,4.0,4.5,0.782608695652174,4.0,0.0,411.0,6.956521739130435,17.869565217391305,0.217391304347826,6.266666666666667,21.53333333333333,0.2,83.34676923063515,98.4736498946832,94.3022389608217,3.615384615283314,0.0,83.132,0.5370000000000061,8.0,83.887,-0.7549999999999955,7.0,83.678,83.283,83.132,1,1,1.0,1
2025,1,RUS,Mercedes,3.0,12.0,0.0,1.0,3.0,-0.4,-0.0666666666666666,1.0,3.5,0.7694879862778201,5.456310679611651,0.0,0.0,10.453909994175111,10.19606730143622,0.2305120137221799,0.0,0.0,0.2313847200983123,86.2779861517348,99.90859743444484,97.8557659672627,4.333230072905733,1.0,75.546,0.4500000000000028,4.0,76.525,-0.9789999999999992,4.0,75.971,75.798,75.546,1,1,0.0,0
2025,2,RUS,Mercedes,3.0,8.0,0.0,3.0,7.0,-0.2666666666666666,0.3333333333333333,1.0,4.5,1.0,1.0,0.0,27.0,3.5,27.0,0.0,3.5,27.0,0.0,86.26929403452954,99.9053498543328,97.8528414121241,4.333018521362975,1.0,90.723,0.0819999999999936,2.0,91.103,-0.3799999999999954,2.0,91.295,91.307,90.723,1,1,0.0,0
2025,3,RUS,Mercedes,5.0,8.0,0.0,1.0,2.0,-0.2666666666666666,-0.0666666666666666,2.0,5.5,1.0,2.0,0.0,50.0,4.0,25.0,0.0,4.0,25.0,0.0,85.78260087042253,98.29168504355964,97.37612707217926,3.833595676641459,0.0,87.318,0.3349999999999937,5.0,87.555,-0.2370000000000089,5.0,87.843,87.4,87.318,1,1,0.0,0
2025,4,RUS,Mercedes,2.0,0.0,0.0,9.0,18.0,1.0,1.7333333333333334,2.0,6.5,1.0,2.0,0.0,68.0,4.5,22.666666666666668,0.0,4.5,22.666666666666668,0.0,88.94751309103009,99.556560849446,98.71785548505048,8.387349808155339,1.0,90.009,0.1680000000000063,2.0,90.213,-0.2039999999999935,2.0,91.494,90.664,90.009,1,1,0.0,0
2025,5,RUS,Mercedes,5.0,8.0,0.0,1.0,2.0,1.933333333333333,3.6,2.0,5.5,1.0,2.0,0.0,86.0,5.0,21.5,0.0,5.0,21.5,0.0,92.60661892062988,101.50332136210268,99.16336545087528,8.169447505735638,0.0,87.407,0.1129999999999995,3.0,87.798,-0.3910000000000053,3.0,88.282,87.599,87.407,1,1,0.0,0
2025,6,RUS,Mercedes,3.0,8.0,0.0,3.0,7.0,3.2666666666666666,5.4,2.0,4.5,1.0,2.0,0.0,104.0,5.1,20.8,0.0,5.1,20.8,0.0,88.03023736823869,100.18018335438416,95.24972485977383,8.331969148138937,1.0,86.385,0.1810000000000116,5.0,86.271,0.1140000000000043,5.0,87.014,86.575,86.385,1,1,0.0,0
2025,7,RUS,Mercedes,7.0,0.0,0.0,12.0,6.0,3.4,5.733333333333333,2.0,13.0,1.0,2.0,0.0,127.0,5.0,21.166666666666668,0.0,5.0,21.166666666666668,0.0,79.15194265158607,94.0069193184923,88.26528397285436,4.777532924023056,0.0,74.807,0.1370000000000004,3.0,75.772,-0.9650000000000034,3.0,75.852,75.334,74.807,1,1,0.0,0
2025,8,RUS,Mercedes,11.0,0.0,0.0,7.0,0.0,4.333333333333333,6.4,2.0,14.5,0.8571428571428572,2.0,0.0,133.0,6.142857142857143,19.0,0.1428571428571428,6.142857142857143,19.0,0.1428571428571428,75.97591395114836,90.05905383610676,86.96378538199455,5.111495881296362,0.0,71.507,1.5530000000000117,13.0,71.88,-0.3729999999999904,14.0,71.507,0.0,0.0,0,0,-1.0,1
2025,9,RUS,Mercedes,4.0,0.0,0.0,14.0,12.0,4.4,5.533333333333333,3.0,11.0,0.875,2.0,0.0,133.0,7.1875,16.625,0.125,7.1875,16.625,0.125,75.08953460336589,89.41184440864855,88.07984522390535,5.666456792020165,0.0,71.848,0.3019999999999925,3.0,72.111,-0.2630000000000052,4.0,72.806,72.407,71.848,1,1,-1.0,1
2024,1,SAI,Ferrari,3.0,12.0,0.0,1.0,3.0,0.05515097246476,0.0349406624367004,1.0,3.5,0.7694879862778201,5.456310679611651,0.0,0.0,10.453909994175111,10.19606730143622,0.2305120137221799,0.0,0.0,0.2313847200983123,91.65933333333334,103.80594867724868,107.06161507936508,5.333333333333333,1.0,89.507,0.3419999999999987,4.0,89.165,0.3419999999999987,4.0,89.909,89.573,89.507,1,1,0.0,0
2024,3,SAI,Ferrari,1.0,19.0,1.0,1.0,6.0,1.0,3.0,2.0,1.5,1.0,2.0,0.0,49.0,4.25,24.5,0.0,4.25,24.5,0.0,77.728,92.5281871657754,96.43563333333331,4.666666666666667,1.0,76.185,0.269999999999996,2.0,76.304,-0.1189999999999997,2.0,76.731,76.189,76.185,1,1,0.0,0
2024,4,SAI,Ferrari,3.0,12.0,0.0,1.0,3.0,1.0,4.5,2.0,3.5,1.0,1.0,0.0,93.0,3.333333333333333,31.0,0.0,3.333333333333333,31.0,0.0,97.673,105.92771052631578,106.45914285714288,5.666666666666667,1.0,88.682,0.4849999999999994,4.0,88.786,-0.1039999999999992,4.0,89.513,89.099,88.682,1,1,0.0,0
2024,5,SAI,Ferrari,5.0,12.0,0.0,-1.0,-2.0,1.0,4.0,2.0,4.5,1.0,1.0,1.0,120.0,3.375,30.0,0.0,3.375,30.0,0.0,98.284,110.9417,115.67371428571428,14.0,0.0,94.297,0.6370000000000005,7.0,94.289,0.0079999999999955,7.0,94.97,94.368,94.297,1,1,0.0,0
2024,6,SAI,Ferrari,5.0,15.0,1.0,-2.0,-5.0,0.5,2.5,2.0,4.0,1.0,1.0,1.0,142.0,3.6,28.4,0.0,3.6,28.4,0.0,88.711,105.2615625,106.4864,3.0,0.0,87.455,0.2139999999999986,3.0,87.382,0.0729999999999932,3.0,87.937,87.941,87.455,1,1,0.0,0
2024,7,SAI,Ferrari,5.0,15.0,1.0,-2.0,-5.0,0.0,1.0,2.0,4.0,1.0,2.0,0.0,167.0,3.6666666666666665,27.83333333333333,0.0,3.6666666666666665,27.83333333333333,0.0,76.53666666666668,91.39992352941177,93.10711111111112,4.0,0.0,75.233,0.487000000000009,5.0,74.97,0.2630000000000052,5.0,76.015,75.512,75.233,1,1,0.0,0
2024,8,SAI,Ferrari,3.0,25.0,1.0,-2.0,-10.0,-0.3333333333333333,0.0,2.0,2.0,1.0,1.0,0.0,192.0,3.7142857142857135,27.428571428571427,0.0,3.7142857142857135,27.428571428571427,0.0,72.29833333333333,90.0468078817734,86.44340545808967,7.666666666666667,1.0,70.518,0.2480000000000046,3.0,70.27,0.2480000000000046,3.0,71.543,71.075,70.518,1,1,0.0,0
2024,9,SAI,Ferrari,16.0,0.0,0.0,3.0,0.0,-0.5714285714285714,-1.4285714285714286,2.0,17.5,1.0,1.0,0.0,232.0,3.5,29.0,0.0,3.5,29.0,0.0,78.685,89.7910063680281,84.95494444444444,9.0,0.0,72.728,0.98599999999999,12.0,72.691,0.0369999999999919,12.0,73.038,72.728,0.0,1,0,0.0,0
2024,10,SAI,Ferrari,6.0,10.0,0.0,-1.0,-2.0,-0.125,-1.25,2.0,5.5,0.7777777777777778,2.0,0.0,232.0,5.055555555555555,25.77777777777778,0.2222222222222222,5.055555555555555,25.77777777777778,0.2222222222222222,73.62366666666667,84.27751683501684,81.54563888888889,2.0,0.0,71.736,0.3530000000000086,6.0,71.731,0.0050000000000096,6.0,72.403,71.874,71.736,1,1,0.0,0
2024,11,SAI,Ferrari,3.0,0.0,0.0,8.0,15.0,-0.2222222222222222,-1.3333333333333333,2.0,7.0,0.8,2.0,1.0,250.0,5.1,25.0,0.2,5.1,25.0,0.2,66.128,80.27926315789473,70.47516666666667,4.0,1.0,64.851,0.5370000000000061,5.0,65.044,-0.1929999999999978,4.0,65.263,65.016,64.851,1,1,1.0,1
2024,12,SAI,Ferrari,5.0,0.0,0.0,9.0,11.0,0.6,0.3,2.0,9.5,0.8181818181818181,1.0,0.0,265.0,5.2727272727272725,24.09090909090909,0.1818181818181818,5.2727272727272725,24.09090909090909,0.1818181818181818,91.10433333333332,102.00766666666668,100.76163968253968,7.0,0.0,86.509,0.6899999999999977,7.0,87.097,-0.5879999999999939,7.0,90.557,86.843,86.509,1,1,0.0,0
2024,13,SAI,Ferrari,6.0,12.0,0.0,-2.0,-4.0,1.3636363636363635,1.2727272727272727,2.0,5.0,0.8333333333333334,2.0,0.0,276.0,5.625,23.0,0.1666666666666666,5.625,23.0,0.1666666666666666,77.84566666666666,88.58564640522876,96.29876515151516,3.0,0.0,75.696,0.4689999999999941,4.0,75.891,-0.1950000000000074,4.0,77.244,75.885,75.696,1,1,0.0,0
2024,14,SAI,Ferrari,6.0,15.0,1.0,-3.0,-7.0,1.0833333333333333,0.8333333333333334,3.0,4.5,0.8461538461538461,2.0,0.0,296.0,5.576923076923077,22.76923076923077,0.1538461538461538,5.576923076923077,22.76923076923077,0.1538461538461538,103.836,111.76803333333334,112.06873611111112,7.0,0.0,114.112,0.9529999999999887,8.0,113.754,0.3579999999999899,8.0,115.169,114.112,114.477,1,1,0.0,0
2024,15,SAI,Ferrari,5.0,15.0,1.0,-2.0,-5.0,0.7692307692307693,0.2307692307692307,3.0,4.0,0.8571428571428572,2.0,0.0,319.0,5.5,22.785714285714285,0.1428571428571428,5.5,22.785714285714285,0.1428571428571428,76.257,85.75136111111111,85.03094444444444,11.0,0.0,70.914,1.2409999999999997,11.0,70.582,0.3320000000000078,10.0,71.327,70.914,0.0,1,0,1.0,1
2024,16,SAI,Ferrari,4.0,25.0,1.0,-3.0,-13.0,0.5714285714285714,-0.1428571428571428,3.0,2.5,0.8666666666666667,2.0,0.0,344.0,5.4,22.933333333333334,0.1333333333333333,5.4,22.933333333333334,0.1333333333333333,81.14333333333333,96.45607182539682,98.97458333333331,4.666666666666667,0.0,79.467,0.1400000000000005,5.0,79.461,0.0060000000000002,5.0,80.149,79.799,79.467,1,1,0.0,0
2024,17,SAI,Ferrari,18.0,18.0,1.0,-16.0,-18.0,0.3333333333333333,-1.0,3.0,10.0,0.875,2.0,0.0,381.0,5.21875,23.8125,0.125,5.333333333333333,23.6,0.1333333333333333,104.36366666666667,118.30157142857144,121.52112037037038,5.0,0.0,101.805,0.4400000000000119,3.0,101.365,0.4400000000000119,3.0,103.357,102.503,101.805,1,1,0.0,0
2024,18,SAI,Ferrari,7.0,10.0,0.0,-2.0,-4.0,-0.8,-2.4,3.0,6.0,0.8235294117647058,2.0,0.0,399.0,5.5,23.47058823529412,0.1764705882352941,5.666666666666667,23.33333333333333,0.2,91.37166666666668,103.62971296296296,106.54405555555554,4.0,0.0,90.108,0.5829999999999984,7.0,89.747,0.3610000000000042,10.0,90.67,90.108,0.0,1,0,-3.0,1
2024,19,SAI,Ferrari,2.0,25.0,1.0,-1.0,-7.0,-1.0,-3.066666666666667,3.0,1.5,0.8333333333333334,2.0,1.0,415.0,5.527777777777778,23.05555555555556,0.1666666666666666,5.966666666666667,21.466666666666665,0.2,93.602,108.141125,103.03733333333332,1.0,1.0,92.652,0.3220000000000027,3.0,92.74,-0.0879999999999938,3.0,93.556,92.836,92.652,1,1,0.0,0
2024,20,SAI,Ferrari,1.0,16.0,1.0,2.0,9.0,-1.1333333333333333,-3.733333333333333,3.0,2.0,0.8421052631578947,2.0,0.0,458.0,5.315789473684211,24.105263157894736,0.1578947368421052,5.833333333333333,22.53333333333333,0.2,77.61533333333334,86.66275783475783,89.93372222222222,2.0,1.0,75.946,0.0,1.0,76.265,-0.3190000000000026,1.0,76.778,76.515,75.946,1,1,0.0,0
2024,21,SAI,Ferrari,16.0,10.0,0.0,-11.0,-10.0,-0.9333333333333332,-3.0,2.0,10.5,0.85,2.0,1.0,499.0,5.15,24.95,0.15,5.666666666666667,23.8,0.2,71.1,88.13804999999999,81.53575,7.0,0.0,89.406,6.001000000000005,14.0,84.525,4.881,14.0,90.303,89.406,0.0,1,0,0.0,0
2024,22,SAI,Ferrari,3.0,12.0,0.0,1.0,3.0,-1.5333333333333334,-3.333333333333333,2.0,3.5,0.8095238095238095,2.0,0.0,509.0,5.404761904761905,24.23809523809524,0.1904761904761904,6.1,22.8,0.2666666666666666,94.747,109.2848347826087,109.55845,4.333333333333333,1.0,92.41,0.0979999999999989,2.0,92.783,-0.3730000000000046,2.0,93.484,92.711,92.41,1,1,0.0,0
2024,23,SAI,Ferrari,6.0,18.0,1.0,-4.0,-10.0,-1.3333333333333333,-2.8,2.0,4.0,0.8181818181818181,2.0,0.0,536.0,5.318181818181818,24.363636363636363,0.1818181818181818,6.066666666666666,22.933333333333334,0.2666666666666666,85.18296970457293,99.4044249501906,98.347763140221,4.636363636150688,0.0,81.041,0.5210000000000008,7.0,80.852,0.1889999999999929,7.0,81.447,81.199,81.041,1,1,0.0,0
2024,24,SAI,Ferrari,2.0,15.0,1.0,1.0,3.0,-1.4666666666666666,-2.8,2.0,2.5,0.8260869565217391,2.0,0.0,562.0,5.260869565217392,24.43478260869565,0.1739130434782608,6.2,22.0,0.2666666666666666,83.51753846141612,97.55765247691365,96.40729743574268,4.615384615460137,1.0,82.824,0.2289999999999992,3.0,82.98,-0.1560000000000059,3.0,83.487,82.985,82.824,1,1,0.0,0
2025,1,SAI,Williams,18.0,10.0,0.0,-13.0,-10.0,-1.6,-2.6,1.0,11.5,0.7694879862778201,5.456310679611651,0.0,0.0,10.453909994175111,10.19606730143622,0.2305120137221799,0.0,0.0,0.2313847200983123,89.00999376787803,100.74975397289884,103.31862942168672,5.221671795184437,0.0,75.931,0.8349999999999937,9.0,75.737,0.1940000000000026,10.0,76.36,75.931,76.062,1,1,-1.0,1
2025,2,SAI,Williams,10.0,6.0,0.0,-3.0,-5.0,-2.4,-3.1333333333333333,4.0,8.5,0.0,5.0,0.0,10.0,11.5,10.0,1.0,11.5,10.0,1.0,89.01197485712488,100.7490839359605,103.31584424366544,5.2218043140612505,0.0,91.628,0.9869999999999948,12.0,91.503,0.125,15.0,91.628,91.84,0.0,1,0,-3.0,1
2025,3,SAI,Williams,14.0,2.0,0.0,-5.0,-2.0,-3.1333333333333333,-4.466666666666667,4.0,11.5,0.5,4.0,0.0,17.0,10.0,8.5,0.5,10.0,8.5,0.5,89.01407201662535,100.74848791642444,103.31310991278625,5.221942718163223,0.0,87.836,0.8529999999999944,12.0,87.615,0.2210000000000036,12.0,88.209,87.836,0.0,1,0,0.0,0
2025,4,SAI,Williams,19.0,0.0,0.0,-7.0,0.0,-4.066666666666666,-5.333333333333333,5.0,15.5,0.6666666666666667,4.0,0.0,19.0,10.5,6.333333333333333,0.3333333333333333,10.5,6.333333333333333,0.3333333333333333,91.23036219154532,103.13341251951525,106.18958171320097,8.110341570744168,0.0,90.68,0.8390000000000128,8.0,92.04,-1.3599999999999994,8.0,91.591,90.844,90.68,1,1,0.0,0
2025,5,SAI,Williams,8.0,2.0,0.0,1.0,2.0,-4.4,-5.066666666666666,6.0,8.5,0.5,6.0,0.0,19.0,11.75,4.75,0.5,11.75,4.75,0.5,94.89040201503164,107.37811322183192,109.54168342558388,7.557584343806215,0.0,88.024,0.730000000000004,8.0,88.109,-0.0849999999999937,6.0,88.354,88.024,88.164,1,1,2.0,1
2025,6,SAI,Williams,9.0,10.0,0.0,-4.0,-8.0,-4.133333333333334,-4.466666666666667,5.0,7.0,0.6,5.0,0.0,25.0,11.1,5.0,0.4,11.1,5.0,0.4,87.84416186585894,102.53525388801356,105.08951502688278,6.99874075212704,0.0,86.569,0.3650000000000091,6.0,86.682,-0.1129999999999995,6.0,87.098,86.847,86.569,1,1,0.0,0
2025,7,SAI,Williams,8.0,10.0,0.0,-3.0,-6.0,-4.266666666666667,-4.666666666666667,5.0,6.5,0.6666666666666667,5.0,0.0,37.0,10.416666666666666,6.166666666666667,0.3333333333333333,10.416666666666666,6.166666666666667,0.3333333333333333,79.18116721740012,95.56811869277225,95.34493414106738,4.888609056029106,0.0,75.198,0.5279999999999916,5.0,75.473,-0.2750000000000057,6.0,75.987,75.198,75.432,1,1,-1.0,1
2025,8,SAI,Williams,10.0,2.0,0.0,-1.0,-1.0,-4.266666666666667,-4.2,5.0,9.5,0.7142857142857143,5.0,0.0,51.0,9.857142857142858,7.285714285714286,0.2857142857142857,9.857142857142858,7.285714285714286,0.2857142857142857,75.8388850409379,90.41246411052896,88.16794392822476,6.8891337426453605,0.0,71.362,1.4080000000000013,11.0,70.732,0.6299999999999955,11.0,71.707,71.362,0.0,1,0,0.0,0
2025,9,SAI,Williams,14.0,0.0,0.0,5.0,0.0,-3.2666666666666666,-3.066666666666667,5.0,16.5,0.75,5.0,0.0,54.0,9.8125,6.75,0.25,9.8125,6.75,0.25,74.87020132247576,88.03899542265016,84.31486449876189,6.223096699919408,0.0,73.203,1.6569999999999965,18.0,72.641,0.5619999999999976,18.0,73.203,0.0,0.0,0,0,0.0,0
2024,1,SAR,Williams,20.0,0.0,0.0,-5.0,0.0,0.05515097246476,0.0349406624367004,1.0,17.5,0.7694879862778201,5.456310679611651,0.0,0.0,10.453909994175111,10.19606730143622,0.2305120137221799,0.0,0.0,0.2313847200983123,92.68433333333331,101.5250487179487,98.50687037037038,16.0,0.0,90.77,1.6049999999999898,18.0,90.221,0.5489999999999924,18.0,90.77,0.0,0.0,0,0,0.0,0
2024,2,SAR,Williams,14.0,0.0,0.0,-3.0,0.0,-5.0,0.0,6.0,12.5,1.0,9.0,0.0,0.0,17.5,0.0,0.0,17.5,0.0,0.0,90.45,102.8142529239766,96.10634285714286,15.0,0.0,89.526,2.054000000000002,19.0,88.98,0.5459999999999923,19.0,89.526,0.0,0.0,0,0,0.0,0
2024,4,SAR,Williams,17.0,0.0,0.0,3.0,0.0,-4.0,0.0,8.0,18.5,1.0,8.0,0.0,0.0,13.666666666666666,0.0,0.0,13.666666666666666,0.0,0.0,92.328,110.15546212121212,105.79179166666668,19.5,0.0,90.139,1.941999999999993,19.0,89.714,0.4249999999999971,19.0,90.139,0.0,0.0,0,0,0.0,0
2024,5,SAR,Williams,17.0,0.0,0.0,-5.0,0.0,-1.6666666666666667,0.0,8.0,14.5,0.75,8.0,1.0,0.0,14.875,0.0,0.25,14.875,0.0,0.25,98.286,112.65021428571428,103.09733333333334,15.0,0.0,96.358,2.6980000000000075,20.0,95.241,1.1170000000000044,20.0,96.358,0.0,0.0,0,0,0.0,0
2024,6,SAR,Williams,20.0,0.0,0.0,-2.0,0.0,-2.5,0.0,8.0,19.0,0.8,8.0,1.0,0.0,14.8,0.0,0.2,14.8,0.0,0.2,89.891,100.37,93.2015,18.0,0.0,88.487,1.2459999999999951,17.0,88.343,0.1439999999999912,17.0,88.487,0.0,0.0,0,0,0.0,0
2024,7,SAR,Williams,17.0,0.0,0.0,3.0,0.0,-2.4,0.0,9.0,18.5,0.6666666666666667,9.0,0.0,0.0,15.5,0.0,0.3333333333333333,15.5,0.0,0.3333333333333333,78.28566666666666,91.8270714285714,90.9834761904762,18.0,0.0,76.731,1.9849999999999997,17.0,76.2,0.5309999999999917,20.0,0.0,0.0,0.0,0,0,-3.0,1
2024,8,SAR,Williams,15.0,2.0,0.0,-6.0,-2.0,-1.5,0.0,9.0,12.0,0.5714285714285714,9.0,0.0,0.0,15.928571428571429,0.0,0.4285714285714285,15.928571428571429,0.0,0.4285714285714285,73.21433333333333,86.93541670117322,86.91745757575757,17.333333333333332,0.0,72.02,1.75,17.0,70.948,1.0720000000000027,15.0,72.02,0.0,0.0,0,0,2.0,1
2024,9,SAR,Williams,20.0,0.0,0.0,-3.0,0.0,-2.142857142857143,-0.2857142857142857,8.0,18.5,0.625,9.0,0.0,2.0,15.4375,0.25,0.375,15.4375,0.25,0.375,82.58166666666666,91.01273015873016,89.35062380952381,14.0,0.0,72.736,0.9939999999999998,13.0,72.485,0.2510000000000048,13.0,73.063,72.736,0.0,1,0,0.0,0
2024,10,SAR,Williams,20.0,0.0,0.0,-2.0,0.0,-2.25,-0.25,9.0,19.0,0.4444444444444444,10.0,0.0,2.0,15.77777777777778,0.2222222222222222,0.5555555555555556,15.77777777777778,0.2222222222222222,0.5555555555555556,75.18366666666667,86.3393234989648,82.38603869047618,19.33333333333333,0.0,73.509,2.1260000000000048,20.0,73.153,0.3559999999999945,20.0,73.509,0.0,0.0,0,0,0.0,0
2024,11,SAR,Williams,19.0,0.0,0.0,-4.0,0.0,-2.2222222222222223,-0.2222222222222222,9.0,17.0,0.5,10.0,1.0,2.0,16.1,0.2,0.5,16.1,0.2,0.5,67.259,80.82644444444445,70.42216666666667,20.0,0.0,65.856,1.5420000000000016,19.0,65.736,0.1199999999999903,19.0,65.856,0.0,0.0,0,0,0.0,0
2024,12,SAR,Williams,11.0,2.0,0.0,-2.0,-2.0,-2.4,-0.2,9.0,10.0,0.5454545454545454,10.0,0.0,2.0,16.181818181818183,0.1818181818181818,0.4545454545454545,16.181818181818183,0.1818181818181818,0.4545454545454545,93.7555,106.89416666666668,100.62841025641026,15.0,0.0,87.175,1.3559999999999943,12.0,86.64,0.5349999999999966,12.0,91.608,87.175,0.0,1,0,0.0,0
2024,13,SAR,Williams,17.0,0.0,0.0,-3.0,0.0,-2.363636363636364,-0.3636363636363636,9.0,15.5,0.5833333333333333,10.0,0.0,4.0,15.666666666666666,0.3333333333333333,0.4166666666666667,15.666666666666666,0.3333333333333333,0.4166666666666667,78.55466666666668,87.82460341880342,86.51302222222222,14.666666666666666,0.0,76.543,1.3160000000000025,14.0,76.429,0.1140000000000043,14.0,77.77,76.543,0.0,1,0,0.0,0
2024,14,SAR,Williams,17.0,0.0,0.0,-5.0,0.0,-2.4166666666666665,-0.3333333333333333,9.0,14.5,0.6153846153846154,9.0,0.0,4.0,15.653846153846152,0.3076923076923077,0.3846153846153846,15.653846153846152,0.3076923076923077,0.3846153846153846,113.58566666666668,116.76502564102564,117.5584761904762,16.666666666666668,0.0,117.23,4.070999999999998,19.0,114.473,2.757000000000005,19.0,117.23,0.0,0.0,0,0,0.0,0
2024,15,SAR,Williams,16.0,0.0,0.0,-2.0,0.0,-2.6153846153846154,-0.3076923076923077,9.0,15.0,0.6428571428571428,9.0,0.0,4.0,15.571428571428571,0.2857142857142857,0.3571428571428571,15.571428571428571,0.2857142857142857,0.3571428571428571,76.90333333333334,87.97883333333334,87.1908076923077,14.666666666666666,0.0,83.90231804281346,13.985,10.418960244648318,83.950781201849,1.3236930160110036,20.0,0.0,0.0,0.0,0,0,0.03363914373088685,0
2024,1,STR,Aston Martin,10.0,2.0,0.0,-1.0,-1.0,0.05515097246476,0.0349406624367004,1.0,9.5,0.7694879862778201,5.456310679611651,0.0,0.0,10.453909994175111,10.19606730143622,0.2305120137221799,0.0,0.0,0.2313847200983123,92.05166666666668,106.78275134680132,103.7332222222222,10.666666666666666,0.0,89.965,0.7999999999999972,11.0,89.542,0.4230000000000018,12.0,89.965,90.2,0.0,1,0,-1.0,1
2024,2,STR,Aston Martin,19.0,10.0,0.0,-14.0,-10.0,-1.0,-1.0,5.0,12.0,1.0,5.0,0.0,3.0,9.5,3.0,0.0,9.5,3.0,0.0,89.681,105.3542175925926,104.01502222222224,7.333333333333333,0.0,88.25,0.7780000000000058,7.0,87.846,0.4039999999999963,10.0,88.25,88.578,88.572,1,1,-3.0,1
2024,3,STR,Aston Martin,6.0,4.0,0.0,2.0,4.0,-7.5,-5.5,5.0,7.0,0.5,5.0,0.0,13.0,10.75,6.5,0.5,10.75,6.5,0.5,77.94333333333333,90.76659607843136,85.92342424242425,6.666666666666667,0.0,76.78,0.8649999999999949,9.0,76.71,0.0700000000000073,9.0,77.376,76.78,77.072,1,1,0.0,0
2024,4,STR,Aston Martin,12.0,8.0,0.0,-6.0,-8.0,-4.333333333333333,-2.333333333333333,5.0,9.0,0.6666666666666667,4.0,0.0,25.0,9.5,8.333333333333334,0.3333333333333333,9.5,8.333333333333334,0.3333333333333333,91.6985,106.88025694444444,101.831125,16.5,0.0,90.024,1.8269999999999984,16.0,88.686,1.337999999999994,16.0,90.024,0.0,0.0,0,0,0.0,0
2024,5,STR,Aston Martin,15.0,7.0,0.0,-8.0,-7.0,-4.75,-3.75,5.0,11.0,0.75,4.0,1.0,33.0,9.375,8.25,0.25,9.375,8.25,0.25,96.302,111.75166666666664,107.251,1.0,0.0,94.838,1.1779999999999973,11.0,94.148,0.6899999999999977,11.0,95.334,94.838,0.0,1,0,0.0,0
2024,6,STR,Aston Martin,17.0,2.0,0.0,-8.0,-2.0,-5.4,-4.4,5.0,13.0,0.8,5.0,1.0,40.0,9.7,8.0,0.2,9.7,8.0,0.2,88.817,105.41673684210528,101.42823076923077,5.0,0.0,88.177,0.936000000000007,12.0,88.427,-0.25,11.0,88.177,88.222,0.0,1,0,1.0,1
2024,7,STR,Aston Martin,9.0,0.0,0.0,10.0,2.0,-5.833333333333333,-4.0,5.0,14.0,0.8333333333333334,5.0,0.0,42.0,10.25,7.0,0.1666666666666666,10.25,7.0,0.1666666666666666,77.202,95.83223333333332,91.987726984127,11.333333333333334,0.0,75.992,1.246000000000009,13.0,76.917,-0.9249999999999972,13.0,76.458,75.992,0.0,1,0,0.0,0
2024,8,STR,Aston Martin,14.0,0.0,0.0,-3.0,0.0,-3.571428571428572,-3.142857142857143,5.0,12.5,0.8571428571428572,5.0,0.0,44.0,10.785714285714286,6.285714285714286,0.1428571428571428,10.785714285714286,6.285714285714286,0.1428571428571428,72.394,89.93127290448342,87.35102474747475,9.666666666666666,0.0,71.563,1.2930000000000064,14.0,72.019,-0.456000000000003,13.0,71.728,71.563,0.0,1,0,1.0,1
2024,9,STR,Aston Martin,7.0,8.0,0.0,-1.0,-2.0,-3.5,-2.75,5.0,6.5,0.875,5.0,0.0,44.0,11.0,5.5,0.125,11.0,5.5,0.125,83.33999999999999,93.14759074074074,86.80348888888888,8.0,0.0,72.659,0.9170000000000016,10.0,72.228,0.4310000000000116,9.0,73.088,72.659,72.701,1,1,1.0,1
2024,10,STR,Aston Martin,14.0,0.0,0.0,-2.0,0.0,-3.2222222222222223,-2.6666666666666665,5.0,13.0,0.8888888888888888,5.0,0.0,58.0,10.5,6.444444444444445,0.1111111111111111,10.5,6.444444444444445,0.1111111111111111,74.72266666666667,95.47167222222224,94.28763636363637,16.333333333333332,0.0,72.372,0.9890000000000044,14.0,72.128,0.2439999999999997,14.0,72.881,72.372,0.0,1,0,0.0,0
2024,11,STR,Aston Martin,13.0,0.0,0.0,5.0,0.0,-3.1,-2.4,5.0,15.5,0.9,5.0,1.0,58.0,10.75,5.8,0.1,10.75,5.8,0.1,66.384,82.25526666666666,87.62971428571429,7.0,0.0,65.819,1.5050000000000097,17.0,65.639,0.1800000000000068,17.0,65.819,0.0,0.0,0,0,0.0,0
2024,12,STR,Aston Martin,7.0,4.0,0.0,1.0,2.0,-2.363636363636364,-2.1818181818181817,5.0,7.5,0.9090909090909092,5.0,0.0,58.0,11.181818181818182,5.2727272727272725,0.0909090909090909,11.181818181818182,5.2727272727272725,0.0909090909090909,91.50933333333334,103.0434591503268,101.69217592592592,7.666666666666667,0.0,86.585,0.7659999999999911,8.0,86.73,-0.1450000000000102,8.0,91.41,86.938,86.585,1,1,0.0,0
2024,13,STR,Aston Martin,10.0,0.0,0.0,1.0,1.0,-2.083333333333333,-1.8333333333333333,5.0,10.5,0.9166666666666666,5.0,0.0,68.0,10.875,5.666666666666667,0.0833333333333333,10.875,5.666666666666667,0.0833333333333333,78.50966666666666,100.31289743589744,99.172473015873,13.666666666666666,0.0,76.075,0.847999999999999,8.0,76.043,0.0319999999999964,8.0,77.405,76.075,76.244,1,1,0.0,0
2024,14,STR,Aston Martin,11.0,4.0,0.0,-3.0,-4.0,-1.8461538461538465,-1.6153846153846154,5.0,9.5,0.9230769230769232,5.0,0.0,69.0,10.846153846153848,5.307692307692308,0.0769230769230769,10.846153846153848,5.307692307692308,0.0769230769230769,111.42266666666669,115.60798333333332,117.30983703703704,9.333333333333334,0.0,115.716,2.556999999999988,15.0,114.258,1.4579999999999984,15.0,116.072,115.716,0.0,1,0,0.0,0
2024,15,STR,Aston Martin,13.0,1.0,0.0,-3.0,-1.0,-1.9285714285714288,-1.7857142857142858,5.0,11.5,0.9285714285714286,5.0,0.0,73.0,10.75,5.214285714285714,0.0714285714285714,10.75,5.214285714285714,0.0714285714285714,75.88933333333333,87.45646307798482,84.50215555555555,10.0,0.0,70.661,0.9879999999999995,9.0,70.633,0.0280000000000057,8.0,71.518,70.661,70.857,1,1,1.0,1
2024,16,STR,Aston Martin,19.0,0.0,0.0,-8.0,0.0,-2.0,-1.7333333333333334,5.0,15.0,0.9333333333333332,5.0,0.0,74.0,10.8,4.933333333333334,0.0666666666666666,10.8,4.933333333333334,0.0666666666666666,81.79466666666667,96.61745787545787,99.0445873015873,13.666666666666666,0.0,81.013,1.686000000000007,17.0,80.421,0.5919999999999987,17.0,81.013,0.0,0.0,0,0,0.0,0
2024,17,STR,Aston Martin,19.0,8.0,0.0,-13.0,-8.0,-2.466666666666667,-1.6666666666666667,5.0,12.5,0.9375,5.0,0.0,74.0,11.0625,4.625,0.0625,11.166666666666666,4.733333333333333,0.0666666666666666,104.94933333333331,120.19003075396824,122.13473333333332,11.0,0.0,103.37,2.0050000000000097,15.0,102.369,1.0010000000000048,14.0,103.37,103.404,0.0,1,0,1.0,1
2024,18,STR,Aston Martin,14.0,4.0,0.0,-6.0,-4.0,-2.4,-1.5333333333333334,5.0,11.0,0.8823529411764706,5.0,0.0,82.0,11.147058823529411,4.823529411764706,0.1176470588235294,11.2,4.6,0.0666666666666666,92.15133333333334,106.82335830835832,110.13011904761905,15.666666666666666,0.0,91.094,1.5689999999999884,17.0,90.214,0.8799999999999955,17.0,91.094,0.0,0.0,0,0,0.0,0
2024,19,STR,Aston Martin,15.0,0.0,0.0,-2.0,0.0,-2.933333333333333,-2.066666666666667,5.0,14.0,0.8888888888888888,5.0,1.0,86.0,11.13888888888889,4.777777777777778,0.1111111111111111,11.466666666666669,4.066666666666666,0.0666666666666666,94.619,103.57058333333332,97.896,15.0,0.0,93.759,1.429000000000002,15.0,93.309,0.4500000000000028,14.0,94.033,93.759,0.0,1,0,1.0,1
2024,20,STR,Aston Martin,11.0,0.0,0.0,7.0,0.0,-2.6666666666666665,-1.5333333333333334,5.0,14.5,0.8947368421052632,5.0,0.0,86.0,11.289473684210526,4.526315789473684,0.1052631578947368,11.8,3.533333333333333,0.0666666666666666,78.79666666666667,91.431078525641,86.44803333333333,15.666666666666666,0.0,77.294,1.347999999999999,14.0,77.168,0.1259999999999905,14.0,77.407,77.294,0.0,1,0,0.0,0
2024,21,STR,Aston Martin,19.0,0.0,0.0,-5.0,0.0,-1.6666666666666667,-1.0666666666666669,5.0,16.5,0.85,5.0,1.0,86.0,11.45,4.3,0.15,12.033333333333331,3.066666666666667,0.1333333333333333,71.783,91.49782352941176,89.9679,17.0,0.0,86.334,2.929000000000002,10.0,85.035,1.2990000000000066,10.0,90.58,86.334,0.0,1,0,0.0,0
2024,22,STR,Aston Martin,15.0,0.0,0.0,-4.0,0.0,-1.4666666666666666,-0.9333333333333332,5.0,13.0,0.8095238095238095,5.0,0.0,86.0,11.69047619047619,4.095238095238095,0.1904761904761904,12.266666666666667,2.933333333333333,0.2,96.33933333333331,106.49252339181288,103.29735515873016,14.666666666666666,0.0,94.484,2.171999999999997,20.0,94.258,0.2259999999999991,20.0,94.484,0.0,0.0,0,0,0.0,0
2024,23,STR,Aston Martin,18.0,6.0,0.0,-11.0,-6.0,-2.4,-1.0666666666666669,5.0,12.5,0.8181818181818181,5.0,0.0,86.0,11.75,3.909090909090909,0.1818181818181818,12.2,2.8,0.2,86.45257575505558,99.66461527014222,96.59853614552684,15.48484848506143,0.0,81.911,1.3910000000000051,15.0,81.208,0.703000000000003,15.0,82.011,81.911,0.0,1,0,0.0,0
2024,24,STR,Aston Martin,14.0,2.0,0.0,-5.0,-2.0,-2.933333333333333,-1.4666666666666666,5.0,11.5,0.782608695652174,5.0,0.0,92.0,11.782608695652174,4.0,0.217391304347826,12.2,3.2,0.2666666666666666,84.73523076781174,98.4030515410425,95.30767930317734,15.615384615512008,0.0,83.729,1.1340000000000003,15.0,83.196,0.5330000000000013,13.0,83.729,83.784,0.0,1,0,2.0,1
2025,1,STR,Aston Martin,6.0,0.0,0.0,11.0,8.0,-3.2,-1.4666666666666666,1.0,11.5,0.7694879862778201,5.456310679611651,0.0,0.0,10.453909994175111,10.19606730143622,0.2305120137221799,0.0,0.0,0.2313847200983123,86.56849594239775,100.97927647916008,97.9036463681105,8.224454703620962,0.0,76.369,1.272999999999996,14.0,76.288,0.081000000000003,13.0,76.369,76.483,0.0,1,0,1.0,1
2025,2,STR,Aston Martin,9.0,0.0,0.0,8.0,2.0,-2.333333333333333,-0.9333333333333332,5.0,13.0,0.0,5.0,0.0,8.0,11.5,8.0,1.0,11.5,8.0,1.0,86.55964961457737,100.96923588539303,97.89248428416668,8.221942389359143,0.0,91.773,1.1319999999999908,15.0,91.688,0.0849999999999937,14.0,91.923,91.773,0.0,1,0,1.0,1
2025,3,STR,Aston Martin,20.0,0.0,0.0,-9.0,0.0,-2.1333333333333333,-0.8,6.0,15.5,0.0,6.0,0.0,10.0,12.25,5.0,1.0,12.25,5.0,1.0,86.43826929475433,100.9971351614321,97.25295602615104,10.165564824770824,0.0,89.271,2.2879999999999967,20.0,87.897,1.3739999999999952,20.0,89.271,0.0,0.0,0,0,0.0,0
2025,4,STR,Aston Martin,17.0,0.0,0.0,-2.0,0.0,-2.8,-0.9333333333333332,7.0,16.0,0.3333333333333333,7.0,0.0,10.0,13.333333333333334,3.333333333333333,0.6666666666666666,13.333333333333334,3.333333333333333,0.6666666666666666,88.64890479585883,103.1340196282692,98.3362836451827,8.058213967741148,0.0,92.283,2.4420000000000077,19.0,91.634,0.6490000000000009,19.0,92.283,0.0,0.0,0,0,0.0,0
2025,5,STR,Aston Martin,16.0,0.0,0.0,-5.0,0.0,-3.0,-1.0,7.0,13.5,0.5,7.0,0.0,10.0,14.0,2.5,0.5,14.0,2.5,0.5,92.27376853483663,108.01739611435144,103.5046316960723,7.497953722194185,0.0,88.645,1.350999999999999,16.0,88.303,0.3419999999999987,16.0,88.645,0.0,0.0,0,0,0.0,0
2025,6,STR,Aston Martin,16.0,0.0,0.0,-1.0,0.0,-3.1333333333333333,-0.7333333333333333,7.0,15.5,0.6,8.0,0.0,10.0,13.9,2.0,0.4,13.9,2.0,0.4,87.44076672447586,104.33388661559724,100.22269888649744,5.777532924024941,0.0,87.83,1.6260000000000048,19.0,87.604,0.2259999999999991,19.0,87.83,0.0,0.0,0,0,0.0,0
2025,7,STR,Aston Martin,15.0,0.0,0.0,-4.0,0.0,-3.0,-0.6666666666666666,7.0,13.0,0.6666666666666667,8.0,0.0,10.0,14.166666666666666,1.6666666666666667,0.3333333333333333,14.166666666666666,1.6666666666666667,0.3333333333333333,79.47028569162796,97.05969448547891,93.5884900688578,8.667506165258729,0.0,75.497,0.8269999999999982,8.0,75.431,0.0660000000000025,8.0,75.817,75.497,75.581,1,1,0.0,0
2025,8,STR,Aston Martin,15.0,0.0,0.0,4.0,0.0,-2.7333333333333334,-0.6666666666666666,7.0,17.0,0.7142857142857143,8.0,0.0,10.0,14.0,1.4285714285714286,0.2857142857142857,14.0,1.4285714285714286,0.2857142857142857,77.64368015074258,92.96940891674444,88.71365110065814,9.666666666667677,0.0,72.563,2.609000000000009,19.0,70.924,1.6389999999999958,19.0,72.563,0.0,0.0,0,0,0.0,0
2024,1,TSU,RB,14.0,0.0,0.0,-1.0,0.0,0.05515097246476,0.0349406624367004,1.0,13.5,0.7694879862778201,5.456310679611651,0.0,0.0,10.453909994175111,10.19606730143622,0.2305120137221799,0.0,0.0,0.2313847200983123,92.23166666666668,107.40904901960783,103.43649175824176,10.666666666666666,0.0,90.129,0.9639999999999986,12.0,90.278,-0.1490000000000009,11.0,90.481,90.129,0.0,1,0,1.0,1
2024,2,TSU,RB,15.0,0.0,0.0,1.0,0.0,-1.0,0.0,6.0,15.5,1.0,6.0,0.0,0.0,13.5,0.0,0.0,13.5,0.0,0.0,90.09133333333334,108.90685087719298,108.35104444444444,13.333333333333334,0.0,88.547,1.0750000000000028,10.0,89.025,-0.4780000000000086,9.0,88.988,88.564,88.547,1,1,1.0,1
2024,3,TSU,RB,7.0,0.0,0.0,5.0,6.0,0.0,0.0,7.0,9.5,1.0,7.0,0.0,0.0,14.5,0.0,0.0,14.5,0.0,0.0,78.16066666666667,100.5156794871795,99.44317532467532,8.666666666666666,0.0,76.788,0.8729999999999905,10.0,77.466,-0.6779999999999973,8.0,77.356,76.791,76.788,1,1,2.0,1
2024,4,TSU,RB,10.0,0.0,0.0,9.0,1.0,1.6666666666666667,2.0,6.0,14.5,1.0,7.0,0.0,6.0,12.833333333333334,2.0,0.0,12.833333333333334,2.0,0.0,94.17233333333331,110.7062095959596,113.8909888888889,7.333333333333333,0.0,89.413,1.215999999999994,10.0,89.472,-0.0589999999999975,10.0,89.775,89.417,89.413,1,1,0.0,0
2024,5,TSU,RB,19.0,0.0,0.0,-1.0,0.0,3.5,1.75,6.0,18.5,0.75,7.0,1.0,7.0,13.25,1.75,0.25,13.25,1.75,0.25,98.006,112.74547368421054,111.4121,12.0,0.0,95.746,2.0859999999999985,19.0,94.934,0.8119999999999976,19.0,95.746,0.0,0.0,0,0,0.0,0
2024,6,TSU,RB,7.0,0.0,0.0,8.0,6.0,2.6,1.4,6.0,11.0,0.4,7.0,1.0,7.0,14.3,1.4,0.6,14.3,1.4,0.6,89.056,108.83342857142858,112.1642,8.0,0.0,88.167,0.926000000000002,11.0,88.617,-0.4500000000000028,10.0,88.324,88.167,88.192,1,1,1.0,1
2024,7,TSU,RB,10.0,0.0,0.0,3.0,1.0,3.5,2.1666666666666665,6.0,11.5,0.5,7.0,0.0,13.0,13.75,2.1666666666666665,0.5,13.75,2.1666666666666665,0.5,76.78066666666668,97.83751934731936,90.70532592592592,7.333333333333333,0.0,75.358,0.612000000000009,7.0,75.674,-0.3160000000000025,7.0,75.894,75.358,75.465,1,1,0.0,0
2024,8,TSU,RB,8.0,0.0,0.0,4.0,4.0,3.4285714285714284,2.0,6.0,10.0,0.5714285714285714,7.0,0.0,14.0,13.428571428571429,2.0,0.4285714285714285,13.428571428571429,2.0,0.4285714285714285,72.40499999999999,90.4024935786436,88.20151111111112,9.333333333333334,0.0,70.858,0.5880000000000081,8.0,71.482,-0.6239999999999952,8.0,71.852,71.106,70.858,1,1,0.0,0
2024,9,TSU,RB,14.0,4.0,0.0,-6.0,-4.0,3.5,2.25,6.0,11.0,0.625,6.0,0.0,18.0,13.0,2.25,0.375,13.0,2.25,0.375,79.79666666666667,90.70024583333334,90.88271313131314,11.666666666666666,0.0,72.303,0.5609999999999928,8.0,72.178,0.125,8.0,72.748,72.303,72.414,1,1,0.0,0
2024,10,TSU,RB,19.0,0.0,0.0,-4.0,0.0,2.4444444444444446,1.5555555555555556,6.0,17.0,0.6666666666666667,6.0,0.0,22.0,12.77777777777778,2.4444444444444446,0.3333333333333333,12.77777777777778,2.4444444444444446,0.3333333333333333,74.849,88.70339589743588,84.3816,17.666666666666668,0.0,72.985,1.602000000000004,17.0,73.075,-0.0900000000000034,17.0,72.985,0.0,0.0,0,0,0.0,0
2024,11,TSU,RB,14.0,2.0,0.0,-5.0,-2.0,1.8,1.4,6.0,11.5,0.7,7.0,1.0,22.0,13.2,2.2,0.3,13.2,2.2,0.3,66.579,84.48131578947367,89.84616666666666,9.0,0.0,65.412,1.0980000000000132,14.0,65.289,0.1230000000000046,14.0,65.563,65.412,0.0,1,0,0.0,0
2024,12,TSU,RB,10.0,0.0,0.0,3.0,1.0,1.181818181818182,1.0909090909090908,6.0,11.5,0.7272727272727273,7.0,0.0,24.0,13.045454545454543,2.1818181818181817,0.2727272727272727,13.045454545454543,2.1818181818181817,0.2727272727272727,92.47633333333332,103.6979808006536,105.98482222222223,16.666666666666668,0.0,87.269,1.4500000000000028,13.0,87.949,-0.6799999999999926,13.0,90.994,87.269,0.0,1,0,0.0,0
2024,13,TSU,RB,9.0,0.0,0.0,3.0,2.0,1.3333333333333333,1.0833333333333333,6.0,10.5,0.75,7.0,0.0,25.0,12.916666666666666,2.083333333333333,0.25,12.916666666666666,2.083333333333333,0.25,78.53666666666666,93.25228095238096,99.03991666666668,12.0,0.0,76.121,0.8939999999999912,9.0,76.202,-0.081000000000003,10.0,77.436,76.121,76.477,1,1,-1.0,1
2024,14,TSU,RB,16.0,1.0,0.0,-6.0,-1.0,1.4615384615384617,1.1538461538461535,6.0,13.0,0.7692307692307692,7.0,0.0,27.0,12.73076923076923,2.076923076923077,0.2307692307692307,12.73076923076923,2.076923076923077,0.2307692307692307,113.11866666666668,120.45344871794872,122.50397402597405,17.0,0.0,116.593,3.433999999999997,18.0,114.682,1.9110000000000011,18.0,116.593,0.0,0.0,0,0,0.0,0
2024,15,TSU,RB,17.0,0.0,0.0,-5.0,0.0,0.9285714285714286,1.0,6.0,14.5,0.7857142857142857,7.0,0.0,28.0,12.75,2.0,0.2142857142857142,12.75,2.0,0.2142857142857142,72.896,89.51680857142858,85.48071428571428,10.5,0.0,70.955,1.2819999999999965,13.0,71.943,-0.9879999999999995,12.0,71.603,70.955,0.0,1,0,1.0,1
2024,16,TSU,RB,20.0,0.0,0.0,-7.0,0.0,0.5333333333333333,0.9333333333333332,6.0,16.5,0.8,7.0,0.0,28.0,12.866666666666667,1.8666666666666667,0.2,12.866666666666667,1.8666666666666667,0.2,81.86333333333334,100.19933333333331,95.09358333333334,14.0,0.0,80.945,1.617999999999995,16.0,80.479,0.465999999999994,16.0,80.945,0.0,0.0,0,0,0.0,0
2024,17,TSU,RB,20.0,0.0,0.0,-7.0,0.0,0.1333333333333333,0.9333333333333332,6.0,16.5,0.75,7.0,0.0,28.0,13.09375,1.75,0.25,13.066666666666666,1.8666666666666667,0.2666666666666666,105.28533333333333,116.78965050505047,119.89316212121211,12.666666666666666,0.0,103.035,1.6700000000000017,12.0,103.547,-0.5120000000000005,12.0,103.337,103.035,0.0,1,0,0.0,0
2024,18,TSU,RB,12.0,0.0,0.0,6.0,0.0,-0.4,0.9333333333333332,6.0,15.0,0.7058823529411764,7.0,0.0,28.0,13.294117647058824,1.6470588235294117,0.2941176470588235,13.133333333333333,1.8666666666666667,0.3333333333333333,91.615,107.19365021929823,106.11185,6.666666666666667,0.0,90.289,0.7639999999999958,10.0,91.085,-0.7959999999999923,8.0,90.716,90.289,90.354,1,1,2.0,1
2024,19,TSU,RB,14.0,2.0,0.0,-5.0,-2.0,-0.3333333333333333,0.5333333333333333,7.0,11.5,0.7222222222222222,7.0,1.0,28.0,13.38888888888889,1.5555555555555556,0.2777777777777778,13.5,1.4666666666666666,0.3333333333333333,94.313,108.6526153846154,100.258,10.0,0.0,93.506,1.176000000000002,12.0,93.339,0.1670000000000016,11.0,93.795,93.506,0.0,1,0,1.0,1
2024,20,TSU,RB,20.0,0.0,0.0,-4.0,0.0,-1.2666666666666666,0.3333333333333333,7.0,18.0,0.736842105263158,7.0,0.0,30.0,13.289473684210526,1.5789473684210529,0.2631578947368421,13.3,1.5333333333333334,0.2666666666666666,77.95966666666668,87.6139318181818,85.67206944444445,4.333333333333333,0.0,77.129,1.183000000000007,11.0,77.162,-0.0330000000000012,11.0,77.182,77.129,0.0,1,0,0.0,0
2024,21,TSU,RB,7.0,2.0,0.0,2.0,4.0,-1.4666666666666666,0.3333333333333333,7.0,8.0,0.7,7.0,1.0,30.0,13.525,1.5,0.3,13.266666666666667,1.5333333333333334,0.2,71.483,88.15193333333333,76.26957142857142,12.0,0.0,84.111,0.7060000000000031,3.0,84.484,-0.3729999999999904,3.0,89.172,86.464,84.111,1,1,0.0,0
2024,22,TSU,RB,9.0,0.0,0.0,7.0,2.0,-1.8666666666666667,0.2,8.0,12.5,0.7142857142857143,8.0,0.0,38.0,13.261904761904765,1.809523809523809,0.2857142857142857,13.066666666666666,1.6666666666666667,0.2,96.59533333333331,110.05445833333332,110.0981851851852,15.0,0.0,93.029,0.7169999999999987,9.0,94.087,-1.058000000000007,7.0,93.789,93.089,93.029,1,1,2.0,1
2024,23,TSU,RB,13.0,0.0,0.0,1.0,0.0,-1.6,0.2666666666666666,8.0,13.5,0.7272727272727273,7.0,0.0,40.0,13.227272727272728,1.818181818181818,0.2727272727272727,13.133333333333333,1.7333333333333334,0.2,86.35821212935336,100.00094670225032,96.43108767320224,12.242424244672131,0.0,81.771,1.2510000000000048,14.0,82.411,-0.6400000000000006,14.0,82.364,81.771,0.0,1,0,0.0,0
2024,24,TSU,RB,12.0,0.0,0.0,5.0,0.0,-1.8,0.0,8.0,14.5,0.7391304347826086,7.0,0.0,40.0,13.23913043478261,1.7391304347826086,0.2608695652173913,13.366666666666667,1.4666666666666666,0.2,84.56792307679956,98.13663682981864,94.05258501203382,11.615384615492005,0.0,83.419,0.8239999999999981,12.0,83.472,-0.0529999999999972,11.0,83.735,83.419,0.0,1,0,1.0,1
2025,1,TSU,Racing Bulls,12.0,0.0,0.0,8.0,0.0,-1.0666666666666669,0.2666666666666666,1.0,16.0,0.7694879862778201,5.456310679611651,0.0,0.0,10.453909994175111,10.19606730143622,0.2305120137221799,0.0,0.0,0.2313847200983123,86.83773882539185,105.61588233119748,103.747516105048,10.890907747286594,0.0,75.67,0.5739999999999981,5.0,76.175,-0.5049999999999955,5.0,76.225,76.009,75.67,1,1,0.0,0
2025,2,TSU,Racing Bulls,16.0,0.0,0.0,-5.0,0.0,-0.2666666666666666,0.2666666666666666,8.0,13.5,0.0,10.0,0.0,0.0,16.0,0.0,1.0,16.0,0.0,1.0,86.82891626026135,105.61156418371,103.74502099706868,10.889658429261011,0.0,91.238,0.5969999999999942,9.0,91.079,0.159000000000006,9.0,91.238,91.26,91.638,1,1,0.0,0
2025,3,TSU,Red Bull Racing,12.0,25.0,1.0,-11.0,-25.0,-0.2666666666666666,0.4,3.0,6.5,0.5,3.0,0.0,30.0,8.25,15.0,0.5,8.25,15.0,0.5,87.47184558410834,106.7076300727582,107.2259520031753,9.777427986701753,0.0,87.967,0.9839999999999948,15.0,86.983,0.9839999999999948,15.0,87.967,88.0,0.0,1,0,0.0,0
2025,4,TSU,Red Bull Racing,9.0,8.0,0.0,-3.0,-6.0,-1.2,-1.3333333333333333,3.0,7.5,0.6666666666666667,3.0,0.0,55.0,7.666666666666667,18.33333333333333,0.3333333333333333,7.666666666666667,18.33333333333333,0.3333333333333333,90.11427792672733,107.98997629449006,108.25053098070352,9.332703709395442,0.0,91.228,1.3870000000000005,10.0,90.423,0.8049999999999926,10.0,91.751,91.228,91.303,1,1,0.0,0
2025,5,TSU,Red Bull Racing,19.0,18.0,1.0,-17.0,-18.0,-1.6,-1.8666666666666667,3.0,10.5,0.75,3.0,0.0,65.0,7.625,16.25,0.25,7.625,16.25,0.25,93.74611926153884,110.76232846499032,112.48875724496996,9.112020567913692,0.0,87.99,0.695999999999998,7.0,87.294,0.695999999999998,8.0,88.226,87.99,88.204,1,1,-1.0,1
2025,6,TSU,Red Bull Racing,10.0,12.0,0.0,-6.0,-11.0,-2.333333333333333,-3.0,3.0,7.0,0.6,3.0,0.0,83.0,8.2,16.6,0.4,8.2,16.6,0.4,87.94790450714733,106.47288389606662,104.76287273548728,9.110761320036431,0.0,86.943,0.7390000000000043,10.0,86.204,0.7390000000000043,10.0,87.298,86.959,86.943,1,1,0.0,0
2025,7,TSU,Red Bull Racing,10.0,25.0,1.0,-9.0,-24.0,-2.4,-3.733333333333333,3.0,5.5,0.6666666666666667,3.0,0.0,96.0,8.0,16.0,0.3333333333333333,8.0,16.0,0.3333333333333333,79.41305991901591,99.024106829553,97.02168991916876,8.221942389360759,0.0,83.90231804281346,13.985,10.418960244648318,83.950781201849,1.3236930160110036,20.0,0.0,0.0,0.0,0,0,0.03363914373088685,0
2025,8,TSU,Red Bull Racing,17.0,12.0,0.0,-13.0,-12.0,-2.533333333333333,-5.333333333333333,3.0,10.5,0.7142857142857143,3.0,0.0,122.0,7.642857142857143,17.428571428571427,0.2857142857142857,7.642857142857143,17.428571428571427,0.2857142857142857,76.32620961198235,92.97927479606876,89.92930595432857,9.44440946533797,0.0,71.415,1.4610000000000127,12.0,70.669,0.7460000000000093,12.0,71.8,71.415,0.0,1,0,0.0,0
2025,9,TSU,Red Bull Racing,13.0,1.0,0.0,-3.0,-1.0,-2.933333333333333,-6.133333333333334,2.0,11.5,0.75,4.0,0.0,134.0,8.0,16.75,0.25,8.0,16.75,0.25,75.68485041216675,89.93561922588349,87.82290498171673,12.888504118700745,0.0,73.385,1.8389999999999984,20.0,71.848,1.537000000000006,20.0,73.385,0.0,0.0,0,0,0.0,0
2024,1,VER,Red Bull Racing,1.0,18.0,1.0,1.0,8.0,0.05515097246476,0.0349406624367004,1.0,1.5,0.7694879862778201,5.456310679611651,0.0,0.0,10.453909994175111,10.19606730143622,0.2305120137221799,0.0,0.0,0.2313847200983123,91.717,106.0575925925926,105.09863095238096,5.0,1.0,89.179,0.0139999999999957,2.0,89.537,-0.3580000000000041,1.0,90.031,89.374,89.179,1,1,1.0,1
2024,2,VER,Red Bull Racing,1.0,18.0,1.0,1.0,7.0,1.0,8.0,1.0,1.5,1.0,1.0,0.0,44.0,1.5,44.0,0.0,1.5,44.0,0.0,89.07633333333335,104.97995833333334,101.6661888888889,1.6666666666666667,1.0,87.472,0.0,1.0,87.807,-0.3350000000000079,1.0,88.171,88.033,87.472,1,1,0.0,0
2024,3,VER,Red Bull Racing,19.0,10.0,0.0,-14.0,-10.0,1.0,7.5,1.0,12.0,1.0,1.0,0.0,87.0,1.5,43.5,0.0,1.5,43.5,0.0,77.658,93.63245541958042,89.75,2.0,0.0,75.915,0.0,1.0,76.274,-0.3589999999999946,1.0,76.819,76.387,75.915,1,1,0.0,0
2024,4,VER,Red Bull Racing,1.0,18.0,1.0,1.0,8.0,-4.0,1.6666666666666667,1.0,1.5,0.6666666666666667,2.0,0.0,97.0,5.0,32.333333333333336,0.3333333333333333,5.0,32.333333333333336,0.3333333333333333,89.8095,99.869575,100.5662,1.0,1.0,88.197,0.0,1.0,88.263,-0.0660000000000025,1.0,88.866,88.74,88.197,1,1,0.0,0
2024,5,VER,Red Bull Racing,1.0,15.0,1.0,2.0,10.0,-2.75,3.25,1.0,2.0,0.75,2.0,1.0,141.0,4.125,35.25,0.25,4.125,35.25,0.25,96.66,106.851625,102.40475,3.0,1.0,93.66,0.0,1.0,93.982,-0.3220000000000027,1.0,94.742,93.794,93.66,1,1,0.0,0
2024,6,VER,Red Bull Racing,2.0,12.0,0.0,2.0,6.0,-1.8,4.6,1.0,3.0,0.8,2.0,1.0,181.0,3.7,36.2,0.2,3.7,36.2,0.2,88.595,99.33,93.46918181818182,1.0,1.0,87.241,0.0,1.0,87.46,-0.2189999999999941,1.0,87.689,87.566,87.241,1,1,0.0,0
2024,7,VER,Red Bull Racing,1.0,4.0,0.0,7.0,21.0,-1.1666666666666667,4.833333333333333,1.0,4.5,0.8333333333333334,1.0,0.0,211.0,3.583333333333333,35.166666666666664,0.1666666666666666,3.583333333333333,35.166666666666664,0.1666666666666666,76.68433333333333,94.57861944444444,90.02278703703705,6.0,1.0,74.746,0.0,1.0,75.706,-0.960000000000008,1.0,75.762,75.176,74.746,1,1,0.0,0
2024,8,VER,Red Bull Racing,6.0,0.0,0.0,12.0,8.0,0.0,7.142857142857143,1.0,12.0,0.8571428571428572,1.0,0.0,240.0,3.7142857142857135,34.285714285714285,0.1428571428571428,3.7142857142857135,34.285714285714285,0.1428571428571428,72.121,87.55543043478262,89.56360079365079,5.666666666666667,0.0,70.567,0.296999999999997,6.0,72.06,-1.4930000000000092,6.0,71.711,70.745,70.567,1,1,0.0,0
2024,9,VER,Red Bull Racing,1.0,0.0,0.0,17.0,25.0,1.5,7.25,1.0,9.5,0.75,2.0,0.0,248.0,4.75,31.0,0.25,4.75,31.0,0.25,79.57866666666666,89.13216666666669,84.10725925925927,8.333333333333334,1.0,72.0,0.2579999999999955,3.0,73.326,-1.3259999999999934,2.0,72.36,72.549,72.0,1,1,1.0,1
2024,10,VER,Red Bull Racing,1.0,4.0,0.0,7.0,21.0,3.2222222222222223,9.22222222222222,1.0,4.5,0.6666666666666667,3.0,0.0,273.0,5.277777777777778,30.33333333333333,0.3333333333333333,5.277777777777778,30.33333333333333,0.3333333333333333,73.61433333333333,83.71606453634085,80.49323611111112,3.6666666666666665,1.0,71.403,0.0200000000000102,2.0,72.054,-0.6509999999999962,2.0,72.306,71.653,71.403,1,1,0.0,0
2024,11,VER,Red Bull Racing,5.0,6.0,0.0,2.0,4.0,3.6,10.4,1.0,6.0,0.7,3.0,1.0,302.0,5.2,30.2,0.3,5.2,30.2,0.3,65.685,80.45418749999999,90.14783333333332,1.0,0.0,64.314,0.0,1.0,65.144,-0.8300000000000125,1.0,65.336,64.469,64.314,1,1,0.0,0
2024,12,VER,Red Bull Racing,2.0,0.0,0.0,15.0,18.0,3.4545454545454546,9.818181818181818,1.0,9.5,0.7272727272727273,1.0,0.0,318.0,5.2727272727272725,28.90909090909091,0.2727272727272727,5.2727272727272725,28.90909090909091,0.2727272727272727,91.11833333333334,98.50943891402716,98.9159696969697,5.333333333333333,1.0,86.203,0.3840000000000003,4.0,98.348,-12.144999999999996,4.0,91.342,86.796,86.203,1,1,0.0,0
2024,13,VER,Red Bull Racing,5.0,6.0,0.0,2.0,4.0,4.416666666666667,10.5,1.0,6.0,0.75,2.0,0.0,336.0,5.625,28.0,0.25,5.625,28.0,0.25,77.79966666666667,85.74095098039216,83.48134814814814,2.333333333333333,0.0,75.273,0.0459999999999922,3.0,77.886,-2.6129999999999995,3.0,77.087,75.77,75.273,1,1,0.0,0
2024,14,VER,Red Bull Racing,4.0,7.0,0.0,3.0,5.0,4.230769230769231,10.0,1.0,5.5,0.7692307692307692,3.0,0.0,352.0,5.653846153846154,27.07692307692308,0.2307692307692307,5.653846153846154,27.07692307692308,0.2307692307692307,109.138,113.37500480769232,113.9302222222222,1.6666666666666667,0.0,113.159,0.0,1.0,113.765,-0.6059999999999945,1.0,114.938,113.837,113.159,1,1,0.0,0
2024,15,VER,Red Bull Racing,2.0,8.0,0.0,4.0,10.0,4.142857142857143,9.642857142857142,1.0,4.0,0.7857142857142857,3.0,0.0,371.0,5.642857142857143,26.5,0.2142857142857142,5.642857142857143,26.5,0.2142857142857142,75.95633333333335,86.36197584541064,87.6501341991342,8.0,1.0,70.029,0.3559999999999945,2.0,70.416,-0.3870000000000004,2.0,71.393,70.811,70.029,1,1,0.0,0
2024,16,VER,Red Bull Racing,6.0,4.0,0.0,2.0,4.0,4.133333333333334,9.666666666666666,1.0,7.0,0.8,3.0,0.0,397.0,5.533333333333333,26.466666666666665,0.2,5.533333333333333,26.466666666666665,0.2,81.218,93.64190880796764,91.79576353276354,7.0,0.0,79.662,0.3350000000000079,7.0,80.062,-0.3999999999999915,7.0,80.226,79.662,80.022,1,1,0.0,0
2024,17,VER,Red Bull Racing,5.0,0.0,0.0,12.0,10.0,4.2,9.4,2.0,11.0,0.8125,3.0,0.0,409.0,5.625,25.5625,0.1875,5.9,24.33333333333333,0.2,104.14566666666668,113.04466666666669,112.65845555555556,4.0,0.0,102.023,0.6580000000000013,6.0,101.813,0.2099999999999937,6.0,103.097,102.042,102.023,1,1,0.0,0
2024,18,VER,Red Bull Racing,2.0,1.0,0.0,8.0,17.0,4.933333333333334,9.6,2.0,6.0,0.7647058823529411,3.0,0.0,419.0,5.941176470588236,24.647058823529413,0.2352941176470588,6.533333333333333,22.133333333333333,0.2666666666666666,91.55266666666668,101.61865873015871,100.4770529100529,7.666666666666667,1.0,89.68,0.1550000000000011,3.0,90.579,-0.8989999999999867,2.0,90.157,89.68,89.728,1,1,1.0,1
2024,19,VER,Red Bull Racing,3.0,6.0,0.0,4.0,9.0,6.4,11.4,2.0,5.0,0.7777777777777778,3.0,1.0,438.0,5.944444444444445,24.33333333333333,0.2222222222222222,6.133333333333334,22.73333333333333,0.2,93.855,101.59366666666668,106.06257142857145,3.0,1.0,92.361,0.0310000000000059,2.0,93.02,-0.6589999999999918,2.0,93.046,92.584,92.361,1,1,0.0,0
2024,20,VER,Red Bull Racing,6.0,0.0,0.0,11.0,8.0,6.6,11.466666666666669,2.0,11.5,0.7894736842105263,3.0,0.0,459.0,5.894736842105263,24.157894736842103,0.2105263157894736,6.366666666666666,21.2,0.2,77.92099999999999,84.48338541666666,82.75416666666666,4.0,0.0,76.171,0.2250000000000085,2.0,77.611,-1.4399999999999975,2.0,76.803,76.514,76.171,1,1,0.0,0
2024,21,VER,Red Bull Racing,1.0,0.0,0.0,10.0,26.0,7.2,11.333333333333334,3.0,6.0,0.8,3.0,1.0,467.0,6.175,23.35,0.2,7.0,19.066666666666663,0.2,71.712,79.3785,75.43285714285715,15.0,1.0,87.771,4.366,12.0,88.158,-0.3870000000000004,12.0,88.522,87.771,0.0,1,0,0.0,0
2024,22,VER,Red Bull Racing,5.0,1.0,0.0,5.0,9.0,7.733333333333333,12.666666666666666,3.0,7.5,0.8095238095238095,3.0,0.0,493.0,6.166666666666667,23.476190476190474,0.1904761904761904,7.2,18.8,0.2,95.33633333333334,109.7098201754386,107.41633055555558,9.0,0.0,92.797,0.4849999999999994,6.0,94.155,-1.358000000000004,5.0,93.299,93.085,92.797,1,1,1.0,1
2024,23,VER,Red Bull Racing,1.0,0.0,0.0,16.0,25.0,7.6,11.866666666666667,3.0,9.0,0.8181818181818181,3.0,0.0,504.0,6.227272727272728,22.90909090909091,0.1818181818181818,7.4,17.6,0.2,85.72690909442626,96.85101744881972,94.2095352861944,9.727272726791606,1.0,80.52,0.0,1.0,81.425,-0.9050000000000012,1.0,81.579,80.687,80.52,1,1,0.0,0
2024,24,VER,Red Bull Racing,6.0,0.0,0.0,14.0,8.0,7.866666666666666,13.0,3.0,13.0,0.782608695652174,3.0,0.0,529.0,6.3478260869565215,23.0,0.217391304347826,7.2,18.73333333333333,0.2,84.04838461567257,94.55562133136108,91.88399322384052,9.692307692299387,0.0,82.945,0.3499999999999943,5.0,83.264,-0.3190000000000026,5.0,83.516,82.998,82.945,1,1,0.0,0
2025,1,VER,Red Bull Racing,2.0,0.0,0.0,13.0,18.0,7.666666666666667,11.866666666666667,1.0,8.5,0.7694879862778201,5.456310679611651,0.0,0.0,10.453909994175111,10.19606730143622,0.2305120137221799,0.0,0.0,0.2313847200983123,86.16018138291288,101.56553579578004,98.84878891877304,2.890389669609808,1.0,75.481,0.3849999999999909,3.0,77.094,-1.6129999999999995,3.0,76.018,75.565,75.481,1,1,0.0,0
2025,2,VER,Red Bull Racing,4.0,0.0,0.0,8.0,12.0,8.066666666666666,11.666666666666666,3.0,8.0,0.0,3.0,0.0,18.0,8.5,18.0,1.0,8.5,18.0,1.0,86.15136554928903,101.55774647436364,98.83916354210594,2.8885041187008755,0.0,90.817,0.1759999999999877,4.0,92.174,-1.3570000000000135,4.0,91.424,91.142,90.817,1,1,0.0,0
2025,3,VER,Red Bull Racing,1.0,0.0,0.0,11.0,25.0,8.466666666666667,12.2,3.0,6.5,0.5,3.0,0.0,30.0,8.25,15.0,0.5,8.25,15.0,0.5,85.5121377558912,99.49215096775944,97.32507748692254,1.55569547198696,1.0,86.983,0.0,1.0,87.967,-0.9839999999999948,1.0,87.943,87.502,86.983,1,1,0.0,0
2025,4,VER,Red Bull Racing,6.0,2.0,0.0,3.0,6.0,8.2,12.666666666666666,3.0,7.5,0.6666666666666667,3.0,0.0,55.0,7.666666666666667,18.33333333333333,0.3333333333333333,7.666666666666667,18.33333333333333,0.3333333333333333,88.04305627275053,100.11780696885587,97.57459209056007,1.9996851880302475,0.0,90.423,0.5820000000000078,7.0,91.228,-0.8049999999999926,7.0,91.303,91.019,90.423,1,1,0.0,0
2025,5,VER,Red Bull Racing,2.0,0.0,0.0,17.0,18.0,8.266666666666667,12.8,3.0,10.5,0.75,3.0,0.0,65.0,7.625,16.25,0.25,7.625,16.25,0.25,91.68973185931766,102.01858864350434,98.81450787985402,1.667086415961286,1.0,87.294,0.0,1.0,87.99,-0.695999999999998,1.0,87.778,87.529,87.294,1,1,0.0,0
2025,6,VER,Red Bull Racing,4.0,1.0,0.0,6.0,11.0,9.2,13.666666666666666,3.0,7.0,0.6,3.0,0.0,83.0,8.2,16.6,0.4,8.2,16.6,0.4,87.31351466508288,100.25312411278205,95.29833026591372,3.332598772070379,0.0,86.204,0.0,1.0,86.943,-0.7390000000000043,1.0,86.87,86.643,86.204,1,1,0.0,0
2025,7,VER,Red Bull Racing,1.0,1.0,0.0,9.0,24.0,9.333333333333334,13.733333333333333,3.0,5.5,0.6666666666666667,3.0,0.0,96.0,8.0,16.0,0.3333333333333333,8.0,16.0,0.3333333333333333,79.13267343494716,93.82158835723666,91.01820974662104,4.222781887947098,1.0,74.704,0.0339999999999918,2.0,83.950781201849,1.3236930160110036,2.0,75.175,75.394,74.704,1,1,0.0,0
2025,8,VER,Red Bull Racing,4.0,0.0,0.0,13.0,12.0,9.8,15.066666666666666,3.0,10.5,0.7142857142857143,3.0,0.0,122.0,7.642857142857143,17.428571428571427,0.2857142857142857,7.642857142857143,17.428571428571427,0.2857142857142857,76.12673854843477,90.42116972882783,87.89840675141681,6.666351854696309,0.0,70.669,0.7150000000000034,5.0,71.415,-0.7460000000000093,5.0,71.431,70.875,70.669,1,1,0.0,0
2025,9,VER,Red Bull Racing,10.0,0.0,0.0,3.0,1.0,9.866666666666667,15.2,2.0,11.5,0.75,4.0,0.0,134.0,8.0,16.75,0.25,8.0,16.75,0.25,75.10607513541751,86.80195435567015,84.72117206004995,5.889658429259257,0.0,71.848,0.3019999999999925,3.0,73.385,-1.537000000000006,3.0,72.798,72.358,71.848,1,1,0.0,0
2024,1,ZHO,Kick Sauber,11.0,0.0,0.0,8.0,0.0,0.05515097246476,0.0349406624367004,1.0,15.0,0.7694879862778201,5.456310679611651,0.0,0.0,10.453909994175111,10.19606730143622,0.2305120137221799,0.0,0.0,0.2313847200983123,92.657,103.53396031746033,108.92216025641028,16.666666666666668,0.0,90.757,1.5919999999999987,17.0,90.756,0.0010000000000047,17.0,90.757,0.0,0.0,0,0,0.0,0
2024,2,ZHO,Kick Sauber,18.0,0.0,0.0,-1.0,0.0,8.0,0.0,6.0,17.5,1.0,8.0,0.0,0.0,15.0,0.0,0.0,15.0,0.0,0.0,90.54900000000002,107.3718507936508,106.04679653679656,16.666666666666668,0.0,83.90231804281346,13.985,10.418960244648318,83.950781201849,1.3236930160110036,20.0,0.0,0.0,0.0,0,0,0.03363914373088685,0
2024,3,ZHO,Kick Sauber,15.0,0.0,0.0,-1.0,0.0,3.5,0.0,7.0,14.5,1.0,9.0,0.0,0.0,16.25,0.0,0.0,16.25,0.0,0.0,78.76200000000001,92.34725141525142,92.68518803418802,14.666666666666666,0.0,78.188,2.272999999999996,19.0,77.34,0.847999999999999,19.0,78.188,0.0,0.0,0,0,0.0,0
2024,4,ZHO,Kick Sauber,18.0,0.0,0.0,-4.0,0.0,2.0,0.0,8.0,16.0,1.0,9.0,0.0,0.0,15.666666666666666,0.0,0.0,15.666666666666666,0.0,0.0,102.34066666666666,110.38153333333332,111.07386666666666,14.666666666666666,0.0,90.143,1.945999999999998,20.0,89.593,0.5499999999999972,20.0,90.143,0.0,0.0,0,0,0.0,0
2024,5,ZHO,Kick Sauber,14.0,0.0,0.0,6.0,0.0,0.5,0.0,8.0,17.0,0.75,9.0,1.0,0.0,15.75,0.0,0.25,15.75,0.0,0.25,97.626,112.78533333333333,116.42085714285714,11.0,0.0,95.505,1.8449999999999989,16.0,94.665,0.8399999999999892,16.0,95.505,0.0,0.0,0,0,0.0,0
2024,6,ZHO,Kick Sauber,14.0,0.0,0.0,2.0,0.0,1.6,0.0,8.0,15.0,0.6,10.0,1.0,0.0,16.0,0.0,0.4,16.0,0.0,0.4,89.445,115.73658823529412,116.699125,15.0,0.0,88.824,1.5829999999999984,20.0,88.463,0.3610000000000042,20.0,88.824,0.0,0.0,0,0,0.0,0
2024,7,ZHO,Kick Sauber,15.0,0.0,0.0,3.0,0.0,1.6666666666666667,0.0,9.0,16.5,0.6666666666666667,10.0,0.0,0.0,15.833333333333334,0.0,0.3333333333333333,15.833333333333334,0.0,0.3333333333333333,78.20866666666667,90.46524444444444,87.10723905723906,18.666666666666668,0.0,76.834,2.088000000000008,18.0,76.626,0.2079999999999984,17.0,76.834,0.0,0.0,0,0,1.0,1
2024,8,ZHO,Kick Sauber,16.0,0.0,0.0,-3.0,0.0,1.8571428571428568,0.0,9.0,14.5,0.7142857142857143,9.0,0.0,0.0,15.928571428571429,0.0,0.2857142857142857,15.928571428571429,0.0,0.2857142857142857,74.05766666666666,88.31122474747474,88.39912321937322,19.33333333333333,0.0,73.028,2.7580000000000098,20.0,72.512,0.5160000000000053,18.0,73.028,0.0,0.0,0,0,2.0,1
2024,9,ZHO,Kick Sauber,15.0,0.0,0.0,-2.0,0.0,1.25,0.0,10.0,14.0,0.75,10.0,0.0,0.0,15.75,0.0,0.25,15.75,0.0,0.25,78.8715,87.73558333333332,90.2484375,18.5,0.0,74.292,2.549999999999997,20.0,73.366,0.926000000000002,20.0,74.292,0.0,0.0,0,0,0.0,0
2024,10,ZHO,Kick Sauber,13.0,0.0,0.0,3.0,0.0,0.8888888888888888,0.0,10.0,14.5,0.7777777777777778,9.0,0.0,0.0,15.555555555555555,0.0,0.2222222222222222,15.555555555555555,0.0,0.2222222222222222,74.84433333333334,88.51979797979799,97.43330357142855,17.333333333333332,0.0,72.738,1.355000000000004,15.0,72.227,0.5109999999999957,15.0,72.88,72.738,0.0,1,0,0.0,0
2024,11,ZHO,Kick Sauber,17.0,0.0,0.0,-1.0,0.0,1.1,0.0,10.0,16.5,0.8,9.0,1.0,0.0,15.45,0.0,0.2,15.45,0.0,0.2,66.919,79.13058823529413,86.01675,14.0,0.0,66.061,1.747000000000014,20.0,65.847,0.2140000000000128,20.0,66.061,0.0,0.0,0,0,0.0,0
2024,12,ZHO,Kick Sauber,18.0,0.0,0.0,-3.0,0.0,0.9090909090909092,0.0,10.0,16.5,0.8181818181818181,9.0,0.0,0.0,15.545454545454543,0.0,0.1818181818181818,15.545454545454543,0.0,0.1818181818181818,92.72933333333332,105.88690085470088,101.68252222222225,17.333333333333332,0.0,87.867,2.048000000000002,14.0,92.431,-4.563999999999993,14.0,91.19,87.867,0.0,1,0,0.0,0
2024,13,ZHO,Kick Sauber,19.0,0.0,0.0,-3.0,0.0,0.5833333333333334,0.0,10.0,17.5,0.8333333333333334,9.0,0.0,0.0,15.625,0.0,0.1666666666666666,15.625,0.0,0.1666666666666666,78.846,85.73075935828878,84.90677777777778,14.0,0.0,78.037,2.8100000000000023,18.0,76.384,1.6530000000000058,18.0,78.037,0.0,0.0,0,0,0.0,0
2024,14,ZHO,Kick Sauber,19.0,0.0,0.0,-4.0,0.0,0.3076923076923077,0.0,10.0,17.0,0.8461538461538461,10.0,0.0,0.0,15.76923076923077,0.0,0.1538461538461538,15.76923076923077,0.0,0.1538461538461538,113.80200000000002,118.49816883116884,120.46984074074074,18.0,0.0,117.775,4.616,20.0,114.764,3.01100000000001,20.0,117.775,0.0,0.0,0,0,0.0,0
2024,15,ZHO,Kick Sauber,20.0,0.0,0.0,-1.0,0.0,0.0,0.0,10.0,19.5,0.7857142857142857,10.0,0.0,0.0,15.857142857142858,0.0,0.2142857142857142,15.857142857142858,0.0,0.2142857142857142,76.37966666666667,87.70782608695652,89.0445761904762,12.333333333333334,0.0,73.261,3.587999999999994,19.0,72.168,1.092999999999989,18.0,73.261,0.0,0.0,0,0,1.0,1
2024,16,ZHO,Kick Sauber,18.0,0.0,0.0,-2.0,0.0,-0.0666666666666666,0.0,10.0,17.0,0.8,10.0,0.0,0.0,16.1,0.0,0.2,16.1,0.0,0.2,82.37066666666666,98.7688164983165,97.84100505050505,18.33333333333333,0.0,81.445,2.117999999999995,20.0,81.101,0.3439999999999941,20.0,81.445,0.0,0.0,0,0,0.0,0
2024,17,ZHO,Kick Sauber,14.0,0.0,0.0,2.0,0.0,-0.7333333333333333,0.0,10.0,15.0,0.8125,10.0,0.0,0.0,16.15625,0.0,0.1875,16.233333333333334,0.0,0.2,106.62266666666667,121.09196084656088,125.08288888888887,19.0,0.0,104.246,2.881,19.0,103.618,0.6280000000000001,18.0,104.246,0.0,0.0,0,0,1.0,1
2024,18,ZHO,Kick Sauber,15.0,0.0,0.0,1.0,0.0,-0.5333333333333333,0.0,10.0,15.5,0.8235294117647058,10.0,0.0,0.0,16.08823529411765,0.0,0.1764705882352941,16.066666666666666,0.0,0.2,92.86533333333334,108.45835014005604,107.50033862433862,19.33333333333333,0.0,92.054,2.5289999999999964,20.0,91.572,0.4819999999999993,20.0,92.054,0.0,0.0,0,0,0.0,0
2024,19,ZHO,Kick Sauber,19.0,0.0,0.0,-2.0,0.0,-0.4,0.0,10.0,18.0,0.8333333333333334,10.0,1.0,0.0,16.055555555555557,0.0,0.1666666666666666,16.133333333333333,0.0,0.2,97.219,100.18828571428573,101.363,20.0,0.0,94.228,1.897999999999996,20.0,94.152,0.0759999999999934,20.0,94.228,0.0,0.0,0,0,0.0,0
2024,20,ZHO,Kick Sauber,15.0,0.0,0.0,-1.0,0.0,-0.2666666666666666,0.0,10.0,14.5,0.8421052631578947,10.0,0.0,0.0,16.157894736842106,0.0,0.1578947368421052,16.266666666666666,0.0,0.1333333333333333,78.70400000000001,91.15828306878304,93.0654375,18.0,0.0,78.072,2.1260000000000048,20.0,77.393,0.679000000000002,20.0,78.072,0.0,0.0,0,0,0.0,0
2024,21,ZHO,Kick Sauber,15.0,0.0,0.0,-2.0,0.0,-0.7333333333333333,0.0,10.0,14.0,0.85,10.0,1.0,0.0,16.075,0.0,0.15,16.1,0.0,0.0666666666666666,72.883,89.55944444444445,102.13575,20.0,0.0,92.263,8.858000000000004,20.0,86.472,5.791000000000011,20.0,92.263,0.0,0.0,0,0,0.0,0
2024,22,ZHO,Kick Sauber,13.0,0.0,0.0,5.0,0.0,-1.0,0.0,10.0,15.5,0.8571428571428572,10.0,0.0,0.0,15.976190476190476,0.0,0.1428571428571428,16.033333333333335,0.0,0.0666666666666666,97.03433333333334,112.04692250233428,110.90218783068782,18.0,0.0,93.566,1.2540000000000049,13.0,94.43,-0.8640000000000043,13.0,94.079,93.566,0.0,1,0,0.0,0
2024,23,ZHO,Kick Sauber,8.0,0.0,0.0,3.0,4.0,-0.8666666666666667,0.0,10.0,9.5,0.8636363636363636,10.0,0.0,0.0,15.954545454545457,0.0,0.1363636363636363,15.966666666666669,0.0,0.0666666666666666,87.114818189546,102.11603950633972,105.26829563923756,18.54545454501981,0.0,81.501,0.9810000000000088,12.0,81.731,-0.2299999999999897,12.0,82.103,81.501,0.0,1,0,0.0,0
2024,24,ZHO,Kick Sauber,13.0,0.0,0.0,5.0,0.0,-0.4666666666666667,0.2666666666666666,10.0,15.5,0.8695652173913043,10.0,0.0,4.0,15.673913043478262,0.1739130434782608,0.1304347826086956,15.633333333333333,0.2666666666666666,0.0666666666666666,85.37307692287149,100.3072432304488,104.08864919105456,18.615384615407397,0.0,83.88,1.2849999999999966,17.0,83.204,0.6760000000000019,17.0,83.88,0.0,0.0,0,0,0.0,0
2025,10,RUS,Mercedes,6.212121212121212,5.8,0.06666666666666667,5.2,6.066666666666666,0.76,1.4977777777777779,3.0,7.0606060606060606,0.7968115288627791,3.603412768461312,0.0,156.96969696969697,7.168646872804756,16.109229752056578,0.2031884711372209,5.157380952380953,21.36777777777778,0.035714285714285705,72.536,89.27755566951566,89.96290654761906,2.6666666666666665,0.24242424242424243,70.899,0.0,1.0,71.391,-0.49200000000000443,1.0,72.075,71.57,70.899,1,1,0.0,0
2025,10,VER,Red Bull Racing,3.6666666666666665,0.7333333333333333,0.0,9.533333333333333,14.133333333333333,8.15111111111111,12.706666666666665,2.0,7.106060606060606,0.7393149695121527,2.724624889673433,0.0,239.96969696969697,6.036140235274806,25.315510179257323,0.26068503048784725,7.95126984126984,16.71492063492063,0.3803174603174603,72.64366666666666,94.20932046296296,88.47242328042329,5.0,0.5454545454545454,71.059,0.1599999999999966,2.0,72.102,-1.0430000000000064,2.0,72.054,71.638,71.059,1,1,0.0,0
2025,10,PIA,McLaren,4.424242424242424,16.066666666666666,0.6666666666666666,-1.0666666666666667,-1.9333333333333333,-0.5111111111111112,-2.2844444444444445,1.0,4.0606060606060606,0.9860295749259285,1.876140041188585,0.0,245.84848484848484,4.935717295705294,24.800110614058447,0.013970425074071507,2.885,35.37619047619047,0.0,73.093,91.48145833333335,89.7431361111111,9.333333333333334,0.48484848484848486,71.12,0.22100000000000364,3.0,71.599,-0.4789999999999992,3.0,71.939,71.715,71.12,1,1,0.0,0
2025,10,ANT,Mercedes,10.444444444444445,11.222222222222221,0.4444444444444444,-5.666666666666667,-6.333333333333333,-2.558025553324021,-4.935403418459414,3.0,7.611111111111111,0.9446256492689642,2.272923408845739,0.0,80.88888888888889,5.653807459670251,20.43937784830773,0.05537435073103585,5.157380952380953,21.36777777777778,0.035714285714285705,72.92033333333335,89.05759717948717,87.69295079365081,7.666666666666667,0.0,71.391,0.49200000000000443,4.0,70.899,0.49200000000000443,4.0,72.279,71.974,71.391,1,1,0.0,0
2025,10,HAM,Mercedes,7.212121212121212,11.133333333333333,0.26666666666666666,-2.8666666666666667,-4.466666666666667,-0.4933333333333334,-1.0355555555555553,4.0,6.893939393939394,0.7008158578671081,4.239776404824949,0.0,148.24242424242425,8.220089874247757,13.313450531277358,0.29918414213289185,9.417063492063493,10.533015873015874,0.458095238095238,72.77433333333335,90.18191666666667,83.66542592592593,5.666666666666667,0.15151515151515152,71.526,0.6269999999999953,5.0,71.626,-0.10000000000000853,5.0,71.952,71.885,71.526,1,1,0.0,0
2025,10,ALO,Aston Martin,11.181818181818182,1.0071138211382114,0.010060975609756094,1.2,-0.13333333333333333,2.5333333333333337,1.031111111111111,8.0,12.318181818181818,0.7431462330042662,5.482200647249191,0.0,44.18181818181818,11.403257957114961,5.216238041605648,0.25685376699573376,13.378333333333332,3.2738095238095237,0.5830952380952381,72.89233333333334,88.54515253459243,88.98202380952382,7.666666666666667,0.0,71.586,0.6869999999999976,6.0,72.517,-0.9309999999999974,6.0,72.073,71.805,71.586,1,1,0.0,0
2025,10,NOR,McLaren,3.696969696969697,14.133333333333333,0.6,1.0666666666666667,1.9333333333333333,0.5111111111111112,2.2844444444444445,1.0,4.0606060606060606,0.9860295749259285,1.876140041188585,0.0,245.84848484848484,4.935717295705294,24.800110614058447,0.013970425074071507,2.885,35.37619047619047,0.0,72.53366666666666,87.85319861660078,83.16218717948719,3.3333333333333335,0.6363636363636364,71.599,0.7000000000000028,7.0,71.12,0.4789999999999992,7.0,71.826,71.599,71.625,1,1,0.0,0
2025,10,LEC,Ferrari,4.96969696969697,9.4,0.26666666666666666,1.8666666666666667,3.0,1.968888888888889,3.52,4.0,5.651515151515151,0.805462987229726,2.6337157987643423,0.0,218.27272727272728,6.2182247981194285,20.7830013584404,0.19453701277027408,9.417063492063493,10.533015873015874,0.458095238095238,72.881,93.5329192546584,98.06947142857143,6.0,0.48484848484848486,71.626,0.7270000000000039,8.0,71.526,0.10000000000000853,8.0,72.038,71.626,71.682,1,1,0.0,0
2025,10,HAD,Racing Bulls,10.555555555555555,0.4444444444444444,0.0,3.111111111111111,1.8888888888888888,0.6645934942950263,0.7307341476781519,7.0,12.11111111111111,0.6241230037663187,7.606256742179072,0.0,4.888888888888889,13.577550845913638,1.9708593297892096,0.3758769962336813,13.832539682539682,1.0055555555555555,0.35365079365079366,73.027,87.57405555555556,86.72761111111112,9.333333333333334,0.0,71.867,0.9680000000000035,9.0,72.525,-0.6580000000000013,9.0,72.211,72.003,71.867,1,1,0.0,0
2025,10,ALB,Williams,13.0,0.8666666666666667,0.0,1.5333333333333334,1.9333333333333333,0.9555555555555555,0.9955555555555555,5.0,13.818181818181818,0.6479003878682488,7.785230950279494,0.0,11.484848484848484,13.883795519464663,2.530196351656054,0.35209961213175134,10.558174603174603,6.6380952380952385,0.4136507936507936,72.75,90.39654826038158,91.05394444444444,5.333333333333333,0.0,71.892,0.992999999999995,10.0,72.398,-0.5060000000000002,10.0,72.09,71.892,71.907,1,1,0.0,0
2025,10,TSU,RB,13.151515151515152,7.0,0.2,-3.533333333333333,-6.2,-1.528888888888889,-1.2533333333333334,2.0,12.348484848484848,0.6978043514319793,6.118564283612827,0.0,32.96969696969697,12.044276411855517,5.350675440746175,0.3021956485680208,7.95126984126984,16.71492063492063,0.3803174603174603,73.47966666666666,93.47468482905983,92.61151784511783,15.333333333333334,0.0,72.102,1.203000000000003,11.0,71.059,1.0430000000000064,11.0,72.334,72.102,0.0,1,0,0.0,0
2025,10,COL,Williams,13.833333333333334,1.0,0.0,0.75,-0.5833333333333334,1.3212445435206925,-0.7381687254607224,9.0,14.208333333333334,0.5697044351510799,9.0,0.0,12.083333333333334,15.012495201791163,0.7620827702021334,0.4302955648489199,15.04063492063492,0.7076190476190477,0.683968253968254,73.86766666666666,93.56718964076858,93.92257107843137,18.0,0.0,72.142,1.242999999999995,12.0,72.667,-0.5250000000000057,12.0,72.234,72.142,0.0,1,0,0.0,0
2025,10,HUL,Haas F1 Team,12.090909090909092,0.5333333333333333,0.0,1.6666666666666667,1.4666666666666666,1.5244444444444445,0.9822222222222226,9.0,13.06060606060606,0.7801343445737176,6.754927919976463,0.0,14.93939393939394,12.94314471502308,2.0429555581807866,0.21986565542628245,14.913015873015874,1.7742857142857142,0.4715873015873016,73.60233333333333,87.0086941025641,81.74045925925925,17.333333333333332,0.0,72.183,1.284000000000006,13.0,72.385,-0.20199999999999818,13.0,72.323,72.183,0.0,1,0,0.0,0
2025,10,BEA,Haas F1 Team,12.416666666666666,3.0,0.08333333333333333,-0.16666666666666666,-1.9166666666666667,0.11183497161112059,-2.940146839938837,6.0,12.333333333333334,0.8993422528247389,5.538025889967638,0.0,19.083333333333332,11.119026229673324,5.9426286243260344,0.10065774717526103,11.674920634920634,4.0587301587301585,0.09365079365079364,73.47500000000001,90.4028545796309,86.69208333333334,16.0,0.0,72.306,1.4069999999999965,14.0,72.378,-0.07200000000000273,14.0,72.306,72.34,0.0,1,0,0.0,0
2025,10,OCO,Alpine,13.375,2.1333333333333333,0.06666666666666667,-0.6,0.4,-0.8711111111111111,-0.17777777777777778,6.0,13.28125,0.8044947699936316,7.528519417475728,0.0,11.34375,13.497639800283352,2.0224580664577587,0.19550523000636846,11.674920634920634,4.0587301587301585,0.09365079365079364,73.53566666666667,89.9014468131868,87.18620432900434,17.0,0.03125,72.378,1.4789999999999992,15.0,72.306,0.07200000000000273,15.0,72.378,72.634,0.0,1,0,0.0,0
2025,10,BOR,Kick Sauber,16.333333333333332,1.7777777777777777,0.0,-3.0,-1.7777777777777777,-3.285671055969524,-1.8080224660784618,9.0,14.833333333333334,0.5258425804858954,8.495145631067961,0.0,5.333333333333333,14.227947671310464,2.9448011287310085,0.47415741951410456,14.913015873015874,1.7742857142857142,0.4715873015873016,73.464,89.54796464646465,82.89697883597883,16.0,0.0,72.385,1.4860000000000042,16.0,72.183,0.20199999999999818,16.0,72.385,0.0,0.0,0,0,0.0,0
2025,10,SAI,Ferrari,7.53125,9.2,0.26666666666666666,-2.8,-2.8,-2.5955555555555554,-3.7155555555555555,5.0,6.671875,0.7941753722473215,2.747269417475728,0.0,217.75,6.609679739727326,19.753973127082137,0.2058246277526785,10.558174603174603,6.6380952380952385,0.4136507936507936,72.80833333333334,91.6972993558776,90.76539365079365,6.0,0.28125,72.398,1.4989999999999952,17.0,71.892,0.5060000000000002,17.0,72.398,0.0,0.0,0,0,0.0,0
2025,10,STR,Aston Martin,13.59375,0.8,0.0,-1.6,-0.13333333333333333,-2.5866666666666664,-1.1244444444444448,8.0,12.421875,0.7468383027856496,5.403519417475728,0.0,45.25,11.310391018274805,5.3401829804058245,0.25316169721435045,13.378333333333332,3.2738095238095237,0.5830952380952381,73.4985,92.13273749999999,95.67195555555557,14.5,0.0,72.517,1.617999999999995,18.0,71.586,0.9309999999999974,18.0,72.517,0.0,0.0,0,0,0.0,0
2025,10,LAW,Racing Bulls,13.533333333333333,3.933333333333333,0.06666666666666667,-3.8666666666666667,-3.4,-1.2534589106379914,-1.9118038966374942,7.0,11.6,0.6637906825148865,6.963754045307443,0.0,17.866666666666667,12.975308540685484,3.0492715303045155,0.3362093174851134,13.832539682539682,1.0055555555555555,0.35365079365079366,73.093,88.7255130294542,86.30987542087541,10.333333333333334,0.0,72.525,1.6260000000000048,19.0,71.867,0.6580000000000013,19.0,72.525,0.0,0.0,0,0,0.0,0
2025,10,GAS,Alpine,13.151515151515152,1.2,0.06666666666666667,3.0,1.6,1.582222222222222,0.8266666666666668,9.0,13.727272727272727,0.6531994582484202,8.300382465431008,0.0,9.545454545454545,14.282738613035919,1.2746541109963687,0.3468005417515798,15.04063492063492,0.7076190476190477,0.683968253968254,73.12499999999999,93.60379646440516,93.15998333333334,11.0,0.030303030303030304,72.667,1.7680000000000007,20.0,72.142,0.5250000000000057,20.0,72.667,0.0,0.0,0,0,0.0,0
