Season,Round,Driver,Team,Position,Points,Status,Podium,DNF,teammate_points,teammate_podium,teammate_finish_delta,teammate_points_delta,avg_teammate_finish_delta_last_n,avg_teammate_points_delta_last_n,EventName_x,team_points,avg_team_finish,best_team_finish,team_podiums,team_dnfs,team_finishers,drivers_count,constructor_points_prev,avg_finish_to_date_prev,avg_points_to_date_prev,dnf_rate_to_date_prev,reliability_to_date_prev,avg_team_finish_last_15,team_points_last_15,team_dnf_rate_last_15,historical_event_avg_finish_prev,historical_event_avg_points_prev,historical_event_podium_rate_prev,constructor_standing_prev,pace_rank_prev,EventName_y,fp1_fp1_best_lap_sec,fp2_fp1_best_lap_sec,fp3_fp1_best_lap_sec,fp1_fp1_avg_lap_sec,fp2_fp1_avg_lap_sec,fp3_fp1_avg_lap_sec,fp1_fp1_long_run_pace_sec,fp2_fp1_long_run_pace_sec,fp3_fp1_long_run_pace_sec,fp1_fp1_stint_consistency_sec,fp2_fp1_stint_consistency_sec,fp3_fp1_stint_consistency_sec,fp1_fp1_session_rank,fp2_fp1_session_rank,fp3_fp1_session_rank,fp1_fp2_best_lap_sec,fp2_fp2_best_lap_sec,fp3_fp2_best_lap_sec,fp1_fp2_avg_lap_sec,fp2_fp2_avg_lap_sec,fp3_fp2_avg_lap_sec,fp1_fp2_long_run_pace_sec,fp2_fp2_long_run_pace_sec,fp3_fp2_long_run_pace_sec,fp1_fp2_stint_consistency_sec,fp2_fp2_stint_consistency_sec,fp3_fp2_stint_consistency_sec,fp1_fp2_session_rank,fp2_fp2_session_rank,fp3_fp2_session_rank,fp1_fp3_best_lap_sec,fp2_fp3_best_lap_sec,fp3_fp3_best_lap_sec,fp1_fp3_avg_lap_sec,fp2_fp3_avg_lap_sec,fp3_fp3_avg_lap_sec,fp1_fp3_long_run_pace_sec,fp2_fp3_long_run_pace_sec,fp3_fp3_long_run_pace_sec,fp1_fp3_stint_consistency_sec,fp2_fp3_stint_consistency_sec,fp3_fp3_stint_consistency_sec,fp1_fp3_session_rank,fp2_fp3_session_rank,fp3_fp3_session_rank,fp1_fp1_tracktemp_mean,fp2_fp1_tracktemp_mean,fp3_fp1_tracktemp_mean,fp1_fp1_tracktemp_min,fp2_fp1_tracktemp_min,fp3_fp1_tracktemp_min,fp1_fp1_tracktemp_max,fp2_fp1_tracktemp_max,fp3_fp1_tracktemp_max,fp1_fp1_airtemp_mean,fp2_fp1_airtemp_mean,fp3_fp1_airtemp_mean,fp1_fp1_airtemp_min,fp2_fp1_airtemp_min,fp3_fp1_airtemp_min,fp1_fp1_airtemp_max,fp2_fp1_airtemp_max,fp3_fp1_airtemp_max,fp1_fp1_humidity_mean,fp2_fp1_humidity_mean,fp3_fp1_humidity_mean,fp1_fp1_humidity_min,fp2_fp1_humidity_min,fp3_fp1_humidity_min,fp1_fp1_humidity_max,fp2_fp1_humidity_max,fp3_fp1_humidity_max,fp1_fp1_pressure_mean,fp2_fp1_pressure_mean,fp3_fp1_pressure_mean,fp1_fp1_pressure_min,fp2_fp1_pressure_min,fp3_fp1_pressure_min,fp1_fp1_pressure_max,fp2_fp1_pressure_max,fp3_fp1_pressure_max,fp1_fp1_rainfall_mean,fp2_fp1_rainfall_mean,fp3_fp1_rainfall_mean,fp1_fp1_rainfall_min,fp2_fp1_rainfall_min,fp3_fp1_rainfall_min,fp1_fp1_rainfall_max,fp2_fp1_rainfall_max,fp3_fp1_rainfall_max,fp1_fp1_windspeed_mean,fp2_fp1_windspeed_mean,fp3_fp1_windspeed_mean,fp1_fp1_windspeed_min,fp2_fp1_windspeed_min,fp3_fp1_windspeed_min,fp1_fp1_windspeed_max,fp2_fp1_windspeed_max,fp3_fp1_windspeed_max,fp1_fp1_winddirection_mean,fp2_fp1_winddirection_mean,fp3_fp1_winddirection_mean,fp1_fp1_winddirection_min,fp2_fp1_winddirection_min,fp3_fp1_winddirection_min,fp1_fp1_winddirection_max,fp2_fp1_winddirection_max,fp3_fp1_winddirection_max,fp1_fp2_tracktemp_mean,fp2_fp2_tracktemp_mean,fp3_fp2_tracktemp_mean,fp1_fp2_tracktemp_min,fp2_fp2_tracktemp_min,fp3_fp2_tracktemp_min,fp1_fp2_tracktemp_max,fp2_fp2_tracktemp_max,fp3_fp2_tracktemp_max,fp1_fp2_airtemp_mean,fp2_fp2_airtemp_mean,fp3_fp2_airtemp_mean,fp1_fp2_airtemp_min,fp2_fp2_airtemp_min,fp3_fp2_airtemp_min,fp1_fp2_airtemp_max,fp2_fp2_airtemp_max,fp3_fp2_airtemp_max,fp1_fp2_humidity_mean,fp2_fp2_humidity_mean,fp3_fp2_humidity_mean,fp1_fp2_humidity_min,fp2_fp2_humidity_min,fp3_fp2_humidity_min,fp1_fp2_humidity_max,fp2_fp2_humidity_max,fp3_fp2_humidity_max,fp1_fp2_pressure_mean,fp2_fp2_pressure_mean,fp3_fp2_pressure_mean,fp1_fp2_pressure_min,fp2_fp2_pressure_min,fp3_fp2_pressure_min,fp1_fp2_pressure_max,fp2_fp2_pressure_max,fp3_fp2_pressure_max,fp1_fp2_rainfall_mean,fp2_fp2_rainfall_mean,fp3_fp2_rainfall_mean,fp1_fp2_rainfall_min,fp2_fp2_rainfall_min,fp3_fp2_rainfall_min,fp1_fp2_rainfall_max,fp2_fp2_rainfall_max,fp3_fp2_rainfall_max,fp1_fp2_windspeed_mean,fp2_fp2_windspeed_mean,fp3_fp2_windspeed_mean,fp1_fp2_windspeed_min,fp2_fp2_windspeed_min,fp3_fp2_windspeed_min,fp1_fp2_windspeed_max,fp2_fp2_windspeed_max,fp3_fp2_windspeed_max,fp1_fp2_winddirection_mean,fp2_fp2_winddirection_mean,fp3_fp2_winddirection_mean,fp1_fp2_winddirection_min,fp2_fp2_winddirection_min,fp3_fp2_winddirection_min,fp1_fp2_winddirection_max,fp2_fp2_winddirection_max,fp3_fp2_winddirection_max,fp1_fp3_tracktemp_mean,fp2_fp3_tracktemp_mean,fp3_fp3_tracktemp_mean,fp1_fp3_tracktemp_min,fp2_fp3_tracktemp_min,fp3_fp3_tracktemp_min,fp1_fp3_tracktemp_max,fp2_fp3_tracktemp_max,fp3_fp3_tracktemp_max,fp1_fp3_airtemp_mean,fp2_fp3_airtemp_mean,fp3_fp3_airtemp_mean,fp1_fp3_airtemp_min,fp2_fp3_airtemp_min,fp3_fp3_airtemp_min,fp1_fp3_airtemp_max,fp2_fp3_airtemp_max,fp3_fp3_airtemp_max,fp1_fp3_humidity_mean,fp2_fp3_humidity_mean,fp3_fp3_humidity_mean,fp1_fp3_humidity_min,fp2_fp3_humidity_min,fp3_fp3_humidity_min,fp1_fp3_humidity_max,fp2_fp3_humidity_max,fp3_fp3_humidity_max,fp1_fp3_pressure_mean,fp2_fp3_pressure_mean,fp3_fp3_pressure_mean,fp1_fp3_pressure_min,fp2_fp3_pressure_min,fp3_fp3_pressure_min,fp1_fp3_pressure_max,fp2_fp3_pressure_max,fp3_fp3_pressure_max,fp1_fp3_rainfall_mean,fp2_fp3_rainfall_mean,fp3_fp3_rainfall_mean,fp1_fp3_rainfall_min,fp2_fp3_rainfall_min,fp3_fp3_rainfall_min,fp1_fp3_rainfall_max,fp2_fp3_rainfall_max,fp3_fp3_rainfall_max,fp1_fp3_windspeed_mean,fp2_fp3_windspeed_mean,fp3_fp3_windspeed_mean,fp1_fp3_windspeed_min,fp2_fp3_windspeed_min,fp3_fp3_windspeed_min,fp1_fp3_windspeed_max,fp2_fp3_windspeed_max,fp3_fp3_windspeed_max,fp1_fp3_winddirection_mean,fp2_fp3_winddirection_mean,fp3_fp3_winddirection_mean,fp1_fp3_winddirection_min,fp2_fp3_winddirection_min,fp3_fp3_winddirection_min,fp1_fp3_winddirection_max,fp2_fp3_winddirection_max,fp3_fp3_winddirection_max,is_sprint_weekend,fp1_penalty_mentions_proxy,fp2_penalty_mentions_proxy,fp3_penalty_mentions_proxy,best_lap_sec_improvement_fp2_vs_fp1,best_lap_sec_improvement_fp3_vs_fp2,best_lap_sec_improvement_fp3_vs_fp1,avg_lap_sec_improvement_fp2_vs_fp1,avg_lap_sec_improvement_fp3_vs_fp2,avg_lap_sec_improvement_fp3_vs_fp1,long_run_pace_sec_improvement_fp2_vs_fp1,long_run_pace_sec_improvement_fp3_vs_fp2,long_run_pace_sec_improvement_fp3_vs_fp1,session_rank_improvement_fp2_vs_fp1,session_rank_improvement_fp3_vs_fp2,session_rank_improvement_fp3_vs_fp1,practice_best_lap_mean,practice_avg_lap_mean,practice_long_run_pace_mean,practice_session_rank_mean,practice_best_lap_mean_prev_n,practice_avg_lap_mean_prev_n,practice_long_run_pace_mean_prev_n,practice_session_rank_mean_prev_n
2024,1,ALB,Williams,15.0,0.0,Lapped,0,1,0.0,0.0,5.0,0.0,,,Bahrain Grand Prix,0.0,17.5,15.0,0,0,2,2,0.0,,,,,,,,,,,1.0,,Bahrain Grand Prix,93.583,,,113.40058333333333,,,112.056,,,19.904412284717175,,,13.0,,,,91.333,,,102.729125,,,98.18344444444443,,,0.7542874304784435,,,11.0,,,,91.965,,,113.96971428571429,,,120.55325,,,32.911651091723336,,,15.0,34.21585365853659,,,31.9,,,36.0,,,19.373170731707315,,,19.0,,,19.8,,,38.74390243902439,,,36.0,,,41.0,,,1016.1012195121951,,,1015.9,,,1016.3,,,0.0,,,False,,,False,,,3.3780487804878048,,,2.1,,,4.7,,,66.45121951219512,,,35.0,,,109.0,,,,22.098780487804877,,,21.1,,,23.4,,,17.24756097560976,,,17.1,,,17.4,,,39.02439024390244,,,34.0,,,46.0,,,1017.2317073170732,,,1017.0,,,1017.6,,,0.0,,,False,,,False,,,2.2817073170731708,,,1.2,,,3.5,,,82.76829268292683,,,41.0,,,134.0,,,,32.01341463414634,,,29.2,,,35.2,,,20.259756097560977,,,19.9,,,20.6,,,35.71951219512195,,,30.0,,,41.0,,,1017.720731707317,,,1017.4,,,1018.0,,,0.0,,,False,,,False,,,2.778048780487805,,,1.6,,,4.0,,,54.5,,,28.0,,,85.0,0.0,0.0,0.0,0.0,,,,,,,,,,,,,92.29366666666665,110.03314087301588,110.26423148148147,13.0,,,,
2024,2,ALB,Williams,11.0,0.0,Finished,0,0,0.0,0.0,3.0,0.0,5.0,0.0,Saudi Arabian Grand Prix,0.0,12.5,11.0,0,0,2,2,0.0,17.5,0.0,0.0,1.0,17.5,0.0,0.0,,,,6.0,9.0,Saudi Arabian Grand Prix,90.747,,,107.57605263157895,,,99.27828571428572,,,10.108110616633322,,,10.0,,,,89.789,,,99.62774999999999,,,98.48561538461539,,,12.133299582405861,,,14.0,,,,89.808,,,111.2944285714286,,,113.48025,,,26.75605061009566,,,17.0,39.70125,,,38.2,,,41.9,,,26.754999999999995,,,26.4,,,27.1,,,57.575,,,53.0,,,61.0,,,1012.2375,,,1012.0,,,1012.5,,,0.0,,,False,,,False,,,4.80625,,,3.2,,,6.8,,,24.6125,,,1.0,,,41.0,,,,30.59677419354838,,,29.2,,,31.5,,,25.370967741935488,,,25.2,,,25.6,,,59.784946236559136,,,58.0,,,63.0,,,1013.7204301075269,,,1013.2,,,1014.1,,,0.0,,,False,,,False,,,2.4010752688172046,,,0.6,,,4.1,,,92.86021505376344,,,0.0,,,360.0,,,,39.558536585365864,,,37.3,,,43.5,,,25.98414634146341,,,25.6,,,26.3,,,60.34146341463415,,,57.0,,,63.0,,,1012.940243902439,,,1012.7,,,1013.4,,,0.0,,,False,,,False,,,4.16219512195122,,,2.1,,,5.8,,,23.451219512195124,,,0.0,,,54.0,0.0,0.0,0.0,0.0,,,,,,,,,,,,,90.11466666666666,106.16607706766918,103.74805036630038,13.666666666666666,92.29366666666665,110.03314087301588,110.26423148148147,13.0
2024,3,ALB,Williams,11.0,0.0,Lapped,0,1,,,,,4.0,0.0,Australian Grand Prix,0.0,11.0,11.0,0,0,1,1,0.0,15.0,0.0,0.0,1.0,15.0,0.0,0.0,,,,7.0,8.0,Australian Grand Prix,79.443,,,95.60814285714285,,,95.60814285714285,,,19.059541769837768,,,12.0,,,,,,,,,,,,,,,,,,,,77.759,,,95.78693333333332,,,91.252625,,,16.10609833871719,,,13.0,33.70987654320987,,,29.9,,,36.8,,,18.469135802469136,,,18.0,,,19.0,,,61.01234567901235,,,55.0,,,64.0,,,1023.5641975308641,,,1023.2,,,1023.9,,,0.0,,,False,,,False,,,1.262962962962963,,,0.5,,,2.7,,,142.54320987654322,,,0.0,,,342.0,,,,36.15731707317073,,,34.0,,,38.3,,,20.157317073170734,,,20.0,,,20.4,,,56.926829268292686,,,55.0,,,58.0,,,1022.0512195121953,,,1021.8,,,1022.2,,,0.0,,,False,,,False,,,1.803658536585366,,,0.7,,,3.0,,,147.47560975609755,,,0.0,,,354.0,,,,27.669135802469132,,,25.2,,,31.0,,,18.27283950617284,,,17.9,,,18.8,,,59.39506172839506,,,56.0,,,62.0,,,1025.324691358025,,,1025.0,,,1025.6,,,0.0,,,False,,,False,,,1.4333333333333333,,,0.5,,,2.8,,,133.25925925925927,,,0.0,,,346.0,0.0,0.0,0.0,0.0,,,,,,,,,,,,,78.601,95.69753809523809,93.43038392857142,12.5,91.20416666666665,108.09960897034253,107.00614092389092,13.333333333333332
2024,4,ALB,Williams,20.0,0.0,Retired,0,1,0.0,0.0,-3.0,0.0,4.0,0.0,Japanese Grand Prix,0.0,18.5,17.0,0,1,1,2,0.0,13.666666666666666,0.0,0.0,1.0,13.666666666666666,0.0,0.0,,,,8.0,8.0,Japanese Grand Prix,91.943,,,109.80342857142857,,,107.86733333333332,,,27.291286967333242,,,12.0,,,,123.821,,,123.821,,,123.821,,,,,,12.0,,,,90.533,,,103.88346153846153,,,95.411,,,0.34026901122494024,,,11.0,24.296249999999997,,,22.9,,,25.8,,,16.566250000000004,,,15.4,,,17.2,,,42.6875,,,35.0,,,53.0,,,1013.31125,,,1012.9,,,1013.6,,,0.0,,,False,,,False,,,1.3625,,,0.4,,,3.0,,,178.175,,,10.0,,,359.0,,,,16.752325581395347,,,16.2,,,18.1,,,13.02093023255814,,,12.5,,,14.1,,,72.95348837209302,,,60.0,,,80.0,,,1013.4674418604648,,,1013.3,,,1013.7,,,0.20930232558139536,,,False,,,True,,,1.0046511627906978,,,0.0,,,1.9,,,157.5,,,0.0,,,218.0,,,,26.660759493670884,,,24.2,,,29.6,,,17.38227848101266,,,16.7,,,17.9,,,66.10126582278481,,,62.0,,,69.0,,,1015.8417721518989,,,1015.0,,,1016.5,,,0.0,,,False,,,False,,,1.3746835443037975,,,0.4,,,2.5,,,171.72151898734177,,,0.0,,,358.0,0.0,0.0,0.0,0.0,,,,,,,,,,,,,102.099,112.50263003663002,109.03311111111111,11.666666666666666,87.0031111111111,103.96558534530772,102.48088859211775,13.055555555555555
2024,5,ALB,Williams,12.0,0.0,Finished,0,0,0.0,0.0,5.0,0.0,1.6666666666666667,0.0,Chinese Grand Prix,0.0,14.5,12.0,0,0,2,2,0.0,14.875,0.0,0.25,0.75,14.875,0.0,0.25,,,,8.0,8.0,Chinese Grand Prix,97.229,,,109.82399999999998,,,102.94833333333332,,,0.38734618452576025,,,8.0,,,,,,,,,,,,,,,,,,,,,,,,,,,,,,,,,39.46829268292684,,,38.2,,,42.1,,,23.142682926829266,,,22.3,,,23.8,,,22.865853658536587,,,21.0,,,25.0,,,1009.3329268292683,,,1008.5,,,1010.1,,,0.0,,,False,,,False,,,1.3536585365853657,,,0.0,,,3.2,,,146.96341463414635,,,0.0,,,356.0,,,,,,,,,,,,,,,,,,,,,,,,,,,,,,,,,,,,,,,,,,,,,,,,,,,,,,,,,,,,,,,,,,,,,,,,,,,,,,,,,,,,,,,,,,,,,,,,,,,,,,,,,,,,,,,,,,,,,,,,,,,,,,,,,1.0,0.0,0.0,0.0,,,,,,,,,,,,,97.229,109.82399999999998,102.94833333333332,8.0,90.77708333333334,106.09984651813829,104.11894422186609,12.708333333333332
2024,6,ALB,Williams,18.0,0.0,Finished,0,0,0.0,0.0,2.0,0.0,2.5,0.0,Miami Grand Prix,0.0,19.0,18.0,0,1,1,2,0.0,14.8,0.0,0.2,0.8,14.8,0.0,0.2,,,,8.0,8.0,Miami Grand Prix,89.393,,,103.8976875,,,92.741,,,1.4001298511209597,,,14.0,,,,,,,,,,,,,,,,,,,,,,,,,,,,,,,,,49.958441558441564,,,43.4,,,54.9,,,28.780519480519484,,,28.3,,,29.3,,,56.27272727272727,,,53.0,,,59.0,,,1015.31038961039,,,1015.0,,,1015.6,,,0.0,,,False,,,False,,,3.0090909090909084,,,1.3,,,4.7,,,160.14285714285714,,,99.0,,,197.0,,,,,,,,,,,,,,,,,,,,,,,,,,,,,,,,,,,,,,,,,,,,,,,,,,,,,,,,,,,,,,,,,,,,,,,,,,,,,,,,,,,,,,,,,,,,,,,,,,,,,,,,,,,,,,,,,,,,,,,,,,,,,,,,,1.0,0.0,0.0,0.0,,,,,,,,,,,,,89.393,103.8976875,92.741,14.0,92.06746666666666,106.84467721451063,103.88482204415955,11.766666666666666
2024,7,ALB,Williams,20.0,0.0,Retired,0,1,0.0,0.0,-3.0,0.0,2.4,0.0,Emilia Romagna Grand Prix,0.0,18.5,17.0,0,1,1,2,0.0,15.5,0.0,0.3333333333333333,0.6666666666666667,15.5,0.0,0.3333333333333333,,,,9.0,9.0,Emilia Romagna Grand Prix,80.05,,,99.043,,,99.043,,,21.7232099991384,,,18.0,,,,77.135,,,90.60035294117647,,,87.9713,,,18.6818084721177,,,18.0,,,,76.47,,,87.2762,,,102.7165,,,35.364531447482804,,,7.0,43.45443037974684,,,42.6,,,44.5,,,23.972151898734175,,,23.3,,,24.6,,,32.53164556962025,,,30.0,,,35.0,,,1006.8518987341771,,,1006.6,,,1007.1,,,0.0,,,False,,,False,,,3.951898734177215,,,2.3,,,5.3,,,301.0506329113924,,,239.0,,,338.0,,,,36.84230769230769,,,35.1,,,39.0,,,24.379487179487178,,,24.0,,,24.7,,,33.94871794871795,,,29.0,,,36.0,,,1006.4525641025638,,,1006.2,,,1006.7,,,0.0,,,False,,,False,,,2.5230769230769234,,,0.5,,,4.6,,,284.1923076923077,,,2.0,,,350.0,,,,44.48076923076923,,,42.4,,,45.9,,,23.603846153846156,,,23.0,,,24.3,,,41.32051282051282,,,39.0,,,44.0,,,1009.2435897435897,,,1008.9,,,1009.5,,,0.0,,,False,,,False,,,1.9025641025641027,,,0.7,,,3.8,,,137.17948717948718,,,0.0,,,354.0,0.0,0.0,0.0,0.0,,,,,,,,,,,,,77.885,92.30651764705884,96.57693333333333,14.333333333333334,91.62172222222222,106.3535122620922,102.02751837013295,12.138888888888888
2024,8,ALB,Williams,9.0,2.0,Lapped,0,1,0.0,0.0,6.0,2.0,1.5,0.0,Monaco Grand Prix,2.0,12.0,9.0,0,0,2,2,0.0,15.928571428571429,0.0,0.4285714285714285,0.5714285714285714,15.928571428571429,0.0,0.4285714285714285,,,,9.0,9.0,Monaco Grand Prix,73.425,,,82.76857142857143,,,81.12566666666667,,,7.653503978669846,,,15.0,,,,72.257,,,84.15973333333335,,,80.80246153846154,,,15.085279555554512,,,9.0,,,,72.18,,,89.78625,,,88.09466666666667,,,16.355287111512293,,,12.0,35.56103896103896,,,32.5,,,38.6,,,20.71688311688312,,,19.9,,,21.5,,,66.72727272727273,,,61.0,,,72.0,,,1018.2766233766234,,,1017.7,,,1018.7,,,0.09090909090909091,,,False,,,True,,,0.7467532467532466,,,0.0,,,1.5,,,156.16883116883116,,,0.0,,,359.0,,,,31.30246913580247,,,29.9,,,32.5,,,20.76172839506173,,,20.2,,,21.3,,,66.44444444444444,,,63.0,,,70.0,,,1017.1432098765433,,,1016.8,,,1017.5,,,0.0,,,False,,,False,,,0.7901234567901234,,,0.0,,,1.7,,,144.09876543209876,,,0.0,,,348.0,,,,46.86202531645569,,,45.0,,,48.5,,,21.67468354430379,,,21.3,,,22.0,,,57.40506329113924,,,55.0,,,61.0,,,1017.5379746835443,,,1017.4,,,1017.7,,,0.0,,,False,,,False,,,0.8240506329113924,,,0.0,,,1.6,,,190.30379746835442,,,0.0,,,359.0,0.0,0.0,0.0,0.0,,,,,,,,,,,,,72.62066666666668,85.57151825396825,83.34093162393162,12.0,89.65933333333332,104.34679874565884,101.24886336487586,12.452380952380953
2024,9,ALB,Williams,17.0,0.0,Retired,0,1,0.0,0.0,3.0,0.0,2.142857142857143,0.2857142857142857,Canadian Grand Prix,0.0,18.5,17.0,0,2,0,2,2.0,15.4375,0.25,0.375,0.625,15.4375,0.25,0.375,,,,8.0,9.0,Canadian Grand Prix,,,,,,,,,,,,,,,,,76.977,,,89.291875,,,83.05888888888889,,,6.849963055455925,,,9.0,,,,73.88,,,85.29242857142856,,,84.3875,,,9.138612508002982,,,18.0,28.68205128205127,,,25.5,,,32.2,,,18.237179487179485,,,17.2,,,19.3,,,83.57692307692308,,,77.0,,,89.0,,,998.6589743589747,,,998.2,,,999.5,,,0.1794871794871795,,,False,,,True,,,1.2474358974358977,,,0.0,,,2.8,,,226.64102564102564,,,0.0,,,355.0,,,,25.546249999999997,,,23.8,,,27.1,,,18.99625,,,18.1,,,19.6,,,68.5,,,64.0,,,72.0,,,999.23375,,,998.8,,,999.7,,,0.8875,,,False,,,True,,,1.2925,,,0.3,,,2.9,,,151.95,,,0.0,,,337.0,,,,36.4,,,32.2,,,39.1,,,20.854320987654322,,,19.9,,,21.6,,,61.925925925925924,,,59.0,,,64.0,,,1000.5185185185185,,,1000.2,,,1000.8,,,0.0,,,False,,,False,,,1.6790123456790123,,,0.8,,,2.9,,,157.17283950617283,,,0.0,,,348.0,0.0,0.0,0.0,0.0,,,,,,,,,,,,,75.4285,87.29215178571428,83.72319444444445,13.5,87.5295,101.99988868419753,99.01037189725783,12.395833333333334
2024,10,ALB,Williams,18.0,0.0,Lapped,0,1,0.0,0.0,2.0,0.0,2.25,0.25,Spanish Grand Prix,0.0,19.0,18.0,0,0,2,2,2.0,15.77777777777778,0.2222222222222222,0.5555555555555556,0.4444444444444444,15.77777777777778,0.2222222222222222,0.5555555555555556,,,,9.0,10.0,Spanish Grand Prix,75.417,,,88.74653333333332,,,81.095,,,0.27450015179109294,,,10.0,,,,74.807,,,86.94537500000001,,,85.33235714285715,,,13.025180640159709,,,19.0,,,,73.753,,,83.6985,,,73.753,,,,,,8.0,47.092592592592595,,,45.3,,,48.0,,,28.16543209876543,,,27.5,,,28.5,,,33.666666666666664,,,29.0,,,38.0,,,1004.3987654320988,,,1004.1,,,1004.6,,,0.0,,,False,,,False,,,2.0950617283950614,,,0.0,,,3.5,,,214.14814814814815,,,0.0,,,276.0,,,,43.05185185185185,,,41.2,,,44.2,,,24.86543209876543,,,24.5,,,25.6,,,49.901234567901234,,,45.0,,,56.0,,,1004.495061728395,,,1004.3,,,1004.7,,,0.0,,,False,,,False,,,1.8407407407407406,,,0.8,,,2.9,,,205.08641975308643,,,0.0,,,340.0,,,,43.355000000000004,,,38.9,,,46.3,,,26.441250000000004,,,26.0,,,26.9,,,57.7125,,,47.0,,,62.0,,,1004.5975000000001,,,1004.3,,,1005.0,,,0.0,,,False,,,False,,,1.6612500000000001,,,0.4,,,2.7,,,218.975,,,0.0,,,355.0,0.0,0.0,0.0,0.0,,,,,,,,,,,,,74.65899999999999,86.46346944444444,80.06011904761904,12.333333333333334,86.18494444444444,100.36569569547717,97.31179662472302,12.518518518518519
2024,11,ALB,Williams,15.0,0.0,Lapped,0,1,0.0,0.0,4.0,0.0,2.2222222222222223,0.2222222222222222,Austrian Grand Prix,0.0,17.0,15.0,0,0,2,2,2.0,16.1,0.2,0.5,0.5,16.1,0.2,0.5,,,,9.0,10.0,Austrian Grand Prix,66.995,,,85.6566875,,,92.67585714285714,,,24.388514287320927,,,18.0,,,,,,,,,,,,,,,,,,,,,,,,,,,,,,,,,36.88354430379747,,,30.7,,,42.5,,,23.24430379746836,,,21.9,,,24.5,,,59.54430379746835,,,56.0,,,64.0,,,940.7518987341775,,,940.5,,,940.9,,,0.0,,,False,,,False,,,2.6,,,0.7,,,4.0,,,104.36708860759494,,,0.0,,,142.0,,,,,,,,,,,,,,,,,,,,,,,,,,,,,,,,,,,,,,,,,,,,,,,,,,,,,,,,,,,,,,,,,,,,,,,,,,,,,,,,,,,,,,,,,,,,,,,,,,,,,,,,,,,,,,,,,,,,,,,,,,,,,,,,,1.0,0.0,0.0,0.0,,,,,,,,,,,,,66.995,85.6566875,92.67585714285714,18.0,85.03235,98.9754730703739,95.5866288670126,12.5
2024,12,ALB,Williams,9.0,2.0,Finished,0,0,0.0,0.0,2.0,2.0,2.4,0.2,British Grand Prix,2.0,10.0,9.0,0,0,2,2,2.0,16.181818181818183,0.1818181818181818,0.4545454545454545,0.5454545454545454,16.181818181818183,0.1818181818181818,0.4545454545454545,,,,9.0,10.0,British Grand Prix,88.649,,,100.69716666666667,,,101.70854545454544,,,18.129726966303913,,,16.0,,,,87.645,,,98.90572222222221,,,93.2579090909091,,,1.4814955588556737,,,13.0,,,,99.603,,,105.69488235294118,,,105.51776923076923,,,6.843392508518054,,,11.0,24.554320987654318,,,21.2,,,28.1,,,16.386419753086418,,,15.6,,,17.2,,,75.61728395061728,,,72.0,,,81.0,,,989.422222222222,,,989.2,,,989.6,,,0.0,,,False,,,False,,,1.3691358024691358,,,0.3,,,3.2,,,213.44444444444446,,,0.0,,,353.0,,,,29.296296296296298,,,25.0,,,32.7,,,18.319753086419755,,,17.5,,,18.9,,,67.5679012345679,,,61.0,,,74.0,,,987.8740740740741,,,987.4,,,988.5,,,0.1728395061728395,,,False,,,True,,,1.7185185185185183,,,0.5,,,2.9,,,223.8148148148148,,,0.0,,,289.0,,,,16.291463414634144,,,15.7,,,17.7,,,11.173170731707318,,,10.7,,,11.6,,,89.42682926829268,,,87.0,,,92.0,,,984.439024390244,,,983.7,,,985.1,,,0.6585365853658537,,,False,,,True,,,2.296341463414634,,,1.0,,,4.2,,,233.8170731707317,,,0.0,,,277.0,0.0,0.0,0.0,0.0,,,,,,,,,,,,,91.96566666666666,101.76592374727669,100.16140792540791,13.333333333333334,83.39259090909091,97.76467438215809,95.32201325572576,13.0
2024,13,ALB,Williams,14.0,0.0,Lapped,0,1,0.0,0.0,3.0,0.0,2.363636363636364,0.3636363636363636,Hungarian Grand Prix,0.0,15.5,14.0,0,0,2,2,4.0,15.666666666666666,0.3333333333333333,0.4166666666666667,0.5833333333333333,15.666666666666666,0.3333333333333333,0.4166666666666667,,,,9.0,10.0,Hungarian Grand Prix,79.794,,,89.96741666666668,,,93.09371428571428,,,19.208694678142383,,,14.0,,,,78.514,,,86.43085714285715,,,88.43954545454545,,,12.617617266058092,,,9.0,,,,76.661,,,86.7674,,,76.661,,,,,,7.0,58.49878048780489,,,56.9,,,60.6,,,31.00487804878049,,,30.4,,,31.8,,,38.0,,,34.0,,,40.0,,,990.5731707317075,,,990.1,,,991.0,,,0.0,,,False,,,False,,,1.2621951219512195,,,0.3,,,3.8,,,207.78048780487805,,,0.0,,,345.0,,,,45.81975308641975,,,41.5,,,49.8,,,31.196296296296293,,,30.5,,,31.9,,,37.17283950617284,,,35.0,,,40.0,,,988.1012345679012,,,987.7,,,988.6,,,0.0,,,False,,,False,,,1.008641975308642,,,0.0,,,2.5,,,162.4320987654321,,,0.0,,,284.0,,,,39.0575,,,36.9,,,41.3,,,26.839999999999996,,,26.6,,,27.1,,,42.9375,,,42.0,,,44.0,,,984.8787500000001,,,984.6,,,985.2,,,0.0,,,False,,,False,,,0.92875,,,0.0,,,1.9,,,218.125,,,0.0,,,338.0,0.0,0.0,0.0,0.0,,,,,,,,,,,,,78.323,87.72189126984127,86.06475324675324,10.0,84.10701388888889,98.09811182925131,95.72529614486594,13.027777777777779
2024,14,ALB,Williams,12.0,0.0,Finished,0,0,0.0,0.0,5.0,0.0,2.4166666666666665,0.3333333333333333,Belgian Grand Prix,0.0,14.5,12.0,0,0,2,2,4.0,15.653846153846152,0.3076923076923077,0.3846153846153846,0.6153846153846154,15.653846153846152,0.3076923076923077,0.3846153846153846,,,,9.0,9.0,Belgian Grand Prix,104.099,,,111.03608333333334,,,113.707,,,10.536060689704804,,,3.0,,,,103.892,,,108.86623076923077,,,110.47188888888888,,,1.0510360893476094,,,17.0,,,,127.443,,,127.443,,,127.443,,,,,,11.0,38.3867469879518,,,35.2,,,40.9,,,22.012048192771083,,,21.4,,,22.5,,,60.855421686746986,,,58.0,,,65.0,,,964.7867469879518,,,964.5,,,965.0,,,0.012048192771084338,,,False,,,True,,,1.5518072289156624,,,0.0,,,4.0,,,156.0120481927711,,,0.0,,,359.0,,,,35.19024390243902,,,33.3,,,36.9,,,21.78170731707317,,,21.2,,,22.2,,,64.3048780487805,,,62.0,,,67.0,,,965.0170731707318,,,964.8,,,965.2,,,0.0,,,False,,,False,,,1.2378048780487805,,,0.4,,,2.7,,,134.90243902439025,,,0.0,,,358.0,,,,21.782926829268295,,,21.2,,,22.9,,,18.108536585365854,,,17.8,,,18.7,,,92.91463414634147,,,89.0,,,96.0,,,965.8914634146339,,,965.7,,,966.0,,,0.8902439024390244,,,False,,,True,,,1.423170731707317,,,0.5,,,2.4,,,156.6829268292683,,,102.0,,,244.0,0.0,0.0,0.0,0.0,,,,,,,,,,,,,111.81133333333332,115.78177136752136,117.20729629629629,10.333333333333334,83.66208974358975,97.299941016989,94.98217746039572,12.794871794871796
2024,15,ALB,Williams,14.0,0.0,Lapped,0,1,0.0,0.0,2.0,0.0,2.6153846153846154,0.3076923076923077,Dutch Grand Prix,0.0,15.0,14.0,0,0,2,2,4.0,15.571428571428571,0.2857142857142857,0.3571428571428571,0.6428571428571428,15.571428571428571,0.2857142857142857,0.3571428571428571,,,,9.0,9.0,Dutch Grand Prix,73.159,,,93.335125,,,94.837,,,26.3112258297987,,,6.0,,,,71.55,,,81.0138695652174,,,79.41906666666667,,,11.759643893215397,,,10.0,,,,84.007,,,84.007,,,84.007,,,,,,14.0,21.725925925925925,,,20.3,,,23.8,,,20.233333333333334,,,19.4,,,21.3,,,83.87654320987654,,,75.0,,,92.0,,,1003.335802469136,,,1002.6,,,1004.1,,,0.14814814814814814,,,False,,,True,,,7.109876543209876,,,4.7,,,9.6,,,223.8395061728395,,,204.0,,,242.0,,,,31.169620253164563,,,29.8,,,31.9,,,21.37721518987342,,,21.1,,,21.6,,,62.51898734177215,,,60.0,,,65.0,,,1006.8721518987339,,,1006.2,,,1007.4,,,0.0,,,False,,,False,,,5.472151898734178,,,4.3,,,7.0,,,207.31645569620252,,,187.0,,,230.0,,,,21.572151898734177,,,19.3,,,25.1,,,19.350632911392406,,,17.5,,,21.4,,,94.20253164556962,,,88.0,,,96.0,,,1004.4113924050635,,,1004.0,,,1004.7,,,0.21518987341772153,,,False,,,True,,,1.9759493670886072,,,0.0,,,3.5,,,209.34177215189874,,,0.0,,,244.0,0.0,0.0,0.0,0.0,,,,,,,,,,,,,76.23866666666667,86.11866485507248,86.08768888888888,10.0,85.67275,98.62007175631274,96.56968594867433,12.619047619047619
2024,16,ALB,Williams,9.0,2.0,Finished,0,0,0.0,0.0,3.0,2.0,2.571428571428572,0.2857142857142857,Italian Grand Prix,2.0,10.5,9.0,0,0,2,2,4.0,15.533333333333331,0.2666666666666666,0.3333333333333333,0.6666666666666667,15.533333333333331,0.2666666666666666,0.3333333333333333,,,,9.0,9.0,Italian Grand Prix,82.22,,,90.34892857142857,,,90.72722222222222,,,12.836277183998659,,,8.0,,,,81.592,,,88.30012500000001,,,88.58836363636364,,,8.41187485965795,,,13.0,,,,80.596,,,88.5566,,,80.596,,,,,,8.0,50.81358024691359,,,48.7,,,52.1,,,32.7641975308642,,,32.2,,,33.4,,,38.135802469135804,,,36.0,,,40.0,,,996.3456790123457,,,995.9,,,996.7,,,0.0,,,False,,,False,,,1.0333333333333334,,,0.0,,,2.1,,,192.23456790123456,,,0.0,,,357.0,,,,44.350632911392395,,,41.6,,,48.0,,,34.029113924050634,,,33.7,,,34.4,,,32.177215189873415,,,31.0,,,34.0,,,994.7316455696205,,,994.5,,,995.0,,,0.0,,,False,,,False,,,1.092405063291139,,,0.0,,,2.9,,,213.26582278481013,,,0.0,,,357.0,,,,46.333333333333336,,,43.3,,,48.5,,,31.627160493827162,,,30.9,,,32.4,,,41.7037037037037,,,35.0,,,46.0,,,997.4049382716049,,,997.2,,,997.6,,,0.0,,,False,,,False,,,1.1246913580246913,,,0.0,,,2.3,,,206.4814814814815,,,0.0,,,351.0,0.0,0.0,0.0,0.0,,,,,,,,,,,,,81.46933333333334,89.06855119047619,86.63719528619528,9.666666666666666,85.04381111111111,97.78664462956338,95.87088614468864,12.444444444444445
2024,17,ALB,Williams,7.0,6.0,Finished,0,0,4.0,0.0,1.0,2.0,2.4285714285714284,0.4285714285714285,Azerbaijan Grand Prix,10.0,7.5,7.0,0,0,2,2,6.0,15.21875,0.375,0.3125,0.6875,15.066666666666666,0.4,0.3333333333333333,,,,9.0,9.0,Azerbaijan Grand Prix,107.955,,,119.33666666666666,,,118.03266666666667,,,14.554645730258542,,,17.0,,,,104.737,,,115.28773333333332,,,110.90222222222222,,,2.118775281723958,,,13.0,,,,103.194,,,113.561,,,123.125,,,28.18669051165817,,,8.0,43.68478260869565,,,39.8,,,46.2,,,29.195652173913032,,,28.0,,,30.6,,,39.09782608695652,,,26.0,,,50.0,,,1015.1771739130434,,,1014.9,,,1015.6,,,0.0,,,False,,,False,,,1.6956521739130432,,,0.5,,,3.5,,,119.3695652173913,,,0.0,,,353.0,,,,36.34878048780487,,,32.9,,,41.2,,,28.52926829268293,,,27.5,,,29.2,,,33.09756097560975,,,27.0,,,47.0,,,1015.0731707317074,,,1014.8,,,1015.3,,,0.0,,,False,,,False,,,1.224390243902439,,,0.0,,,2.6,,,115.8170731707317,,,0.0,,,358.0,,,,31.889024390243897,,,31.0,,,33.1,,,26.991463414634143,,,26.7,,,27.3,,,39.40243902439025,,,35.0,,,44.0,,,1016.6475609756096,,,1016.3,,,1016.9,,,0.35365853658536583,,,False,,,True,,,0.7658536585365854,,,0.0,,,1.7,,,125.02439024390245,,,0.0,,,357.0,0.0,0.0,0.0,0.0,,,,,,,,,,,,,105.29533333333335,116.06179999999999,117.3532962962963,12.666666666666666,84.32218888888889,96.38900531739408,94.29575039833622,12.222222222222223
2024,18,ALB,Williams,20.0,0.0,Retired,0,1,0.0,0.0,-9.0,0.0,2.2857142857142856,0.5714285714285714,Singapore Grand Prix,0.0,15.5,11.0,0,1,1,2,16.0,14.764705882352942,0.9411764705882352,0.2941176470588235,0.7058823529411764,14.733333333333333,1.0666666666666669,0.3333333333333333,,,,8.0,9.0,Singapore Grand Prix,92.451,,,104.5054375,,,103.35024999999999,,,14.845594235809008,,,8.0,,,,91.65,,,99.65671428571429,,,98.4425,,,1.3483924820742255,,,9.0,,,,90.949,,,98.33250000000001,,,90.949,,,,,,8.0,37.114999999999995,,,35.6,,,38.8,,,31.35,,,31.2,,,31.5,,,64.4375,,,63.0,,,67.0,,,1005.6075000000001,,,1005.3,,,1005.9,,,0.0,,,False,,,False,,,2.44875,,,1.2,,,3.4,,,187.9,,,177.0,,,214.0,,,,32.95000000000001,,,32.3,,,33.6,,,30.181707317073165,,,30.0,,,30.3,,,73.98780487804878,,,73.0,,,75.0,,,1008.1158536585366,,,1007.8,,,1008.6,,,0.0,,,False,,,False,,,1.6597560975609755,,,1.1,,,2.4,,,203.09756097560975,,,171.0,,,222.0,,,,37.0670731707317,,,34.9,,,38.6,,,30.06219512195122,,,29.9,,,30.2,,,75.13414634146342,,,74.0,,,77.0,,,1006.7951219512195,,,1006.6,,,1007.0,,,0.0,,,False,,,False,,,0.4817073170731707,,,0.0,,,1.5,,,199.15853658536585,,,0.0,,,323.0,0.0,0.0,0.0,0.0,,,,,,,,,,,,,91.68333333333334,100.83155059523808,97.58058333333332,8.333333333333334,85.33423333333333,97.04872017954946,95.20276679366928,12.155555555555557
2024,19,ALB,Williams,16.0,0.0,Lapped,0,1,1.0,0.0,-6.0,-1.0,1.5333333333333334,0.5333333333333333,United States Grand Prix,1.0,13.0,10.0,0,0,2,2,16.0,14.805555555555555,0.8888888888888888,0.3333333333333333,0.6666666666666667,15.033333333333331,1.0666666666666669,0.4,,,,8.0,9.0,United States Grand Prix,94.618,,,114.4970588235294,,,120.215375,,,18.688658645877798,,,14.0,,,,,,,,,,,,,,,,,,,,,,,,,,,,,,,,,36.703703703703695,,,33.9,,,38.7,,,25.27777777777778,,,23.5,,,26.4,,,52.24691358024691,,,47.0,,,56.0,,,1004.1839506172839,,,1003.5,,,1005.0,,,0.0,,,False,,,False,,,3.34074074074074,,,1.4,,,5.4,,,158.8641975308642,,,128.0,,,186.0,,,,,,,,,,,,,,,,,,,,,,,,,,,,,,,,,,,,,,,,,,,,,,,,,,,,,,,,,,,,,,,,,,,,,,,,,,,,,,,,,,,,,,,,,,,,,,,,,,,,,,,,,,,,,,,,,,,,,,,,,,,,,,,,,1.0,0.0,0.0,0.0,,,,,,,,,,,,,94.618,114.4970588235294,120.215375,14.0,86.20638888888888,97.39098767954945,95.47944675398675,11.877777777777778
2024,20,ALB,Williams,19.0,0.0,Retired,0,1,0.0,0.0,-7.0,0.0,1.3333333333333333,0.4666666666666667,Mexico City Grand Prix,0.0,15.5,12.0,0,1,1,2,17.0,14.710526315789474,0.8947368421052632,0.3157894736842105,0.6842105263157895,14.666666666666666,1.1333333333333333,0.3333333333333333,,,,8.0,9.0,Mexico City Grand Prix,79.812,,,101.1888,,,101.18879999999999,,,21.226957523394624,,,17.0,,,,,,,,,,,,,,,,,,,,77.511,,,96.35929999999999,,,100.83614285714285,,,23.055168657147657,,,11.0,45.61772151898734,,,42.1,,,48.6,,,19.534177215189874,,,17.6,,,21.1,,,45.139240506329116,,,34.0,,,57.0,,,784.5962025316454,,,784.0,,,785.2,,,0.0,,,False,,,False,,,1.6050632911392404,,,0.6,,,3.9,,,208.873417721519,,,0.0,,,344.0,,,,37.789908256880736,,,31.3,,,42.9,,,22.755963302752296,,,22.1,,,23.0,,,27.513761467889907,,,19.0,,,34.0,,,783.3422018348625,,,783.2,,,783.6,,,0.0,,,False,,,False,,,1.4238532110091744,,,0.0,,,3.1,,,255.9724770642202,,,0.0,,,358.0,,,,32.757831325301204,,,29.0,,,38.0,,,18.249397590361443,,,16.9,,,19.7,,,53.855421686746986,,,50.0,,,59.0,,,787.2807228915663,,,786.6,,,787.9,,,0.0,,,False,,,False,,,1.5783132530120483,,,0.0,,,3.8,,,265.90361445783134,,,0.0,,,357.0,0.0,0.0,0.0,0.0,,,,,,,,,,,,,78.66149999999999,98.77404999999999,101.01247142857142,14.0,85.70765555555555,97.52394959867608,96.224931013246,12.033333333333333
2024,21,ALB,Williams,18.0,0.0,Did not start,0,1,0.0,0.0,-1.0,0.0,0.5333333333333333,0.4666666666666667,São Paulo Grand Prix,0.0,17.5,17.0,0,2,0,2,17.0,14.75,0.85,0.35,0.65,14.733333333333333,1.1333333333333333,0.4,,,,8.0,9.0,São Paulo Grand Prix,70.955,,,83.104,,,74.77514285714285,,,0.32082883732162054,,,5.0,,,,,,,,,,,,,,,,,,,,,,,,,,,,,,,,,54.140243902439025,,,49.7,,,57.5,,,26.103658536585368,,,25.7,,,26.4,,,54.9390243902439,,,48.0,,,59.0,,,928.0024390243904,,,927.6,,,928.4,,,0.0,,,False,,,False,,,1.0865853658536584,,,0.0,,,2.1,,,180.59756097560975,,,0.0,,,350.0,,,,,,,,,,,,,,,,,,,,,,,,,,,,,,,,,,,,,,,,,,,,,,,,,,,,,,,,,,,,,,,,,,,,,,,,,,,,,,,,,,,,,,,,,,,,,,,,,,,,,,,,,,,,,,,,,,,,,,,,,,,,,,,,,1.0,0.0,0.0,0.0,,,,,,,,,,,,,70.955,83.104,74.77514285714285,5.0,84.46982222222222,96.78728626534274,96.09587355292855,12.433333333333334
2024,22,ALB,Williams,19.0,0.0,Retired,0,1,0.0,0.0,-5.0,0.0,0.3333333333333333,0.4666666666666667,Las Vegas Grand Prix,0.0,16.5,14.0,0,1,1,2,17.0,14.88095238095238,0.8095238095238095,0.4285714285714285,0.5714285714285714,14.633333333333333,1.1333333333333333,0.4666666666666667,,,,9.0,9.0,Las Vegas Grand Prix,96.948,,,108.82199999999997,,,111.1905,,,15.18965263482568,,,13.0,,,,99.629,,,99.629,,,99.629,,,,,,20.0,,,,94.407,,,109.274,,,108.112,,,12.855481100811957,,,7.0,15.683132530120483,,,14.9,,,16.5,,,14.065060240963856,,,13.3,,,14.6,,,19.626506024096386,,,17.0,,,22.0,,,947.4734939759037,,,947.2,,,947.7,,,0.0,,,False,,,False,,,0.9951807228915662,,,0.5,,,1.7,,,212.16867469879517,,,146.0,,,242.0,,,,12.870987654320986,,,12.6,,,13.2,,,11.146296296296295,,,10.8,,,11.5,,,24.290123456790123,,,23.0,,,26.0,,,947.783950617284,,,947.6,,,948.0,,,0.0,,,False,,,False,,,0.9117283950617283,,,0.4,,,1.4,,,216.62345679012347,,,184.0,,,260.0,,,,16.830487804878047,,,16.1,,,17.7,,,14.853658536585366,,,14.2,,,15.3,,,18.573170731707318,,,17.0,,,20.0,,,942.1670731707317,,,942.0,,,942.4,,,0.0,,,False,,,False,,,0.6524390243902439,,,0.0,,,1.5,,,178.41463414634146,,,0.0,,,310.0,0.0,0.0,0.0,0.0,,,,,,,,,,,,,96.99466666666666,105.90833333333332,106.3105,13.333333333333334,83.24062222222223,95.40104043200942,94.89814974340473,11.833333333333334
2024,23,ALB,Williams,15.0,0.0,Lapped,0,1,0.0,0.0,4.0,0.0,0.2,0.4666666666666667,Qatar Grand Prix,0.0,17.0,15.0,0,1,1,2,17.0,14.954545454545457,0.7727272727272727,0.4545454545454545,0.5454545454545454,14.5,1.1333333333333333,0.4666666666666667,,,,9.0,9.0,,,,,,,,,,,,,,,,,,,,,,,,,,,,,,,,,,,,,,,,,,,,,,,,,,,,,,,,,,,,,,,,,,,,,,,,,,,,,,,,,,,,,,,,,,,,,,,,,,,,,,,,,,,,,,,,,,,,,,,,,,,,,,,,,,,,,,,,,,,,,,,,,,,,,,,,,,,,,,,,,,,,,,,,,,,,,,,,,,,,,,,,,,,,,,,,,,,,,,,,,,,,,,,,,,,,,,,,,,,,,,,,,,,,,,,,,,,,,,,,,,,,,,,,,,,,,,,,,,,
2024,24,ALB,Williams,11.0,0.0,Lapped,0,1,0.0,0.0,8.0,0.0,0.0666666666666666,0.3333333333333333,Abu Dhabi Grand Prix,0.0,15.0,11.0,0,1,1,2,17.0,15.043478260869565,0.7391304347826086,0.4782608695652174,0.5217391304347826,14.833333333333334,1.0,0.5333333333333333,,,,9.0,9.0,,,,,,,,,,,,,,,,,,,,,,,,,,,,,,,,,,,,,,,,,,,,,,,,,,,,,,,,,,,,,,,,,,,,,,,,,,,,,,,,,,,,,,,,,,,,,,,,,,,,,,,,,,,,,,,,,,,,,,,,,,,,,,,,,,,,,,,,,,,,,,,,,,,,,,,,,,,,,,,,,,,,,,,,,,,,,,,,,,,,,,,,,,,,,,,,,,,,,,,,,,,,,,,,,,,,,,,,,,,,,,,,,,,,,,,,,,,,,,,,,,,,,,,,,,,,,,,,,,,
2025,1,ALB,Williams,5.0,10.0,Finished,0,0,0.0,0.0,13.0,10.0,0.4,0.3333333333333333,Australian Grand Prix,10.0,11.5,5.0,0,1,1,2,0.0,,,,,,,,11.0,0.0,0.0,1.0,,,,,,,,,,,,,,,,,,,,,,,,,,,,,,,,,,,,,,,,,,,,,,,,,,,,,,,,,,,,,,,,,,,,,,,,,,,,,,,,,,,,,,,,,,,,,,,,,,,,,,,,,,,,,,,,,,,,,,,,,,,,,,,,,,,,,,,,,,,,,,,,,,,,,,,,,,,,,,,,,,,,,,,,,,,,,,,,,,,,,,,,,,,,,,,,,,,,,,,,,,,,,,,,,,,,,,,,,,,,,,,,,,,,,,,,,,,,,,,,,,,,,,,,,,,,,,,,,,,,
2025,2,ALB,Williams,7.0,6.0,Finished,0,0,1.0,0.0,3.0,5.0,1.1333333333333333,1.0,Chinese Grand Prix,7.0,8.5,7.0,0,0,2,2,10.0,11.5,10.0,1.0,0.0,11.5,10.0,1.0,14.5,0.0,0.0,4.0,5.0,,,,,,,,,,,,,,,,,,,,,,,,,,,,,,,,,,,,,,,,,,,,,,,,,,,,,,,,,,,,,,,,,,,,,,,,,,,,,,,,,,,,,,,,,,,,,,,,,,,,,,,,,,,,,,,,,,,,,,,,,,,,,,,,,,,,,,,,,,,,,,,,,,,,,,,,,,,,,,,,,,,,,,,,,,,,,,,,,,,,,,,,,,,,,,,,,,,,,,,,,,,,,,,,,,,,,,,,,,,,,,,,,,,,,,,,,,,,,,,,,,,,,,,,,,,,,,,,,,,
2025,3,ALB,Williams,9.0,2.0,Finished,0,0,0.0,0.0,5.0,2.0,1.0666666666666669,1.3333333333333333,Japanese Grand Prix,2.0,11.5,9.0,0,0,2,2,17.0,10.0,8.5,0.5,0.5,10.0,8.5,0.5,18.5,0.0,0.0,4.0,4.0,,,,,,,,,,,,,,,,,,,,,,,,,,,,,,,,,,,,,,,,,,,,,,,,,,,,,,,,,,,,,,,,,,,,,,,,,,,,,,,,,,,,,,,,,,,,,,,,,,,,,,,,,,,,,,,,,,,,,,,,,,,,,,,,,,,,,,,,,,,,,,,,,,,,,,,,,,,,,,,,,,,,,,,,,,,,,,,,,,,,,,,,,,,,,,,,,,,,,,,,,,,,,,,,,,,,,,,,,,,,,,,,,,,,,,,,,,,,,,,,,,,,,,,,,,,,,,,,,,,
2025,4,ALB,Williams,12.0,0.0,Finished,0,0,0.0,0.0,7.0,0.0,1.2666666666666666,1.3333333333333333,Bahrain Grand Prix,0.0,15.5,12.0,0,1,1,2,19.0,10.5,6.333333333333333,0.3333333333333333,0.6666666666666667,10.5,6.333333333333333,0.3333333333333333,17.5,0.0,0.0,5.0,4.0,,,,,,,,,,,,,,,,,,,,,,,,,,,,,,,,,,,,,,,,,,,,,,,,,,,,,,,,,,,,,,,,,,,,,,,,,,,,,,,,,,,,,,,,,,,,,,,,,,,,,,,,,,,,,,,,,,,,,,,,,,,,,,,,,,,,,,,,,,,,,,,,,,,,,,,,,,,,,,,,,,,,,,,,,,,,,,,,,,,,,,,,,,,,,,,,,,,,,,,,,,,,,,,,,,,,,,,,,,,,,,,,,,,,,,,,,,,,,,,,,,,,,,,,,,,,,,,,,,,
2025,5,ALB,Williams,9.0,2.0,Finished,0,0,4.0,0.0,-1.0,-2.0,1.5333333333333334,1.3333333333333333,Saudi Arabian Grand Prix,6.0,8.5,8.0,0,0,2,2,19.0,11.75,4.75,0.5,0.5,11.75,4.75,0.5,12.5,0.0,0.0,6.0,6.0,,,,,,,,,,,,,,,,,,,,,,,,,,,,,,,,,,,,,,,,,,,,,,,,,,,,,,,,,,,,,,,,,,,,,,,,,,,,,,,,,,,,,,,,,,,,,,,,,,,,,,,,,,,,,,,,,,,,,,,,,,,,,,,,,,,,,,,,,,,,,,,,,,,,,,,,,,,,,,,,,,,,,,,,,,,,,,,,,,,,,,,,,,,,,,,,,,,,,,,,,,,,,,,,,,,,,,,,,,,,,,,,,,,,,,,,,,,,,,,,,,,,,,,,,,,,,,,,,,,
2025,6,ALB,Williams,5.0,10.0,Finished,0,0,2.0,0.0,4.0,8.0,1.1333333333333333,1.2,Miami Grand Prix,12.0,7.0,5.0,0,0,2,2,25.0,11.1,5.0,0.4,0.6,11.1,5.0,0.4,19.0,0.0,0.0,5.0,5.0,,,,,,,,,,,,,,,,,,,,,,,,,,,,,,,,,,,,,,,,,,,,,,,,,,,,,,,,,,,,,,,,,,,,,,,,,,,,,,,,,,,,,,,,,,,,,,,,,,,,,,,,,,,,,,,,,,,,,,,,,,,,,,,,,,,,,,,,,,,,,,,,,,,,,,,,,,,,,,,,,,,,,,,,,,,,,,,,,,,,,,,,,,,,,,,,,,,,,,,,,,,,,,,,,,,,,,,,,,,,,,,,,,,,,,,,,,,,,,,,,,,,,,,,,,,,,,,,,,,
2025,7,ALB,Williams,5.0,10.0,Finished,0,0,4.0,0.0,3.0,6.0,1.2666666666666666,1.7333333333333334,Emilia Romagna Grand Prix,14.0,6.5,5.0,0,0,2,2,37.0,10.416666666666666,6.166666666666667,0.3333333333333333,0.6666666666666667,10.416666666666666,6.166666666666667,0.3333333333333333,18.5,0.0,0.0,5.0,5.0,,,,,,,,,,,,,,,,,,,,,,,,,,,,,,,,,,,,,,,,,,,,,,,,,,,,,,,,,,,,,,,,,,,,,,,,,,,,,,,,,,,,,,,,,,,,,,,,,,,,,,,,,,,,,,,,,,,,,,,,,,,,,,,,,,,,,,,,,,,,,,,,,,,,,,,,,,,,,,,,,,,,,,,,,,,,,,,,,,,,,,,,,,,,,,,,,,,,,,,,,,,,,,,,,,,,,,,,,,,,,,,,,,,,,,,,,,,,,,,,,,,,,,,,,,,,,,,,,,,
2025,8,ALB,Williams,9.0,2.0,Lapped,0,1,1.0,0.0,1.0,1.0,1.2666666666666666,2.0,Monaco Grand Prix,3.0,9.5,9.0,0,0,2,2,51.0,9.857142857142858,7.285714285714286,0.2857142857142857,0.7142857142857143,9.857142857142858,7.285714285714286,0.2857142857142857,12.0,2.0,0.0,5.0,5.0,,,,,,,,,,,,,,,,,,,,,,,,,,,,,,,,,,,,,,,,,,,,,,,,,,,,,,,,,,,,,,,,,,,,,,,,,,,,,,,,,,,,,,,,,,,,,,,,,,,,,,,,,,,,,,,,,,,,,,,,,,,,,,,,,,,,,,,,,,,,,,,,,,,,,,,,,,,,,,,,,,,,,,,,,,,,,,,,,,,,,,,,,,,,,,,,,,,,,,,,,,,,,,,,,,,,,,,,,,,,,,,,,,,,,,,,,,,,,,,,,,,,,,,,,,,,,,,,,,,
2025,9,ALB,Williams,19.0,0.0,Retired,0,1,0.0,0.0,-5.0,0.0,1.2666666666666666,1.9333333333333331,Spanish Grand Prix,0.0,16.5,14.0,0,1,1,2,54.0,9.8125,6.75,0.25,0.75,9.8125,6.75,0.25,19.0,0.0,0.0,5.0,5.0,,,,,,,,,,,,,,,,,,,,,,,,,,,,,,,,,,,,,,,,,,,,,,,,,,,,,,,,,,,,,,,,,,,,,,,,,,,,,,,,,,,,,,,,,,,,,,,,,,,,,,,,,,,,,,,,,,,,,,,,,,,,,,,,,,,,,,,,,,,,,,,,,,,,,,,,,,,,,,,,,,,,,,,,,,,,,,,,,,,,,,,,,,,,,,,,,,,,,,,,,,,,,,,,,,,,,,,,,,,,,,,,,,,,,,,,,,,,,,,,,,,,,,,,,,,,,,,,,,,
2024,1,ALO,Aston Martin,9.0,2.0,Finished,0,0,1.0,0.0,1.0,1.0,,,Bahrain Grand Prix,3.0,9.5,9.0,0,0,2,2,0.0,,,,,,,,,,,1.0,,Bahrain Grand Prix,93.193,,,109.13654545454546,,,103.7802,,,14.175293601897637,,,5.0,,,,90.66,,,101.22592857142857,,,99.9325,,,8.357939342658305,,,3.0,,,,90.965,,,111.87972727272727,,,110.63433333333334,,,22.44825717659763,,,2.0,34.21585365853659,,,31.9,,,36.0,,,19.373170731707315,,,19.0,,,19.8,,,38.74390243902439,,,36.0,,,41.0,,,1016.1012195121951,,,1015.9,,,1016.3,,,0.0,,,False,,,False,,,3.3780487804878048,,,2.1,,,4.7,,,66.45121951219512,,,35.0,,,109.0,,,,22.098780487804877,,,21.1,,,23.4,,,17.24756097560976,,,17.1,,,17.4,,,39.02439024390244,,,34.0,,,46.0,,,1017.2317073170732,,,1017.0,,,1017.6,,,0.0,,,False,,,False,,,2.2817073170731708,,,1.2,,,3.5,,,82.76829268292683,,,41.0,,,134.0,,,,32.01341463414634,,,29.2,,,35.2,,,20.259756097560977,,,19.9,,,20.6,,,35.71951219512195,,,30.0,,,41.0,,,1017.720731707317,,,1017.4,,,1018.0,,,0.0,,,False,,,False,,,2.778048780487805,,,1.6,,,4.0,,,54.5,,,28.0,,,85.0,0.0,0.0,0.0,0.0,,,,,,,,,,,,,91.606,107.41406709956709,104.78234444444445,3.3333333333333335,,,,
2024,2,ALO,Aston Martin,5.0,10.0,Finished,0,0,0.0,0.0,14.0,10.0,1.0,1.0,Saudi Arabian Grand Prix,10.0,12.0,5.0,0,1,1,2,3.0,9.5,3.0,0.0,1.0,9.5,3.0,0.0,,,,5.0,5.0,Saudi Arabian Grand Prix,89.845,,,101.22233333333332,,,99.235,,,11.003356651495032,,,2.0,,,,88.827,,,101.89704545454546,,,97.57292307692306,,,8.283828236002348,,,1.0,,,,89.038,,,107.35025,,,104.56099999999999,,,19.271035480741556,,,6.0,39.70125,,,38.2,,,41.9,,,26.754999999999995,,,26.4,,,27.1,,,57.575,,,53.0,,,61.0,,,1012.2375,,,1012.0,,,1012.5,,,0.0,,,False,,,False,,,4.80625,,,3.2,,,6.8,,,24.6125,,,1.0,,,41.0,,,,30.59677419354838,,,29.2,,,31.5,,,25.370967741935488,,,25.2,,,25.6,,,59.784946236559136,,,58.0,,,63.0,,,1013.7204301075269,,,1013.2,,,1014.1,,,0.0,,,False,,,False,,,2.4010752688172046,,,0.6,,,4.1,,,92.86021505376344,,,0.0,,,360.0,,,,39.558536585365864,,,37.3,,,43.5,,,25.98414634146341,,,25.6,,,26.3,,,60.34146341463415,,,57.0,,,63.0,,,1012.940243902439,,,1012.7,,,1013.4,,,0.0,,,False,,,False,,,4.16219512195122,,,2.1,,,5.8,,,23.451219512195124,,,0.0,,,54.0,0.0,0.0,0.0,0.0,,,,,,,,,,,,,89.23666666666666,103.48987626262625,100.45630769230769,3.0,91.606,107.41406709956709,104.78234444444445,3.3333333333333335
2024,3,ALO,Aston Martin,8.0,4.0,Finished,0,0,8.0,0.0,-2.0,-4.0,7.5,5.5,Australian Grand Prix,12.0,7.0,6.0,0,0,2,2,13.0,10.75,6.5,0.5,0.5,10.75,6.5,0.5,,,,5.0,5.0,Australian Grand Prix,79.716,,,90.19437500000001,,,89.24849999999999,,,13.998128220110955,,,18.0,,,,77.912,,,90.36430434782608,,,84.49538461538462,,,1.1785782775913791,,,5.0,,,,76.997,,,93.7806,,,91.063,,,17.8326208814072,,,6.0,33.70987654320987,,,29.9,,,36.8,,,18.469135802469136,,,18.0,,,19.0,,,61.01234567901235,,,55.0,,,64.0,,,1023.5641975308641,,,1023.2,,,1023.9,,,0.0,,,False,,,False,,,1.262962962962963,,,0.5,,,2.7,,,142.54320987654322,,,0.0,,,342.0,,,,36.15731707317073,,,34.0,,,38.3,,,20.157317073170734,,,20.0,,,20.4,,,56.926829268292686,,,55.0,,,58.0,,,1022.0512195121953,,,1021.8,,,1022.2,,,0.0,,,False,,,False,,,1.803658536585366,,,0.7,,,3.0,,,147.47560975609755,,,0.0,,,354.0,,,,27.669135802469132,,,25.2,,,31.0,,,18.27283950617284,,,17.9,,,18.8,,,59.39506172839506,,,56.0,,,62.0,,,1025.324691358025,,,1025.0,,,1025.6,,,0.0,,,False,,,False,,,1.4333333333333333,,,0.5,,,2.8,,,133.25925925925927,,,0.0,,,346.0,0.0,0.0,0.0,0.0,,,,,,,,,,,,,78.20833333333333,91.44642644927536,88.26896153846154,9.666666666666666,90.42133333333334,105.45197168109667,102.61932606837607,3.166666666666667
2024,4,ALO,Aston Martin,6.0,8.0,Finished,0,0,0.0,0.0,6.0,8.0,4.333333333333333,2.333333333333333,Japanese Grand Prix,8.0,9.0,6.0,0,0,2,2,25.0,9.5,8.333333333333334,0.3333333333333333,0.6666666666666667,9.5,8.333333333333334,0.3333333333333333,,,,5.0,4.0,Japanese Grand Prix,90.599,,,105.40050000000001,,,110.67214285714286,,,23.03607827176443,,,7.0,,,,,,,,,,,,,,,,,,,,90.082,,,101.87505882352943,,,96.55799999999999,,,2.609377272454103,,,5.0,24.296249999999997,,,22.9,,,25.8,,,16.566250000000004,,,15.4,,,17.2,,,42.6875,,,35.0,,,53.0,,,1013.31125,,,1012.9,,,1013.6,,,0.0,,,False,,,False,,,1.3625,,,0.4,,,3.0,,,178.175,,,10.0,,,359.0,,,,16.752325581395347,,,16.2,,,18.1,,,13.02093023255814,,,12.5,,,14.1,,,72.95348837209302,,,60.0,,,80.0,,,1013.4674418604648,,,1013.3,,,1013.7,,,0.20930232558139536,,,False,,,True,,,1.0046511627906978,,,0.0,,,1.9,,,157.5,,,0.0,,,218.0,,,,26.660759493670884,,,24.2,,,29.6,,,17.38227848101266,,,16.7,,,17.9,,,66.10126582278481,,,62.0,,,69.0,,,1015.8417721518989,,,1015.0,,,1016.5,,,0.0,,,False,,,False,,,1.3746835443037975,,,0.4,,,2.5,,,171.72151898734177,,,0.0,,,358.0,0.0,0.0,0.0,0.0,,,,,,,,,,,,,90.34049999999999,103.63777941176471,103.61507142857143,6.0,86.35033333333332,100.7834566038229,97.83587122507123,5.333333333333333
2024,5,ALO,Aston Martin,7.0,7.0,Finished,0,0,0.0,0.0,8.0,7.0,4.75,3.75,Chinese Grand Prix,7.0,11.0,7.0,0,0,2,2,33.0,9.375,8.25,0.25,0.75,9.375,8.25,0.25,,,,5.0,4.0,Chinese Grand Prix,98.936,,,109.12653333333334,,,106.1595,,,9.282466089353624,,,19.0,,,,,,,,,,,,,,,,,,,,,,,,,,,,,,,,,39.46829268292684,,,38.2,,,42.1,,,23.142682926829266,,,22.3,,,23.8,,,22.865853658536587,,,21.0,,,25.0,,,1009.3329268292683,,,1008.5,,,1010.1,,,0.0,,,False,,,False,,,1.3536585365853657,,,0.0,,,3.2,,,146.96341463414635,,,0.0,,,356.0,,,,,,,,,,,,,,,,,,,,,,,,,,,,,,,,,,,,,,,,,,,,,,,,,,,,,,,,,,,,,,,,,,,,,,,,,,,,,,,,,,,,,,,,,,,,,,,,,,,,,,,,,,,,,,,,,,,,,,,,,,,,,,,,,1.0,0.0,0.0,0.0,,,,,,,,,,,,,98.936,109.12653333333334,106.1595,19.0,87.34787499999999,101.49703730580836,99.28067127594628,5.5
2024,6,ALO,Aston Martin,9.0,2.0,Finished,0,0,0.0,0.0,8.0,2.0,5.4,4.4,Miami Grand Prix,2.0,13.0,9.0,0,0,2,2,40.0,9.7,8.0,0.2,0.8,9.7,8.0,0.2,,,,5.0,5.0,Miami Grand Prix,90.023,,,105.41993749999999,,,104.3980909090909,,,17.887555458779406,,,19.0,,,,,,,,,,,,,,,,,,,,,,,,,,,,,,,,,49.958441558441564,,,43.4,,,54.9,,,28.780519480519484,,,28.3,,,29.3,,,56.27272727272727,,,53.0,,,59.0,,,1015.31038961039,,,1015.0,,,1015.6,,,0.0,,,False,,,False,,,3.0090909090909084,,,1.3,,,4.7,,,160.14285714285714,,,99.0,,,197.0,,,,,,,,,,,,,,,,,,,,,,,,,,,,,,,,,,,,,,,,,,,,,,,,,,,,,,,,,,,,,,,,,,,,,,,,,,,,,,,,,,,,,,,,,,,,,,,,,,,,,,,,,,,,,,,,,,,,,,,,,,,,,,,,,1.0,0.0,0.0,0.0,,,,,,,,,,,,,90.023,105.41993749999999,104.3980909090909,19.0,89.6655,103.02293651131336,100.65643702075701,8.2
2024,7,ALO,Aston Martin,19.0,0.0,Lapped,0,1,2.0,0.0,-10.0,-2.0,5.833333333333333,4.0,Emilia Romagna Grand Prix,2.0,14.0,9.0,0,0,2,2,42.0,10.25,7.0,0.1666666666666666,0.8333333333333334,10.25,7.0,0.1666666666666666,,,,5.0,5.0,Emilia Romagna Grand Prix,77.867,,,89.937,,,90.01414285714284,,,14.288009278512426,,,10.0,,,,76.838,,,92.89695652173914,,,84.02909090909091,,,8.064225126502183,,,10.0,,,,77.339,,,98.52316666666667,,,98.52316666666667,,,22.994823229732965,,,18.0,43.45443037974684,,,42.6,,,44.5,,,23.972151898734175,,,23.3,,,24.6,,,32.53164556962025,,,30.0,,,35.0,,,1006.8518987341771,,,1006.6,,,1007.1,,,0.0,,,False,,,False,,,3.951898734177215,,,2.3,,,5.3,,,301.0506329113924,,,239.0,,,338.0,,,,36.84230769230769,,,35.1,,,39.0,,,24.379487179487178,,,24.0,,,24.7,,,33.94871794871795,,,29.0,,,36.0,,,1006.4525641025638,,,1006.2,,,1006.7,,,0.0,,,False,,,False,,,2.5230769230769234,,,0.5,,,4.6,,,284.1923076923077,,,2.0,,,350.0,,,,44.48076923076923,,,42.4,,,45.9,,,23.603846153846156,,,23.0,,,24.3,,,41.32051282051282,,,39.0,,,44.0,,,1009.2435897435897,,,1008.9,,,1009.5,,,0.0,,,False,,,False,,,1.9025641025641027,,,0.7,,,3.8,,,137.17948717948718,,,0.0,,,354.0,0.0,0.0,0.0,0.0,,,,,,,,,,,,,77.348,93.7857077294686,90.8554668109668,12.666666666666666,89.72508333333333,103.42243667609445,101.280046002146,10.0
2024,8,ALO,Aston Martin,11.0,0.0,Lapped,0,1,0.0,0.0,3.0,0.0,3.571428571428572,3.142857142857143,Monaco Grand Prix,0.0,12.5,11.0,0,0,2,2,44.0,10.785714285714286,6.285714285714286,0.1428571428571428,0.8571428571428572,10.785714285714286,6.285714285714286,0.1428571428571428,,,,5.0,5.0,Monaco Grand Prix,72.775,,,82.01644999999999,,,80.48772727272727,,,5.897760712184061,,,6.0,,,,71.753,,,84.43079310344828,,,82.86372727272727,,,18.68691770780248,,,3.0,,,,72.087,,,92.26576470588236,,,88.65044444444445,,,17.041566309402953,,,10.0,35.56103896103896,,,32.5,,,38.6,,,20.71688311688312,,,19.9,,,21.5,,,66.72727272727273,,,61.0,,,72.0,,,1018.2766233766234,,,1017.7,,,1018.7,,,0.09090909090909091,,,False,,,True,,,0.7467532467532466,,,0.0,,,1.5,,,156.16883116883116,,,0.0,,,359.0,,,,31.30246913580247,,,29.9,,,32.5,,,20.76172839506173,,,20.2,,,21.3,,,66.44444444444444,,,63.0,,,70.0,,,1017.1432098765433,,,1016.8,,,1017.5,,,0.0,,,False,,,False,,,0.7901234567901234,,,0.0,,,1.7,,,144.09876543209876,,,0.0,,,348.0,,,,46.86202531645569,,,45.0,,,48.5,,,21.67468354430379,,,21.3,,,22.0,,,57.40506329113924,,,55.0,,,61.0,,,1017.5379746835443,,,1017.4,,,1017.7,,,0.0,,,False,,,False,,,0.8240506329113924,,,0.0,,,1.6,,,190.30379746835442,,,0.0,,,359.0,0.0,0.0,0.0,0.0,,,,,,,,,,,,,72.205,86.23766926977687,84.000632996633,6.333333333333333,87.95692857142856,102.04576111229076,99.79082040340612,10.380952380952381
2024,9,ALO,Aston Martin,6.0,8.0,Finished,0,0,6.0,0.0,1.0,2.0,3.5,2.75,Canadian Grand Prix,14.0,6.5,6.0,0,0,2,2,44.0,11.0,5.5,0.125,0.875,11.0,5.5,0.125,,,,5.0,5.0,Canadian Grand Prix,93.411,,,93.411,,,93.411,,,,,,15.0,,,,75.81,,,89.42688888888888,,,83.93650000000001,,,6.871510426787877,,,1.0,,,,73.34,,,83.9544090909091,,,77.875375,,,0.3535335657937659,,,8.0,28.68205128205127,,,25.5,,,32.2,,,18.237179487179485,,,17.2,,,19.3,,,83.57692307692308,,,77.0,,,89.0,,,998.6589743589747,,,998.2,,,999.5,,,0.1794871794871795,,,False,,,True,,,1.2474358974358977,,,0.0,,,2.8,,,226.64102564102564,,,0.0,,,355.0,,,,25.546249999999997,,,23.8,,,27.1,,,18.99625,,,18.1,,,19.6,,,68.5,,,64.0,,,72.0,,,999.23375,,,998.8,,,999.7,,,0.8875,,,False,,,True,,,1.2925,,,0.3,,,2.9,,,151.95,,,0.0,,,337.0,,,,36.4,,,32.2,,,39.1,,,20.854320987654322,,,19.9,,,21.6,,,61.925925925925924,,,59.0,,,64.0,,,1000.5185185185185,,,1000.2,,,1000.8,,,0.0,,,False,,,False,,,1.6790123456790123,,,0.8,,,2.9,,,157.17283950617283,,,0.0,,,348.0,0.0,0.0,0.0,0.0,,,,,,,,,,,,,80.85366666666667,88.930765993266,85.07429166666668,8.0,85.9879375,100.06974963197652,97.81704697755947,9.875
2024,10,ALO,Aston Martin,12.0,0.0,Lapped,0,1,0.0,0.0,2.0,0.0,3.2222222222222223,2.6666666666666665,Spanish Grand Prix,0.0,13.0,12.0,0,0,2,2,58.0,10.5,6.444444444444445,0.1111111111111111,0.8888888888888888,10.5,6.444444444444445,0.1111111111111111,,,,5.0,5.0,Spanish Grand Prix,75.222,,,96.72272222222222,,,93.03083333333335,,,18.218270384091866,,,9.0,,,,74.091,,,89.733,,,81.7492,,,0.5209522904152464,,,14.0,,,,73.786,,,95.65100000000001,,,101.55114285714286,,,25.194861529212467,,,9.0,47.092592592592595,,,45.3,,,48.0,,,28.16543209876543,,,27.5,,,28.5,,,33.666666666666664,,,29.0,,,38.0,,,1004.3987654320988,,,1004.1,,,1004.6,,,0.0,,,False,,,False,,,2.0950617283950614,,,0.0,,,3.5,,,214.14814814814815,,,0.0,,,276.0,,,,43.05185185185185,,,41.2,,,44.2,,,24.86543209876543,,,24.5,,,25.6,,,49.901234567901234,,,45.0,,,56.0,,,1004.495061728395,,,1004.3,,,1004.7,,,0.0,,,False,,,False,,,1.8407407407407406,,,0.8,,,2.9,,,205.08641975308643,,,0.0,,,340.0,,,,43.355000000000004,,,38.9,,,46.3,,,26.441250000000004,,,26.0,,,26.9,,,57.7125,,,47.0,,,62.0,,,1004.5975000000001,,,1004.3,,,1005.0,,,0.0,,,False,,,False,,,1.6612500000000001,,,0.4,,,2.7,,,218.975,,,0.0,,,355.0,0.0,0.0,0.0,0.0,,,,,,,,,,,,,74.36633333333333,94.03557407407408,92.11039206349206,10.666666666666666,85.41746296296296,98.83208478323091,96.40118527634917,9.666666666666666
2024,11,ALO,Aston Martin,18.0,0.0,Lapped,0,1,0.0,0.0,-5.0,0.0,3.1,2.4,Austrian Grand Prix,0.0,15.5,13.0,0,0,2,2,58.0,10.75,5.8,0.1,0.9,10.75,5.8,0.1,,,,5.0,5.0,Austrian Grand Prix,66.603,,,78.74616666666667,,,81.30737500000001,,,14.0623222725277,,,10.0,,,,,,,,,,,,,,,,,,,,,,,,,,,,,,,,,36.88354430379747,,,30.7,,,42.5,,,23.24430379746836,,,21.9,,,24.5,,,59.54430379746835,,,56.0,,,64.0,,,940.7518987341775,,,940.5,,,940.9,,,0.0,,,False,,,False,,,2.6,,,0.7,,,4.0,,,104.36708860759494,,,0.0,,,142.0,,,,,,,,,,,,,,,,,,,,,,,,,,,,,,,,,,,,,,,,,,,,,,,,,,,,,,,,,,,,,,,,,,,,,,,,,,,,,,,,,,,,,,,,,,,,,,,,,,,,,,,,,,,,,,,,,,,,,,,,,,,,,,,,,1.0,0.0,0.0,0.0,,,,,,,,,,,,,66.603,78.74616666666667,81.30737500000001,10.0,84.31235,98.35243371231522,95.97210595506345,9.766666666666666
2024,12,ALO,Aston Martin,8.0,4.0,Finished,0,0,6.0,0.0,-1.0,-2.0,2.363636363636364,2.1818181818181817,British Grand Prix,10.0,7.5,7.0,0,0,2,2,58.0,11.181818181818182,5.2727272727272725,0.0909090909090909,0.9090909090909092,11.181818181818182,5.2727272727272725,0.0909090909090909,,,,5.0,5.0,British Grand Prix,87.794,,,104.53233333333333,,,106.1507,,,19.162506917009697,,,6.0,,,,87.372,,,97.02111111111111,,,93.34390909090908,,,0.7746264202240256,,,11.0,,,,98.94,,,107.26130769230771,,,106.88857142857144,,,6.04546851939927,,,8.0,24.554320987654318,,,21.2,,,28.1,,,16.386419753086418,,,15.6,,,17.2,,,75.61728395061728,,,72.0,,,81.0,,,989.422222222222,,,989.2,,,989.6,,,0.0,,,False,,,False,,,1.3691358024691358,,,0.3,,,3.2,,,213.44444444444446,,,0.0,,,353.0,,,,29.296296296296298,,,25.0,,,32.7,,,18.319753086419755,,,17.5,,,18.9,,,67.5679012345679,,,61.0,,,74.0,,,987.8740740740741,,,987.4,,,988.5,,,0.1728395061728395,,,False,,,True,,,1.7185185185185183,,,0.5,,,2.9,,,223.8148148148148,,,0.0,,,289.0,,,,16.291463414634144,,,15.7,,,17.7,,,11.173170731707318,,,10.7,,,11.6,,,89.42682926829268,,,87.0,,,92.0,,,984.439024390244,,,983.7,,,985.1,,,0.6585365853658537,,,False,,,True,,,2.296341463414634,,,1.0,,,4.2,,,233.8170731707317,,,0.0,,,277.0,0.0,0.0,0.0,0.0,,,,,,,,,,,,,91.36866666666667,102.9382507122507,102.12772683982683,8.333333333333334,82.70240909090909,96.57004579907446,94.63894859551223,9.787878787878787
2024,13,ALO,Aston Martin,11.0,0.0,Finished,0,0,1.0,0.0,-1.0,-1.0,2.083333333333333,1.8333333333333333,Hungarian Grand Prix,1.0,10.5,10.0,0,0,2,2,68.0,10.875,5.666666666666667,0.0833333333333333,0.9166666666666666,10.875,5.666666666666667,0.0833333333333333,,,,5.0,5.0,Hungarian Grand Prix,79.686,,,88.65933333333334,,,86.07966666666668,,,0.7142245211883077,,,13.0,,,,78.519,,,95.98629411764706,,,90.35170000000001,,,15.887839032487152,,,10.0,,,,77.001,,,100.54866666666665,,,102.93140000000001,,,19.97514010714318,,,14.0,58.49878048780489,,,56.9,,,60.6,,,31.00487804878049,,,30.4,,,31.8,,,38.0,,,34.0,,,40.0,,,990.5731707317075,,,990.1,,,991.0,,,0.0,,,False,,,False,,,1.2621951219512195,,,0.3,,,3.8,,,207.78048780487805,,,0.0,,,345.0,,,,45.81975308641975,,,41.5,,,49.8,,,31.196296296296293,,,30.5,,,31.9,,,37.17283950617284,,,35.0,,,40.0,,,988.1012345679012,,,987.7,,,988.6,,,0.0,,,False,,,False,,,1.008641975308642,,,0.0,,,2.5,,,162.4320987654321,,,0.0,,,284.0,,,,39.0575,,,36.9,,,41.3,,,26.839999999999996,,,26.6,,,27.1,,,42.9375,,,42.0,,,44.0,,,984.8787500000001,,,984.6,,,985.2,,,0.0,,,False,,,False,,,0.92875,,,0.0,,,1.9,,,218.125,,,0.0,,,338.0,0.0,0.0,0.0,0.0,,,,,,,,,,,,,78.402,95.06476470588234,93.12092222222223,12.333333333333334,83.42459722222222,97.10072954183914,95.26301344920512,9.666666666666666
2024,14,ALO,Aston Martin,8.0,4.0,Finished,0,0,0.0,0.0,3.0,4.0,1.8461538461538465,1.6153846153846154,Belgian Grand Prix,4.0,9.5,8.0,0,0,2,2,69.0,10.846153846153848,5.307692307692308,0.0769230769230769,0.9230769230769232,10.846153846153848,5.307692307692308,0.0769230769230769,,,,5.0,5.0,Belgian Grand Prix,104.921,,,108.09777777777778,,,110.58924999999999,,,2.146891609591258,,,12.0,,,,103.538,,,110.95000000000002,,,113.7165,,,8.339890646765097,,,12.0,,,,128.071,,,130.5985,,,130.5985,,,3.5744247788980026,,,13.0,38.3867469879518,,,35.2,,,40.9,,,22.012048192771083,,,21.4,,,22.5,,,60.855421686746986,,,58.0,,,65.0,,,964.7867469879518,,,964.5,,,965.0,,,0.012048192771084338,,,False,,,True,,,1.5518072289156624,,,0.0,,,4.0,,,156.0120481927711,,,0.0,,,359.0,,,,35.19024390243902,,,33.3,,,36.9,,,21.78170731707317,,,21.2,,,22.2,,,64.3048780487805,,,62.0,,,67.0,,,965.0170731707318,,,964.8,,,965.2,,,0.0,,,False,,,False,,,1.2378048780487805,,,0.4,,,2.7,,,134.90243902439025,,,0.0,,,358.0,,,,21.782926829268295,,,21.2,,,22.9,,,18.108536585365854,,,17.8,,,18.7,,,92.91463414634147,,,89.0,,,96.0,,,965.8914634146339,,,965.7,,,966.0,,,0.8902439024390244,,,False,,,True,,,1.423170731707317,,,0.5,,,2.4,,,156.6829268292683,,,102.0,,,244.0,0.0,0.0,0.0,0.0,,,,,,,,,,,,,112.17666666666666,116.54875925925927,118.30141666666667,12.333333333333334,83.03824358974359,96.94411686215015,95.09823720097566,9.871794871794872
2024,15,ALO,Aston Martin,10.0,1.0,Lapped,0,1,0.0,0.0,3.0,1.0,1.9285714285714288,1.7857142857142858,Dutch Grand Prix,1.0,11.5,10.0,0,0,2,2,73.0,10.75,5.214285714285714,0.0714285714285714,0.9285714285714286,10.75,5.214285714285714,0.0714285714285714,,,,5.0,5.0,Dutch Grand Prix,74.467,,,91.41199999999999,,,92.566875,,,18.592552552318207,,,15.0,,,,71.357,,,88.05863636363634,,,76.894,,,0.8169580772597808,,,6.0,,,,81.461,,,88.1145,,,88.11449999999999,,,5.921076619444591,,,5.0,21.725925925925925,,,20.3,,,23.8,,,20.233333333333334,,,19.4,,,21.3,,,83.87654320987654,,,75.0,,,92.0,,,1003.335802469136,,,1002.6,,,1004.1,,,0.14814814814814814,,,False,,,True,,,7.109876543209876,,,4.7,,,9.6,,,223.8395061728395,,,204.0,,,242.0,,,,31.169620253164563,,,29.8,,,31.9,,,21.37721518987342,,,21.1,,,21.6,,,62.51898734177215,,,60.0,,,65.0,,,1006.8721518987339,,,1006.2,,,1007.4,,,0.0,,,False,,,False,,,5.472151898734178,,,4.3,,,7.0,,,207.31645569620252,,,187.0,,,230.0,,,,21.572151898734177,,,19.3,,,25.1,,,19.350632911392406,,,17.5,,,21.4,,,94.20253164556962,,,88.0,,,96.0,,,1004.4113924050635,,,1004.0,,,1004.7,,,0.21518987341772153,,,False,,,True,,,1.9759493670886072,,,0.0,,,3.5,,,209.34177215189874,,,0.0,,,244.0,0.0,0.0,0.0,0.0,,,,,,,,,,,,,75.76166666666667,89.19504545454545,85.85845833333333,8.666666666666666,85.11955952380951,98.34444846194366,96.75560716281073,10.047619047619047
2024,16,ALO,Aston Martin,11.0,0.0,Finished,0,0,0.0,0.0,8.0,0.0,2.0,1.7333333333333334,Italian Grand Prix,0.0,15.0,11.0,0,0,2,2,74.0,10.8,4.933333333333334,0.0666666666666666,0.9333333333333332,10.8,4.933333333333334,0.0666666666666666,,,,5.0,5.0,Italian Grand Prix,82.315,,,93.77871428571429,,,98.3524,,,23.07746738270904,,,10.0,,,,81.316,,,94.09066666666666,,,86.20725,,,0.476613575131891,,,9.0,,,,80.968,,,87.94916666666667,,,101.26650000000001,,,14.478011344794561,,,11.0,50.81358024691359,,,48.7,,,52.1,,,32.7641975308642,,,32.2,,,33.4,,,38.135802469135804,,,36.0,,,40.0,,,996.3456790123457,,,995.9,,,996.7,,,0.0,,,False,,,False,,,1.0333333333333334,,,0.0,,,2.1,,,192.23456790123456,,,0.0,,,357.0,,,,44.350632911392395,,,41.6,,,48.0,,,34.029113924050634,,,33.7,,,34.4,,,32.177215189873415,,,31.0,,,34.0,,,994.7316455696205,,,994.5,,,995.0,,,0.0,,,False,,,False,,,1.092405063291139,,,0.0,,,2.9,,,213.26582278481013,,,0.0,,,357.0,,,,46.333333333333336,,,43.3,,,48.5,,,31.627160493827162,,,30.9,,,32.4,,,41.7037037037037,,,35.0,,,46.0,,,997.4049382716049,,,997.2,,,997.6,,,0.0,,,False,,,False,,,1.1246913580246913,,,0.0,,,2.3,,,206.4814814814815,,,0.0,,,351.0,0.0,0.0,0.0,0.0,,,,,,,,,,,,,81.533,91.93951587301586,95.27538333333332,10.0,84.4957,97.73448826145045,96.02913057417891,9.955555555555556
2024,17,ALO,Aston Martin,6.0,8.0,Finished,0,0,0.0,0.0,13.0,8.0,2.466666666666667,1.6666666666666667,Azerbaijan Grand Prix,8.0,12.5,6.0,0,1,1,2,74.0,11.0625,4.625,0.0625,0.9375,11.166666666666666,4.733333333333333,0.0666666666666666,,,,5.0,5.0,Azerbaijan Grand Prix,106.452,,,120.86522222222223,,,119.828,,,18.135344919061595,,,7.0,,,,104.683,,,114.78561111111111,,,111.81816666666667,,,1.3664265827554039,,,12.0,,,,103.474,,,112.6128,,,105.0395,,,2.2139513318950805,,,11.0,43.68478260869565,,,39.8,,,46.2,,,29.195652173913032,,,28.0,,,30.6,,,39.09782608695652,,,26.0,,,50.0,,,1015.1771739130434,,,1014.9,,,1015.6,,,0.0,,,False,,,False,,,1.6956521739130432,,,0.5,,,3.5,,,119.3695652173913,,,0.0,,,353.0,,,,36.34878048780487,,,32.9,,,41.2,,,28.52926829268293,,,27.5,,,29.2,,,33.09756097560975,,,27.0,,,47.0,,,1015.0731707317074,,,1014.8,,,1015.3,,,0.0,,,False,,,False,,,1.224390243902439,,,0.0,,,2.6,,,115.8170731707317,,,0.0,,,358.0,,,,31.889024390243897,,,31.0,,,33.1,,,26.991463414634143,,,26.7,,,27.3,,,39.40243902439025,,,35.0,,,44.0,,,1016.6475609756096,,,1016.3,,,1016.9,,,0.35365853658536583,,,False,,,True,,,0.7658536585365854,,,0.0,,,1.7,,,125.02439024390245,,,0.0,,,357.0,0.0,0.0,0.0,0.0,,,,,,,,,,,,,104.86966666666666,116.08787777777779,112.22855555555554,10.0,83.82416666666667,96.7028515130137,95.39533316677151,10.4
2024,18,ALO,Aston Martin,8.0,4.0,Lapped,0,1,0.0,0.0,6.0,4.0,2.4,1.5333333333333334,Singapore Grand Prix,4.0,11.0,8.0,0,0,2,2,82.0,11.147058823529411,4.823529411764706,0.1176470588235294,0.8823529411764706,11.2,4.6,0.0666666666666666,,,,5.0,5.0,Singapore Grand Prix,92.61,,,103.6903125,,,104.81557142857143,,,12.535234964652545,,,9.0,,,,91.75,,,105.3659375,,,104.25377777777777,,,11.97966887874804,,,12.0,,,,91.082,,,111.39166666666667,,,117.4962857142857,,,25.20506137474698,,,10.0,37.114999999999995,,,35.6,,,38.8,,,31.35,,,31.2,,,31.5,,,64.4375,,,63.0,,,67.0,,,1005.6075000000001,,,1005.3,,,1005.9,,,0.0,,,False,,,False,,,2.44875,,,1.2,,,3.4,,,187.9,,,177.0,,,214.0,,,,32.95000000000001,,,32.3,,,33.6,,,30.181707317073165,,,30.0,,,30.3,,,73.98780487804878,,,73.0,,,75.0,,,1008.1158536585366,,,1007.8,,,1008.6,,,0.0,,,False,,,False,,,1.6597560975609755,,,1.1,,,2.4,,,203.09756097560975,,,171.0,,,222.0,,,,37.0670731707317,,,34.9,,,38.6,,,30.06219512195122,,,29.9,,,30.2,,,75.13414634146342,,,74.0,,,77.0,,,1006.7951219512195,,,1006.6,,,1007.0,,,0.0,,,False,,,False,,,0.4817073170731707,,,0.0,,,1.5,,,199.15853658536585,,,0.0,,,323.0,0.0,0.0,0.0,0.0,,,,,,,,,,,,,91.81400000000001,106.81597222222223,108.85521164021164,10.333333333333334,84.86636666666666,97.54271828069047,96.18014969098802,10.866666666666667
2024,19,ALO,Aston Martin,13.0,0.0,Lapped,0,1,0.0,0.0,2.0,0.0,2.933333333333333,2.066666666666667,United States Grand Prix,0.0,14.0,13.0,0,0,2,2,86.0,11.13888888888889,4.777777777777778,0.1111111111111111,0.8888888888888888,11.466666666666669,4.066666666666666,0.0666666666666666,,,,5.0,5.0,United States Grand Prix,94.112,,,110.57907692307693,,,107.18499999999999,,,23.022901000959887,,,9.0,,,,,,,,,,,,,,,,,,,,,,,,,,,,,,,,,36.703703703703695,,,33.9,,,38.7,,,25.27777777777778,,,23.5,,,26.4,,,52.24691358024691,,,47.0,,,56.0,,,1004.1839506172839,,,1003.5,,,1005.0,,,0.0,,,False,,,False,,,3.34074074074074,,,1.4,,,5.4,,,158.8641975308642,,,128.0,,,186.0,,,,,,,,,,,,,,,,,,,,,,,,,,,,,,,,,,,,,,,,,,,,,,,,,,,,,,,,,,,,,,,,,,,,,,,,,,,,,,,,,,,,,,,,,,,,,,,,,,,,,,,,,,,,,,,,,,,,,,,,,,,,,,,,,1.0,0.0,0.0,0.0,,,,,,,,,,,,,94.112,110.57907692307693,107.18499999999999,9.0,85.77341111111112,98.5673546655536,97.55256636443804,10.91111111111111
2024,20,ALO,Aston Martin,18.0,0.0,Retired,0,1,0.0,0.0,-7.0,0.0,2.6666666666666665,1.5333333333333334,Mexico City Grand Prix,0.0,14.5,11.0,0,1,1,2,86.0,11.289473684210526,4.526315789473684,0.1052631578947368,0.8947368421052632,11.8,3.533333333333333,0.0666666666666666,,,,5.0,5.0,Mexico City Grand Prix,,,,,,,,,,,,,,,,,78.579,,,86.39304166666666,,,83.22271428571428,,,0.39960510268918215,,,11.0,,,,77.798,,,89.48215384615385,,,89.023,,,16.507198654786087,,,15.0,45.61772151898734,,,42.1,,,48.6,,,19.534177215189874,,,17.6,,,21.1,,,45.139240506329116,,,34.0,,,57.0,,,784.5962025316454,,,784.0,,,785.2,,,0.0,,,False,,,False,,,1.6050632911392404,,,0.6,,,3.9,,,208.873417721519,,,0.0,,,344.0,,,,37.789908256880736,,,31.3,,,42.9,,,22.755963302752296,,,22.1,,,23.0,,,27.513761467889907,,,19.0,,,34.0,,,783.3422018348625,,,783.2,,,783.6,,,0.0,,,False,,,False,,,1.4238532110091744,,,0.0,,,3.1,,,255.9724770642202,,,0.0,,,358.0,,,,32.757831325301204,,,29.0,,,38.0,,,18.249397590361443,,,16.9,,,19.7,,,53.855421686746986,,,50.0,,,59.0,,,787.2807228915663,,,786.6,,,787.9,,,0.0,,,False,,,False,,,1.5783132530120483,,,0.0,,,3.8,,,265.90361445783134,,,0.0,,,357.0,0.0,0.0,0.0,0.0,,,,,,,,,,,,,78.1885,87.93759775641026,86.12285714285713,13.0,86.02484444444444,99.03010783297441,97.79056160253327,11.11111111111111
2024,21,ALO,Aston Martin,14.0,0.0,Finished,0,0,0.0,0.0,5.0,0.0,1.6666666666666667,1.0666666666666669,São Paulo Grand Prix,0.0,16.5,14.0,0,1,1,2,86.0,11.45,4.3,0.15,0.85,12.033333333333331,3.066666666666667,0.1333333333333333,,,,5.0,5.0,São Paulo Grand Prix,71.215,,,87.28126666666665,,,83.9872,,,17.862237839146083,,,9.0,,,,,,,,,,,,,,,,,,,,,,,,,,,,,,,,,54.140243902439025,,,49.7,,,57.5,,,26.103658536585368,,,25.7,,,26.4,,,54.9390243902439,,,48.0,,,59.0,,,928.0024390243904,,,927.6,,,928.4,,,0.0,,,False,,,False,,,1.0865853658536584,,,0.0,,,2.1,,,180.59756097560975,,,0.0,,,350.0,,,,,,,,,,,,,,,,,,,,,,,,,,,,,,,,,,,,,,,,,,,,,,,,,,,,,,,,,,,,,,,,,,,,,,,,,,,,,,,,,,,,,,,,,,,,,,,,,,,,,,,,,,,,,,,,,,,,,,,,,,,,,,,,,1.0,0.0,0.0,0.0,,,,,,,,,,,,,71.215,87.28126666666665,83.9872,9.0,84.64167777777776,97.6175121278462,96.45478541205708,10.71111111111111
2024,22,ALO,Aston Martin,11.0,0.0,Finished,0,0,0.0,0.0,4.0,0.0,1.4666666666666666,0.9333333333333332,Las Vegas Grand Prix,0.0,13.0,11.0,0,0,2,2,86.0,11.69047619047619,4.095238095238095,0.1904761904761904,0.8095238095238095,12.266666666666667,2.933333333333333,0.2,,,,5.0,5.0,Las Vegas Grand Prix,96.262,,,108.14247368421054,,,104.649875,,,5.770586091488951,,,7.0,,,,95.44,,,107.07515789473683,,,104.788375,,,8.331821425586192,,,14.0,,,,95.938,,,107.83028571428572,,,105.89183333333334,,,10.732343591530542,,,15.0,15.683132530120483,,,14.9,,,16.5,,,14.065060240963856,,,13.3,,,14.6,,,19.626506024096386,,,17.0,,,22.0,,,947.4734939759037,,,947.2,,,947.7,,,0.0,,,False,,,False,,,0.9951807228915662,,,0.5,,,1.7,,,212.16867469879517,,,146.0,,,242.0,,,,12.870987654320986,,,12.6,,,13.2,,,11.146296296296295,,,10.8,,,11.5,,,24.290123456790123,,,23.0,,,26.0,,,947.783950617284,,,947.6,,,948.0,,,0.0,,,False,,,False,,,0.9117283950617283,,,0.4,,,1.4,,,216.62345679012347,,,184.0,,,260.0,,,,16.830487804878047,,,16.1,,,17.7,,,14.853658536585366,,,14.2,,,15.3,,,18.573170731707318,,,17.0,,,20.0,,,942.1670731707317,,,942.0,,,942.4,,,0.0,,,False,,,False,,,0.6524390243902439,,,0.0,,,1.5,,,178.41463414634146,,,0.0,,,310.0,0.0,0.0,0.0,0.0,,,,,,,,,,,,,95.88,107.68263909774436,105.11002777777777,12.0,83.38781111111112,96.40826740562397,95.09405935145102,10.044444444444444
2024,23,ALO,Aston Martin,7.0,6.0,Finished,0,0,0.0,0.0,11.0,6.0,2.4,1.0666666666666669,Qatar Grand Prix,6.0,12.5,7.0,0,1,1,2,86.0,11.75,3.909090909090909,0.1818181818181818,0.8181818181818181,12.2,2.8,0.2,,,,5.0,5.0,,,,,,,,,,,,,,,,,,,,,,,,,,,,,,,,,,,,,,,,,,,,,,,,,,,,,,,,,,,,,,,,,,,,,,,,,,,,,,,,,,,,,,,,,,,,,,,,,,,,,,,,,,,,,,,,,,,,,,,,,,,,,,,,,,,,,,,,,,,,,,,,,,,,,,,,,,,,,,,,,,,,,,,,,,,,,,,,,,,,,,,,,,,,,,,,,,,,,,,,,,,,,,,,,,,,,,,,,,,,,,,,,,,,,,,,,,,,,,,,,,,,,,,,,,,,,,,,,,,
2024,24,ALO,Aston Martin,9.0,2.0,Finished,0,0,0.0,0.0,5.0,2.0,2.933333333333333,1.4666666666666666,Abu Dhabi Grand Prix,2.0,11.5,9.0,0,0,2,2,92.0,11.782608695652174,4.0,0.217391304347826,0.782608695652174,12.2,3.2,0.2666666666666666,,,,5.0,5.0,,,,,,,,,,,,,,,,,,,,,,,,,,,,,,,,,,,,,,,,,,,,,,,,,,,,,,,,,,,,,,,,,,,,,,,,,,,,,,,,,,,,,,,,,,,,,,,,,,,,,,,,,,,,,,,,,,,,,,,,,,,,,,,,,,,,,,,,,,,,,,,,,,,,,,,,,,,,,,,,,,,,,,,,,,,,,,,,,,,,,,,,,,,,,,,,,,,,,,,,,,,,,,,,,,,,,,,,,,,,,,,,,,,,,,,,,,,,,,,,,,,,,,,,,,,,,,,,,,,
2025,1,ALO,Aston Martin,17.0,0.0,Retired,0,1,8.0,0.0,-11.0,-8.0,3.2,1.4666666666666666,Australian Grand Prix,8.0,11.5,6.0,0,1,1,2,0.0,,,,,,,,7.0,12.0,0.0,1.0,,,,,,,,,,,,,,,,,,,,,,,,,,,,,,,,,,,,,,,,,,,,,,,,,,,,,,,,,,,,,,,,,,,,,,,,,,,,,,,,,,,,,,,,,,,,,,,,,,,,,,,,,,,,,,,,,,,,,,,,,,,,,,,,,,,,,,,,,,,,,,,,,,,,,,,,,,,,,,,,,,,,,,,,,,,,,,,,,,,,,,,,,,,,,,,,,,,,,,,,,,,,,,,,,,,,,,,,,,,,,,,,,,,,,,,,,,,,,,,,,,,,,,,,,,,,,,,,,,,,
2025,2,ALO,Aston Martin,17.0,0.0,Retired,0,1,2.0,0.0,-8.0,-2.0,2.333333333333333,0.9333333333333332,Chinese Grand Prix,2.0,13.0,9.0,0,1,1,2,8.0,11.5,8.0,1.0,0.0,11.5,8.0,1.0,11.0,7.0,0.0,5.0,5.0,,,,,,,,,,,,,,,,,,,,,,,,,,,,,,,,,,,,,,,,,,,,,,,,,,,,,,,,,,,,,,,,,,,,,,,,,,,,,,,,,,,,,,,,,,,,,,,,,,,,,,,,,,,,,,,,,,,,,,,,,,,,,,,,,,,,,,,,,,,,,,,,,,,,,,,,,,,,,,,,,,,,,,,,,,,,,,,,,,,,,,,,,,,,,,,,,,,,,,,,,,,,,,,,,,,,,,,,,,,,,,,,,,,,,,,,,,,,,,,,,,,,,,,,,,,,,,,,,,,
2025,3,ALO,Aston Martin,11.0,0.0,Finished,0,0,0.0,0.0,9.0,0.0,2.1333333333333333,0.8,Japanese Grand Prix,0.0,15.5,11.0,0,0,2,2,10.0,12.25,5.0,1.0,0.0,12.25,5.0,1.0,9.0,8.0,0.0,6.0,6.0,,,,,,,,,,,,,,,,,,,,,,,,,,,,,,,,,,,,,,,,,,,,,,,,,,,,,,,,,,,,,,,,,,,,,,,,,,,,,,,,,,,,,,,,,,,,,,,,,,,,,,,,,,,,,,,,,,,,,,,,,,,,,,,,,,,,,,,,,,,,,,,,,,,,,,,,,,,,,,,,,,,,,,,,,,,,,,,,,,,,,,,,,,,,,,,,,,,,,,,,,,,,,,,,,,,,,,,,,,,,,,,,,,,,,,,,,,,,,,,,,,,,,,,,,,,,,,,,,,,
2025,4,ALO,Aston Martin,15.0,0.0,Finished,0,0,0.0,0.0,2.0,0.0,2.8,0.9333333333333332,Bahrain Grand Prix,0.0,16.0,15.0,0,0,2,2,10.0,13.333333333333334,3.333333333333333,0.6666666666666666,0.3333333333333333,13.333333333333334,3.333333333333333,0.6666666666666666,9.5,3.0,0.0,7.0,7.0,,,,,,,,,,,,,,,,,,,,,,,,,,,,,,,,,,,,,,,,,,,,,,,,,,,,,,,,,,,,,,,,,,,,,,,,,,,,,,,,,,,,,,,,,,,,,,,,,,,,,,,,,,,,,,,,,,,,,,,,,,,,,,,,,,,,,,,,,,,,,,,,,,,,,,,,,,,,,,,,,,,,,,,,,,,,,,,,,,,,,,,,,,,,,,,,,,,,,,,,,,,,,,,,,,,,,,,,,,,,,,,,,,,,,,,,,,,,,,,,,,,,,,,,,,,,,,,,,,,
2025,5,ALO,Aston Martin,11.0,0.0,Finished,0,0,0.0,0.0,5.0,0.0,3.0,1.0,Saudi Arabian Grand Prix,0.0,13.5,11.0,0,0,2,2,10.0,14.0,2.5,0.5,0.5,14.0,2.5,0.5,12.0,10.0,0.0,7.0,7.0,,,,,,,,,,,,,,,,,,,,,,,,,,,,,,,,,,,,,,,,,,,,,,,,,,,,,,,,,,,,,,,,,,,,,,,,,,,,,,,,,,,,,,,,,,,,,,,,,,,,,,,,,,,,,,,,,,,,,,,,,,,,,,,,,,,,,,,,,,,,,,,,,,,,,,,,,,,,,,,,,,,,,,,,,,,,,,,,,,,,,,,,,,,,,,,,,,,,,,,,,,,,,,,,,,,,,,,,,,,,,,,,,,,,,,,,,,,,,,,,,,,,,,,,,,,,,,,,,,,
2025,6,ALO,Aston Martin,15.0,0.0,Lapped,0,1,0.0,0.0,1.0,0.0,3.1333333333333333,0.7333333333333333,Miami Grand Prix,0.0,15.5,15.0,0,0,2,2,10.0,13.9,2.0,0.4,0.6,13.9,2.0,0.4,13.0,2.0,0.0,7.0,8.0,,,,,,,,,,,,,,,,,,,,,,,,,,,,,,,,,,,,,,,,,,,,,,,,,,,,,,,,,,,,,,,,,,,,,,,,,,,,,,,,,,,,,,,,,,,,,,,,,,,,,,,,,,,,,,,,,,,,,,,,,,,,,,,,,,,,,,,,,,,,,,,,,,,,,,,,,,,,,,,,,,,,,,,,,,,,,,,,,,,,,,,,,,,,,,,,,,,,,,,,,,,,,,,,,,,,,,,,,,,,,,,,,,,,,,,,,,,,,,,,,,,,,,,,,,,,,,,,,,,
2025,7,ALO,Aston Martin,11.0,0.0,Finished,0,0,0.0,0.0,4.0,0.0,3.0,0.6666666666666666,Emilia Romagna Grand Prix,0.0,13.0,11.0,0,0,2,2,10.0,14.166666666666666,1.6666666666666667,0.3333333333333333,0.6666666666666667,14.166666666666666,1.6666666666666667,0.3333333333333333,14.0,2.0,0.0,7.0,8.0,,,,,,,,,,,,,,,,,,,,,,,,,,,,,,,,,,,,,,,,,,,,,,,,,,,,,,,,,,,,,,,,,,,,,,,,,,,,,,,,,,,,,,,,,,,,,,,,,,,,,,,,,,,,,,,,,,,,,,,,,,,,,,,,,,,,,,,,,,,,,,,,,,,,,,,,,,,,,,,,,,,,,,,,,,,,,,,,,,,,,,,,,,,,,,,,,,,,,,,,,,,,,,,,,,,,,,,,,,,,,,,,,,,,,,,,,,,,,,,,,,,,,,,,,,,,,,,,,,,
2025,8,ALO,Aston Martin,19.0,0.0,Retired,0,1,0.0,0.0,-4.0,0.0,2.7333333333333334,0.6666666666666666,Monaco Grand Prix,0.0,17.0,15.0,0,1,1,2,10.0,14.0,1.4285714285714286,0.2857142857142857,0.7142857142857143,14.0,1.4285714285714286,0.2857142857142857,12.5,0.0,0.0,7.0,8.0,,,,,,,,,,,,,,,,,,,,,,,,,,,,,,,,,,,,,,,,,,,,,,,,,,,,,,,,,,,,,,,,,,,,,,,,,,,,,,,,,,,,,,,,,,,,,,,,,,,,,,,,,,,,,,,,,,,,,,,,,,,,,,,,,,,,,,,,,,,,,,,,,,,,,,,,,,,,,,,,,,,,,,,,,,,,,,,,,,,,,,,,,,,,,,,,,,,,,,,,,,,,,,,,,,,,,,,,,,,,,,,,,,,,,,,,,,,,,,,,,,,,,,,,,,,,,,,,,,,
2025,9,ALO,Aston Martin,9.0,2.0,Finished,0,0,,,,,1.6,0.1333333333333333,Spanish Grand Prix,2.0,9.0,9.0,0,0,1,1,10.0,14.375,1.25,0.375,0.625,14.375,1.25,0.375,13.0,0.0,0.0,8.0,8.0,,,,,,,,,,,,,,,,,,,,,,,,,,,,,,,,,,,,,,,,,,,,,,,,,,,,,,,,,,,,,,,,,,,,,,,,,,,,,,,,,,,,,,,,,,,,,,,,,,,,,,,,,,,,,,,,,,,,,,,,,,,,,,,,,,,,,,,,,,,,,,,,,,,,,,,,,,,,,,,,,,,,,,,,,,,,,,,,,,,,,,,,,,,,,,,,,,,,,,,,,,,,,,,,,,,,,,,,,,,,,,,,,,,,,,,,,,,,,,,,,,,,,,,,,,,,,,,,,,,
2025,1,ANT,Mercedes,4.0,12.0,Finished,0,0,15.0,1.0,-1.0,-3.0,,,Australian Grand Prix,27.0,3.5,3.0,1,0,2,2,0.0,,,,,,,,17.5,0.0,0.0,1.0,,,,,,,,,,,,,,,,,,,,,,,,,,,,,,,,,,,,,,,,,,,,,,,,,,,,,,,,,,,,,,,,,,,,,,,,,,,,,,,,,,,,,,,,,,,,,,,,,,,,,,,,,,,,,,,,,,,,,,,,,,,,,,,,,,,,,,,,,,,,,,,,,,,,,,,,,,,,,,,,,,,,,,,,,,,,,,,,,,,,,,,,,,,,,,,,,,,,,,,,,,,,,,,,,,,,,,,,,,,,,,,,,,,,,,,,,,,,,,,,,,,,,,,,,,,,,,,,,,,,
2025,2,ANT,Mercedes,6.0,8.0,Finished,0,0,15.0,1.0,-3.0,-7.0,-1.0,-3.0,Chinese Grand Prix,23.0,4.5,3.0,1,0,2,2,27.0,3.5,27.0,0.0,1.0,3.5,27.0,0.0,7.5,10.0,0.0,1.0,1.0,,,,,,,,,,,,,,,,,,,,,,,,,,,,,,,,,,,,,,,,,,,,,,,,,,,,,,,,,,,,,,,,,,,,,,,,,,,,,,,,,,,,,,,,,,,,,,,,,,,,,,,,,,,,,,,,,,,,,,,,,,,,,,,,,,,,,,,,,,,,,,,,,,,,,,,,,,,,,,,,,,,,,,,,,,,,,,,,,,,,,,,,,,,,,,,,,,,,,,,,,,,,,,,,,,,,,,,,,,,,,,,,,,,,,,,,,,,,,,,,,,,,,,,,,,,,,,,,,,,
2025,3,ANT,Mercedes,6.0,8.0,Finished,0,0,10.0,0.0,-1.0,-2.0,-2.0,-5.0,Japanese Grand Prix,18.0,5.5,5.0,0,0,2,2,50.0,4.0,25.0,0.0,1.0,4.0,25.0,0.0,8.0,8.0,0.0,2.0,2.0,,,,,,,,,,,,,,,,,,,,,,,,,,,,,,,,,,,,,,,,,,,,,,,,,,,,,,,,,,,,,,,,,,,,,,,,,,,,,,,,,,,,,,,,,,,,,,,,,,,,,,,,,,,,,,,,,,,,,,,,,,,,,,,,,,,,,,,,,,,,,,,,,,,,,,,,,,,,,,,,,,,,,,,,,,,,,,,,,,,,,,,,,,,,,,,,,,,,,,,,,,,,,,,,,,,,,,,,,,,,,,,,,,,,,,,,,,,,,,,,,,,,,,,,,,,,,,,,,,,
2025,4,ANT,Mercedes,11.0,0.0,Finished,0,0,18.0,1.0,-9.0,-18.0,-1.6666666666666667,-4.0,Bahrain Grand Prix,18.0,6.5,2.0,1,0,2,2,68.0,4.5,22.666666666666668,0.0,1.0,4.5,22.666666666666668,0.0,6.0,16.0,0.0,2.0,2.0,,,,,,,,,,,,,,,,,,,,,,,,,,,,,,,,,,,,,,,,,,,,,,,,,,,,,,,,,,,,,,,,,,,,,,,,,,,,,,,,,,,,,,,,,,,,,,,,,,,,,,,,,,,,,,,,,,,,,,,,,,,,,,,,,,,,,,,,,,,,,,,,,,,,,,,,,,,,,,,,,,,,,,,,,,,,,,,,,,,,,,,,,,,,,,,,,,,,,,,,,,,,,,,,,,,,,,,,,,,,,,,,,,,,,,,,,,,,,,,,,,,,,,,,,,,,,,,,,,,
2025,5,ANT,Mercedes,6.0,8.0,Finished,0,0,10.0,0.0,-1.0,-2.0,-3.5,-7.5,Saudi Arabian Grand Prix,18.0,5.5,5.0,0,0,2,2,86.0,5.0,21.5,0.0,1.0,5.0,21.5,0.0,7.5,10.0,0.0,2.0,2.0,,,,,,,,,,,,,,,,,,,,,,,,,,,,,,,,,,,,,,,,,,,,,,,,,,,,,,,,,,,,,,,,,,,,,,,,,,,,,,,,,,,,,,,,,,,,,,,,,,,,,,,,,,,,,,,,,,,,,,,,,,,,,,,,,,,,,,,,,,,,,,,,,,,,,,,,,,,,,,,,,,,,,,,,,,,,,,,,,,,,,,,,,,,,,,,,,,,,,,,,,,,,,,,,,,,,,,,,,,,,,,,,,,,,,,,,,,,,,,,,,,,,,,,,,,,,,,,,,,,
2025,6,ANT,Mercedes,6.0,8.0,Finished,0,0,15.0,1.0,-3.0,-7.0,-3.0,-6.4,Miami Grand Prix,23.0,4.5,3.0,1,0,2,2,104.0,5.1,20.8,0.0,1.0,5.1,20.8,0.0,7.0,12.0,0.0,2.0,2.0,,,,,,,,,,,,,,,,,,,,,,,,,,,,,,,,,,,,,,,,,,,,,,,,,,,,,,,,,,,,,,,,,,,,,,,,,,,,,,,,,,,,,,,,,,,,,,,,,,,,,,,,,,,,,,,,,,,,,,,,,,,,,,,,,,,,,,,,,,,,,,,,,,,,,,,,,,,,,,,,,,,,,,,,,,,,,,,,,,,,,,,,,,,,,,,,,,,,,,,,,,,,,,,,,,,,,,,,,,,,,,,,,,,,,,,,,,,,,,,,,,,,,,,,,,,,,,,,,,,
2025,7,ANT,Mercedes,19.0,0.0,Retired,0,1,6.0,0.0,-12.0,-6.0,-3.0,-6.5,Emilia Romagna Grand Prix,6.0,13.0,7.0,0,1,1,2,127.0,5.0,21.166666666666668,0.0,1.0,5.0,21.166666666666668,0.0,6.5,15.0,0.0,2.0,2.0,,,,,,,,,,,,,,,,,,,,,,,,,,,,,,,,,,,,,,,,,,,,,,,,,,,,,,,,,,,,,,,,,,,,,,,,,,,,,,,,,,,,,,,,,,,,,,,,,,,,,,,,,,,,,,,,,,,,,,,,,,,,,,,,,,,,,,,,,,,,,,,,,,,,,,,,,,,,,,,,,,,,,,,,,,,,,,,,,,,,,,,,,,,,,,,,,,,,,,,,,,,,,,,,,,,,,,,,,,,,,,,,,,,,,,,,,,,,,,,,,,,,,,,,,,,,,,,,,,,
2025,8,ANT,Mercedes,18.0,0.0,Lapped,0,1,0.0,0.0,-7.0,0.0,-4.285714285714286,-6.428571428571429,Monaco Grand Prix,0.0,14.5,11.0,0,0,2,2,133.0,6.142857142857143,19.0,0.1428571428571428,0.8571428571428572,6.142857142857143,19.0,0.1428571428571428,6.0,17.0,0.0,2.0,2.0,,,,,,,,,,,,,,,,,,,,,,,,,,,,,,,,,,,,,,,,,,,,,,,,,,,,,,,,,,,,,,,,,,,,,,,,,,,,,,,,,,,,,,,,,,,,,,,,,,,,,,,,,,,,,,,,,,,,,,,,,,,,,,,,,,,,,,,,,,,,,,,,,,,,,,,,,,,,,,,,,,,,,,,,,,,,,,,,,,,,,,,,,,,,,,,,,,,,,,,,,,,,,,,,,,,,,,,,,,,,,,,,,,,,,,,,,,,,,,,,,,,,,,,,,,,,,,,,,,,
2025,9,ANT,Mercedes,18.0,0.0,Retired,0,1,12.0,0.0,-14.0,-12.0,-4.625,-5.625,Spanish Grand Prix,12.0,11.0,4.0,0,1,1,2,133.0,7.1875,16.625,0.125,0.875,7.1875,16.625,0.125,3.5,27.0,1.0,3.0,2.0,,,,,,,,,,,,,,,,,,,,,,,,,,,,,,,,,,,,,,,,,,,,,,,,,,,,,,,,,,,,,,,,,,,,,,,,,,,,,,,,,,,,,,,,,,,,,,,,,,,,,,,,,,,,,,,,,,,,,,,,,,,,,,,,,,,,,,,,,,,,,,,,,,,,,,,,,,,,,,,,,,,,,,,,,,,,,,,,,,,,,,,,,,,,,,,,,,,,,,,,,,,,,,,,,,,,,,,,,,,,,,,,,,,,,,,,,,,,,,,,,,,,,,,,,,,,,,,,,,,
2024,2,BEA,Ferrari,7.0,6.0,Finished,0,0,16.0,1.0,-4.0,-10.0,,,Saudi Arabian Grand Prix,22.0,5.0,3.0,1,0,2,2,27.0,3.5,27.0,0.0,1.0,3.5,27.0,0.0,,,,2.0,2.0,Saudi Arabian Grand Prix,,,,,,,,,,,,,,,,,,,,,,,,,,,,,,,,,89.306,,,99.62133333333334,,,93.14414285714285,,,0.44941236764299813,,,10.0,39.70125,,,38.2,,,41.9,,,26.754999999999995,,,26.4,,,27.1,,,57.575,,,53.0,,,61.0,,,1012.2375,,,1012.0,,,1012.5,,,0.0,,,False,,,False,,,4.80625,,,3.2,,,6.8,,,24.6125,,,1.0,,,41.0,,,,30.59677419354838,,,29.2,,,31.5,,,25.370967741935488,,,25.2,,,25.6,,,59.784946236559136,,,58.0,,,63.0,,,1013.7204301075269,,,1013.2,,,1014.1,,,0.0,,,False,,,False,,,2.4010752688172046,,,0.6,,,4.1,,,92.86021505376344,,,0.0,,,360.0,,,,39.558536585365864,,,37.3,,,43.5,,,25.98414634146341,,,25.6,,,26.3,,,60.34146341463415,,,57.0,,,63.0,,,1012.940243902439,,,1012.7,,,1013.4,,,0.0,,,False,,,False,,,4.16219512195122,,,2.1,,,5.8,,,23.451219512195124,,,0.0,,,54.0,0.0,0.0,0.0,0.0,,,,,,,,,,,,,89.306,99.62133333333334,93.14414285714285,10.0,,,,
2024,17,BEA,Haas F1 Team,10.0,1.0,Finished,0,0,0.0,0.0,1.0,1.0,-4.0,-10.0,Azerbaijan Grand Prix,1.0,10.5,10.0,0,0,2,2,26.0,12.8125,1.625,0.125,0.875,12.733333333333333,1.7333333333333334,0.1333333333333333,,,,7.0,6.0,Azerbaijan Grand Prix,106.973,,,111.8690909090909,,,114.7364,,,1.9302433266300927,,,11.0,,,,104.547,,,111.69646666666664,,,113.89654545454546,,,10.92152831213321,,,10.0,,,,,,,,,,,,,,,,,43.68478260869565,,,39.8,,,46.2,,,29.195652173913032,,,28.0,,,30.6,,,39.09782608695652,,,26.0,,,50.0,,,1015.1771739130434,,,1014.9,,,1015.6,,,0.0,,,False,,,False,,,1.6956521739130432,,,0.5,,,3.5,,,119.3695652173913,,,0.0,,,353.0,,,,36.34878048780487,,,32.9,,,41.2,,,28.52926829268293,,,27.5,,,29.2,,,33.09756097560975,,,27.0,,,47.0,,,1015.0731707317074,,,1014.8,,,1015.3,,,0.0,,,False,,,False,,,1.224390243902439,,,0.0,,,2.6,,,115.8170731707317,,,0.0,,,358.0,,,,31.889024390243897,,,31.0,,,33.1,,,26.991463414634143,,,26.7,,,27.3,,,39.40243902439025,,,35.0,,,44.0,,,1016.6475609756096,,,1016.3,,,1016.9,,,0.35365853658536583,,,False,,,True,,,0.7658536585365854,,,0.0,,,1.7,,,125.02439024390245,,,0.0,,,357.0,0.0,0.0,0.0,0.0,,,,,,,,,,,,,105.75999999999999,111.78277878787877,114.31647272727272,10.5,82.549,93.7401374682861,90.35327326007325,15.6
2024,21,BEA,Haas F1 Team,12.0,0.0,Finished,0,0,0.0,0.0,8.0,0.0,-1.5,-4.5,São Paulo Grand Prix,0.0,16.0,12.0,0,1,1,2,41.0,12.35,2.05,0.15,0.85,12.5,2.4,0.2,,,,6.0,6.0,São Paulo Grand Prix,70.805,,,82.22422222222222,,,80.09811111111111,,,13.505413067030235,,,3.0,,,,,,,,,,,,,,,,,,,,,,,,,,,,,,,,,54.140243902439025,,,49.7,,,57.5,,,26.103658536585368,,,25.7,,,26.4,,,54.9390243902439,,,48.0,,,59.0,,,928.0024390243904,,,927.6,,,928.4,,,0.0,,,False,,,False,,,1.0865853658536584,,,0.0,,,2.1,,,180.59756097560975,,,0.0,,,350.0,,,,,,,,,,,,,,,,,,,,,,,,,,,,,,,,,,,,,,,,,,,,,,,,,,,,,,,,,,,,,,,,,,,,,,,,,,,,,,,,,,,,,,,,,,,,,,,,,,,,,,,,,,,,,,,,,,,,,,,,,,,,,,,,,1.0,0.0,0.0,0.0,,,,,,,,,,,,,70.805,82.22422222222222,80.09811111111111,3.0,85.68014285714285,95.49935230418704,92.62990557537701,15.5
2025,1,BEA,Haas F1 Team,14.0,0.0,Finished,0,0,0.0,0.0,-1.0,0.0,1.6666666666666667,-3.0,Australian Grand Prix,0.0,13.5,13.0,0,0,2,2,0.0,,,,,,,,9.5,3.0,0.0,1.0,,,,,,,,,,,,,,,,,,,,,,,,,,,,,,,,,,,,,,,,,,,,,,,,,,,,,,,,,,,,,,,,,,,,,,,,,,,,,,,,,,,,,,,,,,,,,,,,,,,,,,,,,,,,,,,,,,,,,,,,,,,,,,,,,,,,,,,,,,,,,,,,,,,,,,,,,,,,,,,,,,,,,,,,,,,,,,,,,,,,,,,,,,,,,,,,,,,,,,,,,,,,,,,,,,,,,,,,,,,,,,,,,,,,,,,,,,,,,,,,,,,,,,,,,,,,,,,,,,,,
2025,2,BEA,Haas F1 Team,8.0,4.0,Finished,0,0,10.0,0.0,-3.0,-6.0,1.0,-2.25,Chinese Grand Prix,14.0,6.5,5.0,0,0,2,2,0.0,13.5,0.0,0.0,1.0,13.5,0.0,0.0,13.0,1.0,0.0,8.0,8.0,,,,,,,,,,,,,,,,,,,,,,,,,,,,,,,,,,,,,,,,,,,,,,,,,,,,,,,,,,,,,,,,,,,,,,,,,,,,,,,,,,,,,,,,,,,,,,,,,,,,,,,,,,,,,,,,,,,,,,,,,,,,,,,,,,,,,,,,,,,,,,,,,,,,,,,,,,,,,,,,,,,,,,,,,,,,,,,,,,,,,,,,,,,,,,,,,,,,,,,,,,,,,,,,,,,,,,,,,,,,,,,,,,,,,,,,,,,,,,,,,,,,,,,,,,,,,,,,,,,
2025,3,BEA,Haas F1 Team,10.0,1.0,Finished,0,0,0.0,0.0,8.0,1.0,0.2,-3.0,Japanese Grand Prix,1.0,14.0,10.0,0,0,2,2,14.0,10.0,7.0,0.0,1.0,10.0,7.0,0.0,12.0,0.0,0.0,5.0,4.0,,,,,,,,,,,,,,,,,,,,,,,,,,,,,,,,,,,,,,,,,,,,,,,,,,,,,,,,,,,,,,,,,,,,,,,,,,,,,,,,,,,,,,,,,,,,,,,,,,,,,,,,,,,,,,,,,,,,,,,,,,,,,,,,,,,,,,,,,,,,,,,,,,,,,,,,,,,,,,,,,,,,,,,,,,,,,,,,,,,,,,,,,,,,,,,,,,,,,,,,,,,,,,,,,,,,,,,,,,,,,,,,,,,,,,,,,,,,,,,,,,,,,,,,,,,,,,,,,,,
2025,4,BEA,Haas F1 Team,10.0,1.0,Finished,0,0,4.0,0.0,-2.0,-3.0,1.5,-2.333333333333333,Bahrain Grand Prix,5.0,9.0,8.0,0,0,2,2,15.0,11.333333333333334,5.0,0.0,1.0,11.333333333333334,5.0,0.0,14.0,0.0,0.0,6.0,6.0,,,,,,,,,,,,,,,,,,,,,,,,,,,,,,,,,,,,,,,,,,,,,,,,,,,,,,,,,,,,,,,,,,,,,,,,,,,,,,,,,,,,,,,,,,,,,,,,,,,,,,,,,,,,,,,,,,,,,,,,,,,,,,,,,,,,,,,,,,,,,,,,,,,,,,,,,,,,,,,,,,,,,,,,,,,,,,,,,,,,,,,,,,,,,,,,,,,,,,,,,,,,,,,,,,,,,,,,,,,,,,,,,,,,,,,,,,,,,,,,,,,,,,,,,,,,,,,,,,,
2025,5,BEA,Haas F1 Team,13.0,0.0,Finished,0,0,0.0,0.0,1.0,0.0,1.0,-2.4285714285714284,Saudi Arabian Grand Prix,0.0,13.5,13.0,0,0,2,2,20.0,10.75,5.0,0.0,1.0,10.75,5.0,0.0,11.0,1.0,0.0,5.0,5.0,,,,,,,,,,,,,,,,,,,,,,,,,,,,,,,,,,,,,,,,,,,,,,,,,,,,,,,,,,,,,,,,,,,,,,,,,,,,,,,,,,,,,,,,,,,,,,,,,,,,,,,,,,,,,,,,,,,,,,,,,,,,,,,,,,,,,,,,,,,,,,,,,,,,,,,,,,,,,,,,,,,,,,,,,,,,,,,,,,,,,,,,,,,,,,,,,,,,,,,,,,,,,,,,,,,,,,,,,,,,,,,,,,,,,,,,,,,,,,,,,,,,,,,,,,,,,,,,,,,
2025,6,BEA,Haas F1 Team,19.0,0.0,Retired,0,1,0.0,0.0,-7.0,0.0,1.0,-2.125,Miami Grand Prix,0.0,15.5,12.0,0,1,1,2,20.0,11.3,4.0,0.0,1.0,11.3,4.0,0.0,15.0,0.0,0.0,6.0,6.0,,,,,,,,,,,,,,,,,,,,,,,,,,,,,,,,,,,,,,,,,,,,,,,,,,,,,,,,,,,,,,,,,,,,,,,,,,,,,,,,,,,,,,,,,,,,,,,,,,,,,,,,,,,,,,,,,,,,,,,,,,,,,,,,,,,,,,,,,,,,,,,,,,,,,,,,,,,,,,,,,,,,,,,,,,,,,,,,,,,,,,,,,,,,,,,,,,,,,,,,,,,,,,,,,,,,,,,,,,,,,,,,,,,,,,,,,,,,,,,,,,,,,,,,,,,,,,,,,,,
2025,7,BEA,Haas F1 Team,17.0,0.0,Finished,0,0,0.0,0.0,3.0,0.0,0.1111111111111111,-1.8888888888888888,Emilia Romagna Grand Prix,0.0,18.5,17.0,0,1,1,2,20.0,12.0,3.333333333333333,0.1666666666666666,0.8333333333333334,12.0,3.333333333333333,0.1666666666666666,11.5,0.0,0.0,6.0,6.0,,,,,,,,,,,,,,,,,,,,,,,,,,,,,,,,,,,,,,,,,,,,,,,,,,,,,,,,,,,,,,,,,,,,,,,,,,,,,,,,,,,,,,,,,,,,,,,,,,,,,,,,,,,,,,,,,,,,,,,,,,,,,,,,,,,,,,,,,,,,,,,,,,,,,,,,,,,,,,,,,,,,,,,,,,,,,,,,,,,,,,,,,,,,,,,,,,,,,,,,,,,,,,,,,,,,,,,,,,,,,,,,,,,,,,,,,,,,,,,,,,,,,,,,,,,,,,,,,,,
2025,8,BEA,Haas F1 Team,12.0,0.0,Lapped,0,1,6.0,0.0,-5.0,-6.0,0.4,-1.7,Monaco Grand Prix,6.0,9.5,7.0,0,0,2,2,20.0,12.928571428571429,2.857142857142857,0.2857142857142857,0.7142857142857143,12.928571428571429,2.857142857142857,0.2857142857142857,19.5,0.0,0.0,6.0,6.0,,,,,,,,,,,,,,,,,,,,,,,,,,,,,,,,,,,,,,,,,,,,,,,,,,,,,,,,,,,,,,,,,,,,,,,,,,,,,,,,,,,,,,,,,,,,,,,,,,,,,,,,,,,,,,,,,,,,,,,,,,,,,,,,,,,,,,,,,,,,,,,,,,,,,,,,,,,,,,,,,,,,,,,,,,,,,,,,,,,,,,,,,,,,,,,,,,,,,,,,,,,,,,,,,,,,,,,,,,,,,,,,,,,,,,,,,,,,,,,,,,,,,,,,,,,,,,,,,,,
2025,9,BEA,Haas F1 Team,17.0,0.0,Finished,0,0,0.0,0.0,-1.0,0.0,-0.0909090909090909,-2.090909090909091,Spanish Grand Prix,0.0,16.5,16.0,0,0,2,2,26.0,12.5,3.25,0.25,0.75,12.5,3.25,0.25,14.0,0.0,0.0,6.0,6.0,,,,,,,,,,,,,,,,,,,,,,,,,,,,,,,,,,,,,,,,,,,,,,,,,,,,,,,,,,,,,,,,,,,,,,,,,,,,,,,,,,,,,,,,,,,,,,,,,,,,,,,,,,,,,,,,,,,,,,,,,,,,,,,,,,,,,,,,,,,,,,,,,,,,,,,,,,,,,,,,,,,,,,,,,,,,,,,,,,,,,,,,,,,,,,,,,,,,,,,,,,,,,,,,,,,,,,,,,,,,,,,,,,,,,,,,,,,,,,,,,,,,,,,,,,,,,,,,,,,
2025,1,BOR,Kick Sauber,16.0,0.0,Retired,0,1,6.0,0.0,-9.0,-6.0,,,Australian Grand Prix,6.0,11.5,7.0,0,1,1,2,0.0,,,,,,,,14.5,0.0,0.0,1.0,,,,,,,,,,,,,,,,,,,,,,,,,,,,,,,,,,,,,,,,,,,,,,,,,,,,,,,,,,,,,,,,,,,,,,,,,,,,,,,,,,,,,,,,,,,,,,,,,,,,,,,,,,,,,,,,,,,,,,,,,,,,,,,,,,,,,,,,,,,,,,,,,,,,,,,,,,,,,,,,,,,,,,,,,,,,,,,,,,,,,,,,,,,,,,,,,,,,,,,,,,,,,,,,,,,,,,,,,,,,,,,,,,,,,,,,,,,,,,,,,,,,,,,,,,,,,,,,,,,,
2025,2,BOR,Kick Sauber,14.0,0.0,Lapped,0,1,0.0,0.0,1.0,0.0,-9.0,-6.0,Chinese Grand Prix,0.0,14.5,14.0,0,0,2,2,6.0,11.5,6.0,1.0,0.0,11.5,6.0,1.0,17.0,0.0,0.0,6.0,5.0,,,,,,,,,,,,,,,,,,,,,,,,,,,,,,,,,,,,,,,,,,,,,,,,,,,,,,,,,,,,,,,,,,,,,,,,,,,,,,,,,,,,,,,,,,,,,,,,,,,,,,,,,,,,,,,,,,,,,,,,,,,,,,,,,,,,,,,,,,,,,,,,,,,,,,,,,,,,,,,,,,,,,,,,,,,,,,,,,,,,,,,,,,,,,,,,,,,,,,,,,,,,,,,,,,,,,,,,,,,,,,,,,,,,,,,,,,,,,,,,,,,,,,,,,,,,,,,,,,,
2025,3,BOR,Kick Sauber,19.0,0.0,Finished,0,0,0.0,0.0,-3.0,0.0,-4.0,-3.0,Japanese Grand Prix,0.0,17.5,16.0,0,0,2,2,6.0,13.0,3.0,0.5,0.5,13.0,3.0,0.5,16.0,0.0,0.0,7.0,7.0,,,,,,,,,,,,,,,,,,,,,,,,,,,,,,,,,,,,,,,,,,,,,,,,,,,,,,,,,,,,,,,,,,,,,,,,,,,,,,,,,,,,,,,,,,,,,,,,,,,,,,,,,,,,,,,,,,,,,,,,,,,,,,,,,,,,,,,,,,,,,,,,,,,,,,,,,,,,,,,,,,,,,,,,,,,,,,,,,,,,,,,,,,,,,,,,,,,,,,,,,,,,,,,,,,,,,,,,,,,,,,,,,,,,,,,,,,,,,,,,,,,,,,,,,,,,,,,,,,,
2025,4,BOR,Kick Sauber,18.0,0.0,Finished,0,0,0.0,0.0,2.0,0.0,-3.6666666666666665,-2.0,Bahrain Grand Prix,0.0,19.0,18.0,0,1,1,2,6.0,14.5,2.0,0.3333333333333333,0.6666666666666667,14.5,2.0,0.3333333333333333,15.0,0.0,0.0,8.0,9.0,,,,,,,,,,,,,,,,,,,,,,,,,,,,,,,,,,,,,,,,,,,,,,,,,,,,,,,,,,,,,,,,,,,,,,,,,,,,,,,,,,,,,,,,,,,,,,,,,,,,,,,,,,,,,,,,,,,,,,,,,,,,,,,,,,,,,,,,,,,,,,,,,,,,,,,,,,,,,,,,,,,,,,,,,,,,,,,,,,,,,,,,,,,,,,,,,,,,,,,,,,,,,,,,,,,,,,,,,,,,,,,,,,,,,,,,,,,,,,,,,,,,,,,,,,,,,,,,,,,
2025,5,BOR,Kick Sauber,18.0,0.0,Lapped,0,1,0.0,0.0,-3.0,0.0,-2.25,-1.5,Saudi Arabian Grand Prix,0.0,16.5,15.0,0,0,2,2,6.0,15.625,1.5,0.5,0.5,15.625,1.5,0.5,17.5,0.0,0.0,8.0,10.0,,,,,,,,,,,,,,,,,,,,,,,,,,,,,,,,,,,,,,,,,,,,,,,,,,,,,,,,,,,,,,,,,,,,,,,,,,,,,,,,,,,,,,,,,,,,,,,,,,,,,,,,,,,,,,,,,,,,,,,,,,,,,,,,,,,,,,,,,,,,,,,,,,,,,,,,,,,,,,,,,,,,,,,,,,,,,,,,,,,,,,,,,,,,,,,,,,,,,,,,,,,,,,,,,,,,,,,,,,,,,,,,,,,,,,,,,,,,,,,,,,,,,,,,,,,,,,,,,,,
2025,6,BOR,Kick Sauber,18.0,0.0,Retired,0,1,0.0,0.0,-4.0,0.0,-2.4,-1.2,Miami Grand Prix,0.0,16.0,14.0,0,1,1,2,6.0,15.8,1.2,0.4,0.6,15.8,1.2,0.4,15.0,0.0,0.0,8.0,10.0,,,,,,,,,,,,,,,,,,,,,,,,,,,,,,,,,,,,,,,,,,,,,,,,,,,,,,,,,,,,,,,,,,,,,,,,,,,,,,,,,,,,,,,,,,,,,,,,,,,,,,,,,,,,,,,,,,,,,,,,,,,,,,,,,,,,,,,,,,,,,,,,,,,,,,,,,,,,,,,,,,,,,,,,,,,,,,,,,,,,,,,,,,,,,,,,,,,,,,,,,,,,,,,,,,,,,,,,,,,,,,,,,,,,,,,,,,,,,,,,,,,,,,,,,,,,,,,,,,,
2025,7,BOR,Kick Sauber,18.0,0.0,Finished,0,0,0.0,0.0,-6.0,0.0,-2.6666666666666665,-1.0,Emilia Romagna Grand Prix,0.0,15.0,12.0,0,0,2,2,6.0,15.833333333333334,1.0,0.5,0.5,15.833333333333334,1.0,0.5,16.5,0.0,0.0,8.0,10.0,,,,,,,,,,,,,,,,,,,,,,,,,,,,,,,,,,,,,,,,,,,,,,,,,,,,,,,,,,,,,,,,,,,,,,,,,,,,,,,,,,,,,,,,,,,,,,,,,,,,,,,,,,,,,,,,,,,,,,,,,,,,,,,,,,,,,,,,,,,,,,,,,,,,,,,,,,,,,,,,,,,,,,,,,,,,,,,,,,,,,,,,,,,,,,,,,,,,,,,,,,,,,,,,,,,,,,,,,,,,,,,,,,,,,,,,,,,,,,,,,,,,,,,,,,,,,,,,,,,
2025,8,BOR,Kick Sauber,14.0,0.0,Lapped,0,1,0.0,0.0,2.0,0.0,-3.142857142857143,-0.8571428571428571,Monaco Grand Prix,0.0,15.0,14.0,0,0,2,2,6.0,15.714285714285714,0.8571428571428571,0.4285714285714285,0.5714285714285714,15.714285714285714,0.8571428571428571,0.4285714285714285,14.5,0.0,0.0,9.0,10.0,,,,,,,,,,,,,,,,,,,,,,,,,,,,,,,,,,,,,,,,,,,,,,,,,,,,,,,,,,,,,,,,,,,,,,,,,,,,,,,,,,,,,,,,,,,,,,,,,,,,,,,,,,,,,,,,,,,,,,,,,,,,,,,,,,,,,,,,,,,,,,,,,,,,,,,,,,,,,,,,,,,,,,,,,,,,,,,,,,,,,,,,,,,,,,,,,,,,,,,,,,,,,,,,,,,,,,,,,,,,,,,,,,,,,,,,,,,,,,,,,,,,,,,,,,,,,,,,,,,
2025,9,BOR,Kick Sauber,12.0,0.0,Finished,0,0,10.0,0.0,-7.0,-10.0,-2.5,-0.75,Spanish Grand Prix,10.0,8.5,5.0,0,0,2,2,6.0,15.625,0.75,0.375,0.625,15.625,0.75,0.375,14.5,0.0,0.0,9.0,10.0,,,,,,,,,,,,,,,,,,,,,,,,,,,,,,,,,,,,,,,,,,,,,,,,,,,,,,,,,,,,,,,,,,,,,,,,,,,,,,,,,,,,,,,,,,,,,,,,,,,,,,,,,,,,,,,,,,,,,,,,,,,,,,,,,,,,,,,,,,,,,,,,,,,,,,,,,,,,,,,,,,,,,,,,,,,,,,,,,,,,,,,,,,,,,,,,,,,,,,,,,,,,,,,,,,,,,,,,,,,,,,,,,,,,,,,,,,,,,,,,,,,,,,,,,,,,,,,,,,,
2024,1,BOT,Kick Sauber,19.0,0.0,Lapped,0,1,0.0,0.0,-8.0,0.0,,,Bahrain Grand Prix,0.0,15.0,11.0,0,0,2,2,0.0,,,,,,,,,,,1.0,,Bahrain Grand Prix,93.354,,,109.69907692307692,,,108.9906,,,18.73603341959018,,,10.0,,,,92.001,,,100.06943749999999,,,100.0230909090909,,,7.651884022311703,,,17.0,,,,92.096,,,97.2568,,,92.096,,,,,,17.0,34.21585365853659,,,31.9,,,36.0,,,19.373170731707315,,,19.0,,,19.8,,,38.74390243902439,,,36.0,,,41.0,,,1016.1012195121951,,,1015.9,,,1016.3,,,0.0,,,False,,,False,,,3.3780487804878048,,,2.1,,,4.7,,,66.45121951219512,,,35.0,,,109.0,,,,22.098780487804877,,,21.1,,,23.4,,,17.24756097560976,,,17.1,,,17.4,,,39.02439024390244,,,34.0,,,46.0,,,1017.2317073170732,,,1017.0,,,1017.6,,,0.0,,,False,,,False,,,2.2817073170731708,,,1.2,,,3.5,,,82.76829268292683,,,41.0,,,134.0,,,,32.01341463414634,,,29.2,,,35.2,,,20.259756097560977,,,19.9,,,20.6,,,35.71951219512195,,,30.0,,,41.0,,,1017.720731707317,,,1017.4,,,1018.0,,,0.0,,,False,,,False,,,2.778048780487805,,,1.6,,,4.0,,,54.5,,,28.0,,,85.0,0.0,0.0,0.0,0.0,,,,,,,,,,,,,92.48366666666668,102.34177147435896,100.36989696969697,14.666666666666666,,,,
2024,2,BOT,Kick Sauber,17.0,0.0,Lapped,0,1,0.0,0.0,1.0,0.0,-8.0,0.0,Saudi Arabian Grand Prix,0.0,17.5,17.0,0,0,2,2,0.0,15.0,0.0,0.0,1.0,15.0,0.0,0.0,,,,6.0,8.0,Saudi Arabian Grand Prix,90.783,,,100.5294705882353,,,99.5625,,,9.617765119818634,,,11.0,,,,90.153,,,104.23784210526314,,,100.34581818181819,,,8.831386695397072,,,20.0,,,,90.083,,,105.35407692307693,,,94.4396,,,0.22044568492034655,,,18.0,39.70125,,,38.2,,,41.9,,,26.754999999999995,,,26.4,,,27.1,,,57.575,,,53.0,,,61.0,,,1012.2375,,,1012.0,,,1012.5,,,0.0,,,False,,,False,,,4.80625,,,3.2,,,6.8,,,24.6125,,,1.0,,,41.0,,,,30.59677419354838,,,29.2,,,31.5,,,25.370967741935488,,,25.2,,,25.6,,,59.784946236559136,,,58.0,,,63.0,,,1013.7204301075269,,,1013.2,,,1014.1,,,0.0,,,False,,,False,,,2.4010752688172046,,,0.6,,,4.1,,,92.86021505376344,,,0.0,,,360.0,,,,39.558536585365864,,,37.3,,,43.5,,,25.98414634146341,,,25.6,,,26.3,,,60.34146341463415,,,57.0,,,63.0,,,1012.940243902439,,,1012.7,,,1013.4,,,0.0,,,False,,,False,,,4.16219512195122,,,2.1,,,5.8,,,23.451219512195124,,,0.0,,,54.0,0.0,0.0,0.0,0.0,,,,,,,,,,,,,90.33966666666667,103.37379653885846,98.11597272727272,16.333333333333332,92.48366666666668,102.34177147435896,100.36989696969697,14.666666666666666
2024,3,BOT,Kick Sauber,14.0,0.0,Lapped,0,1,0.0,0.0,1.0,0.0,-3.5,0.0,Australian Grand Prix,0.0,14.5,14.0,0,0,2,2,0.0,16.25,0.0,0.0,1.0,16.25,0.0,0.0,,,,7.0,9.0,Australian Grand Prix,80.014,,,93.58153846153846,,,93.21900000000001,,,16.01787300694654,,,20.0,,,,78.585,,,88.7885,,,87.56628571428573,,,10.470608177388536,,,14.0,,,,77.752,,,95.20599999999999,,,91.75274999999999,,,18.95746599407913,,,12.0,33.70987654320987,,,29.9,,,36.8,,,18.469135802469136,,,18.0,,,19.0,,,61.01234567901235,,,55.0,,,64.0,,,1023.5641975308641,,,1023.2,,,1023.9,,,0.0,,,False,,,False,,,1.262962962962963,,,0.5,,,2.7,,,142.54320987654322,,,0.0,,,342.0,,,,36.15731707317073,,,34.0,,,38.3,,,20.157317073170734,,,20.0,,,20.4,,,56.926829268292686,,,55.0,,,58.0,,,1022.0512195121953,,,1021.8,,,1022.2,,,0.0,,,False,,,False,,,1.803658536585366,,,0.7,,,3.0,,,147.47560975609755,,,0.0,,,354.0,,,,27.669135802469132,,,25.2,,,31.0,,,18.27283950617284,,,17.9,,,18.8,,,59.39506172839506,,,56.0,,,62.0,,,1025.324691358025,,,1025.0,,,1025.6,,,0.0,,,False,,,False,,,1.4333333333333333,,,0.5,,,2.8,,,133.25925925925927,,,0.0,,,346.0,0.0,0.0,0.0,0.0,,,,,,,,,,,,,78.78366666666666,92.52534615384616,90.84601190476191,15.333333333333334,91.41166666666668,102.85778400660871,99.24293484848485,15.5
2024,4,BOT,Kick Sauber,14.0,0.0,Lapped,0,1,0.0,0.0,4.0,0.0,-2.0,0.0,Japanese Grand Prix,0.0,16.0,14.0,0,1,1,2,0.0,15.666666666666666,0.0,0.0,1.0,15.666666666666666,0.0,0.0,,,,8.0,9.0,Japanese Grand Prix,92.054,,,106.52033333333333,,,107.3314,,,19.655681387324123,,,14.0,,,,116.059,,,116.059,,,116.059,,,,,,9.0,,,,90.546,,,102.24906250000001,,,97.96122222222223,,,1.6730596804789888,,,12.0,24.296249999999997,,,22.9,,,25.8,,,16.566250000000004,,,15.4,,,17.2,,,42.6875,,,35.0,,,53.0,,,1013.31125,,,1012.9,,,1013.6,,,0.0,,,False,,,False,,,1.3625,,,0.4,,,3.0,,,178.175,,,10.0,,,359.0,,,,16.752325581395347,,,16.2,,,18.1,,,13.02093023255814,,,12.5,,,14.1,,,72.95348837209302,,,60.0,,,80.0,,,1013.4674418604648,,,1013.3,,,1013.7,,,0.20930232558139536,,,False,,,True,,,1.0046511627906978,,,0.0,,,1.9,,,157.5,,,0.0,,,218.0,,,,26.660759493670884,,,24.2,,,29.6,,,17.38227848101266,,,16.7,,,17.9,,,66.10126582278481,,,62.0,,,69.0,,,1015.8417721518989,,,1015.0,,,1016.5,,,0.0,,,False,,,False,,,1.3746835443037975,,,0.4,,,2.5,,,171.72151898734177,,,0.0,,,358.0,0.0,0.0,0.0,0.0,,,,,,,,,,,,,99.553,108.27613194444444,107.1172074074074,11.666666666666666,87.20233333333334,99.41363805568785,96.44396053391053,15.444444444444443
2024,5,BOT,Kick Sauber,20.0,0.0,Retired,0,1,0.0,0.0,-6.0,0.0,-0.5,0.0,Chinese Grand Prix,0.0,17.0,14.0,0,1,1,2,0.0,15.75,0.0,0.25,0.75,15.75,0.0,0.25,,,,8.0,9.0,Chinese Grand Prix,97.53,,,108.82287500000001,,,103.62857142857142,,,1.031899196811858,,,10.0,,,,,,,,,,,,,,,,,,,,,,,,,,,,,,,,,39.46829268292684,,,38.2,,,42.1,,,23.142682926829266,,,22.3,,,23.8,,,22.865853658536587,,,21.0,,,25.0,,,1009.3329268292683,,,1008.5,,,1010.1,,,0.0,,,False,,,False,,,1.3536585365853657,,,0.0,,,3.2,,,146.96341463414635,,,0.0,,,356.0,,,,,,,,,,,,,,,,,,,,,,,,,,,,,,,,,,,,,,,,,,,,,,,,,,,,,,,,,,,,,,,,,,,,,,,,,,,,,,,,,,,,,,,,,,,,,,,,,,,,,,,,,,,,,,,,,,,,,,,,,,,,,,,,,1.0,0.0,0.0,0.0,,,,,,,,,,,,,97.53,108.82287500000001,103.62857142857142,10.0,90.29,101.629261527877,99.11227225228475,14.5
2024,6,BOT,Kick Sauber,16.0,0.0,Finished,0,0,0.0,0.0,-2.0,0.0,-1.6,0.0,Miami Grand Prix,0.0,15.0,14.0,0,0,2,2,0.0,16.0,0.0,0.4,0.6,16.0,0.0,0.4,,,,8.0,10.0,Miami Grand Prix,89.636,,,108.93721428571428,,,114.10571428571428,,,22.833142729479047,,,17.0,,,,,,,,,,,,,,,,,,,,,,,,,,,,,,,,,49.958441558441564,,,43.4,,,54.9,,,28.780519480519484,,,28.3,,,29.3,,,56.27272727272727,,,53.0,,,59.0,,,1015.31038961039,,,1015.0,,,1015.6,,,0.0,,,False,,,False,,,3.0090909090909084,,,1.3,,,4.7,,,160.14285714285714,,,99.0,,,197.0,,,,,,,,,,,,,,,,,,,,,,,,,,,,,,,,,,,,,,,,,,,,,,,,,,,,,,,,,,,,,,,,,,,,,,,,,,,,,,,,,,,,,,,,,,,,,,,,,,,,,,,,,,,,,,,,,,,,,,,,,,,,,,,,,1.0,0.0,0.0,0.0,,,,,,,,,,,,,89.636,108.93721428571428,114.10571428571428,17.0,91.738,103.0679842223016,100.01553208754208,13.6
2024,7,BOT,Kick Sauber,18.0,0.0,Lapped,0,1,0.0,0.0,-3.0,0.0,-1.6666666666666667,0.0,Emilia Romagna Grand Prix,0.0,16.5,15.0,0,0,2,2,0.0,15.833333333333334,0.0,0.3333333333333333,0.6666666666666667,15.833333333333334,0.0,0.3333333333333333,,,,9.0,10.0,Emilia Romagna Grand Prix,78.827,,,91.79642857142856,,,85.556,,,8.416915646482389,,,16.0,,,,77.088,,,90.05033333333333,,,84.24381818181818,,,7.371266605111796,,,16.0,,,,76.695,,,89.58500000000001,,,76.695,,,,,,14.0,43.45443037974684,,,42.6,,,44.5,,,23.972151898734175,,,23.3,,,24.6,,,32.53164556962025,,,30.0,,,35.0,,,1006.8518987341771,,,1006.6,,,1007.1,,,0.0,,,False,,,False,,,3.951898734177215,,,2.3,,,5.3,,,301.0506329113924,,,239.0,,,338.0,,,,36.84230769230769,,,35.1,,,39.0,,,24.379487179487178,,,24.0,,,24.7,,,33.94871794871795,,,29.0,,,36.0,,,1006.4525641025638,,,1006.2,,,1006.7,,,0.0,,,False,,,False,,,2.5230769230769234,,,0.5,,,4.6,,,284.1923076923077,,,2.0,,,350.0,,,,44.48076923076923,,,42.4,,,45.9,,,23.603846153846156,,,23.0,,,24.3,,,41.32051282051282,,,39.0,,,44.0,,,1009.2435897435897,,,1008.9,,,1009.5,,,0.0,,,False,,,False,,,1.9025641025641027,,,0.7,,,3.8,,,137.17948717948718,,,0.0,,,354.0,0.0,0.0,0.0,0.0,,,,,,,,,,,,,77.53666666666666,90.47725396825395,82.16493939393939,15.333333333333334,91.38766666666668,104.04618923287039,102.36389578723744,14.166666666666666
2024,8,BOT,Kick Sauber,13.0,0.0,Lapped,0,1,0.0,0.0,3.0,0.0,-1.8571428571428568,0.0,Monaco Grand Prix,0.0,14.5,13.0,0,0,2,2,0.0,15.928571428571429,0.0,0.2857142857142857,0.7142857142857143,15.928571428571429,0.0,0.2857142857142857,,,,9.0,9.0,Monaco Grand Prix,73.248,,,90.76427272727271,,,89.52781818181819,,,18.153784028781338,,,13.0,,,,73.057,,,87.07832,,,86.84375,,,16.053321356285803,,,19.0,,,,,,,,,,,,,,,,,35.56103896103896,,,32.5,,,38.6,,,20.71688311688312,,,19.9,,,21.5,,,66.72727272727273,,,61.0,,,72.0,,,1018.2766233766234,,,1017.7,,,1018.7,,,0.09090909090909091,,,False,,,True,,,0.7467532467532466,,,0.0,,,1.5,,,156.16883116883116,,,0.0,,,359.0,,,,31.30246913580247,,,29.9,,,32.5,,,20.76172839506173,,,20.2,,,21.3,,,66.44444444444444,,,63.0,,,70.0,,,1017.1432098765433,,,1016.8,,,1017.5,,,0.0,,,False,,,False,,,0.7901234567901234,,,0.0,,,1.7,,,144.09876543209876,,,0.0,,,348.0,,,,46.86202531645569,,,45.0,,,48.5,,,21.67468354430379,,,21.3,,,22.0,,,57.40506329113924,,,55.0,,,61.0,,,1017.5379746835443,,,1017.4,,,1017.7,,,0.0,,,False,,,False,,,0.8240506329113924,,,0.0,,,1.6,,,190.30379746835442,,,0.0,,,359.0,0.0,0.0,0.0,0.0,,,,,,,,,,,,,73.1525,88.92129636363636,88.1857840909091,16.0,89.40895238095239,102.10776990935376,99.47833058819488,14.333333333333332
2024,9,BOT,Kick Sauber,13.0,0.0,Finished,0,0,0.0,0.0,2.0,0.0,-1.25,0.0,Canadian Grand Prix,0.0,14.0,13.0,0,0,2,2,0.0,15.75,0.0,0.25,0.75,15.75,0.0,0.25,,,,10.0,10.0,Canadian Grand Prix,87.67,,,99.44266666666665,,,87.67,,,,,,8.0,,,,77.817,,,93.63331249999999,,,99.7087,,,15.372107150073255,,,14.0,,,,73.642,,,88.53868181818183,,,79.58885714285714,,,4.562541704962682,,,13.0,28.68205128205127,,,25.5,,,32.2,,,18.237179487179485,,,17.2,,,19.3,,,83.57692307692308,,,77.0,,,89.0,,,998.6589743589747,,,998.2,,,999.5,,,0.1794871794871795,,,False,,,True,,,1.2474358974358977,,,0.0,,,2.8,,,226.64102564102564,,,0.0,,,355.0,,,,25.546249999999997,,,23.8,,,27.1,,,18.99625,,,18.1,,,19.6,,,68.5,,,64.0,,,72.0,,,999.23375,,,998.8,,,999.7,,,0.8875,,,False,,,True,,,1.2925,,,0.3,,,2.9,,,151.95,,,0.0,,,337.0,,,,36.4,,,32.2,,,39.1,,,20.854320987654322,,,19.9,,,21.6,,,61.925925925925924,,,59.0,,,64.0,,,1000.5185185185185,,,1000.2,,,1000.8,,,0.0,,,False,,,False,,,1.6790123456790123,,,0.8,,,2.9,,,157.17283950617283,,,0.0,,,348.0,0.0,0.0,0.0,0.0,,,,,,,,,,,,,79.70966666666666,93.87155366161615,88.98918571428571,11.666666666666666,87.37689583333334,100.45946071613908,98.06676227603415,14.541666666666666
2024,10,BOT,Kick Sauber,16.0,0.0,Lapped,0,1,0.0,0.0,-3.0,0.0,-0.8888888888888888,0.0,Spanish Grand Prix,0.0,14.5,13.0,0,0,2,2,0.0,15.555555555555555,0.0,0.2222222222222222,0.7777777777777778,15.555555555555555,0.0,0.2222222222222222,,,,10.0,9.0,Spanish Grand Prix,75.472,,,89.88225,,,92.5837142857143,,,19.66660739861933,,,12.0,,,,73.924,,,85.84223809523809,,,83.14307142857142,,,5.595347345570466,,,10.0,,,,74.024,,,84.82990909090908,,,81.41471428571428,,,9.789561510682109,,,14.0,47.092592592592595,,,45.3,,,48.0,,,28.16543209876543,,,27.5,,,28.5,,,33.666666666666664,,,29.0,,,38.0,,,1004.3987654320988,,,1004.1,,,1004.6,,,0.0,,,False,,,False,,,2.0950617283950614,,,0.0,,,3.5,,,214.14814814814815,,,0.0,,,276.0,,,,43.05185185185185,,,41.2,,,44.2,,,24.86543209876543,,,24.5,,,25.6,,,49.901234567901234,,,45.0,,,56.0,,,1004.495061728395,,,1004.3,,,1004.7,,,0.0,,,False,,,False,,,1.8407407407407406,,,0.8,,,2.9,,,205.08641975308643,,,0.0,,,340.0,,,,43.355000000000004,,,38.9,,,46.3,,,26.441250000000004,,,26.0,,,26.9,,,57.7125,,,47.0,,,62.0,,,1004.5975000000001,,,1004.3,,,1005.0,,,0.0,,,False,,,False,,,1.6612500000000001,,,0.4,,,2.7,,,218.975,,,0.0,,,355.0,0.0,0.0,0.0,0.0,,,,,,,,,,,,,74.47333333333334,86.85146572871572,85.71383333333334,12.0,86.52498148148148,99.72747104341431,97.0581426580621,14.222222222222221
2024,11,BOT,Kick Sauber,16.0,0.0,Lapped,0,1,0.0,0.0,1.0,0.0,-1.1,0.0,Austrian Grand Prix,0.0,16.5,16.0,0,0,2,2,0.0,15.45,0.0,0.2,0.8,15.45,0.0,0.2,,,,10.0,9.0,Austrian Grand Prix,66.925,,,76.86570588235294,,,83.15942857142856,,,19.18311683796582,,,15.0,,,,,,,,,,,,,,,,,,,,,,,,,,,,,,,,,36.88354430379747,,,30.7,,,42.5,,,23.24430379746836,,,21.9,,,24.5,,,59.54430379746835,,,56.0,,,64.0,,,940.7518987341775,,,940.5,,,940.9,,,0.0,,,False,,,False,,,2.6,,,0.7,,,4.0,,,104.36708860759494,,,0.0,,,142.0,,,,,,,,,,,,,,,,,,,,,,,,,,,,,,,,,,,,,,,,,,,,,,,,,,,,,,,,,,,,,,,,,,,,,,,,,,,,,,,,,,,,,,,,,,,,,,,,,,,,,,,,,,,,,,,,,,,,,,,,,,,,,,,,,1.0,0.0,0.0,0.0,,,,,,,,,,,,,66.925,76.86570588235294,83.15942857142856,15.0,85.31981666666667,98.43987051194445,95.92371172558923,14.0
2024,12,BOT,Kick Sauber,15.0,0.0,Lapped,0,1,0.0,0.0,3.0,0.0,-0.9090909090909092,0.0,British Grand Prix,0.0,16.5,15.0,0,0,2,2,0.0,15.545454545454543,0.0,0.1818181818181818,0.8181818181818181,15.545454545454543,0.0,0.1818181818181818,,,,10.0,9.0,British Grand Prix,88.254,,,100.23372222222221,,,96.67733333333334,,,7.426688444387584,,,12.0,,,,87.381,,,103.8993,,,106.0122,,,23.314856995057898,,,12.0,,,,100.242,,,112.15021428571427,,,112.4693,,,14.211680853360651,,,15.0,24.554320987654318,,,21.2,,,28.1,,,16.386419753086418,,,15.6,,,17.2,,,75.61728395061728,,,72.0,,,81.0,,,989.422222222222,,,989.2,,,989.6,,,0.0,,,False,,,False,,,1.3691358024691358,,,0.3,,,3.2,,,213.44444444444446,,,0.0,,,353.0,,,,29.296296296296298,,,25.0,,,32.7,,,18.319753086419755,,,17.5,,,18.9,,,67.5679012345679,,,61.0,,,74.0,,,987.8740740740741,,,987.4,,,988.5,,,0.1728395061728395,,,False,,,True,,,1.7185185185185183,,,0.5,,,2.9,,,223.8148148148148,,,0.0,,,289.0,,,,16.291463414634144,,,15.7,,,17.7,,,11.173170731707318,,,10.7,,,11.6,,,89.42682926829268,,,87.0,,,92.0,,,984.439024390244,,,983.7,,,985.1,,,0.6585365853658537,,,False,,,True,,,2.296341463414634,,,1.0,,,4.2,,,233.8170731707317,,,0.0,,,277.0,0.0,0.0,0.0,0.0,,,,,,,,,,,,,91.959,105.42774550264551,105.05294444444445,13.0,83.64756060606061,96.47858281834523,94.76332234793826,14.090909090909092
2024,13,BOT,Kick Sauber,16.0,0.0,Lapped,0,1,0.0,0.0,3.0,0.0,-0.5833333333333334,0.0,Hungarian Grand Prix,0.0,17.5,16.0,0,0,2,2,0.0,15.625,0.0,0.1666666666666666,0.8333333333333334,15.625,0.0,0.1666666666666666,,,,10.0,9.0,Hungarian Grand Prix,79.804,,,100.73195238095238,,,107.688,,,22.55389426621107,,,15.0,,,,78.586,,,92.99759999999999,,,93.13042857142857,,,20.761592029973215,,,11.0,,,,76.804,,,94.11777777777779,,,107.19659999999999,,,22.474386004961293,,,12.0,58.49878048780489,,,56.9,,,60.6,,,31.00487804878049,,,30.4,,,31.8,,,38.0,,,34.0,,,40.0,,,990.5731707317075,,,990.1,,,991.0,,,0.0,,,False,,,False,,,1.2621951219512195,,,0.3,,,3.8,,,207.78048780487805,,,0.0,,,345.0,,,,45.81975308641975,,,41.5,,,49.8,,,31.196296296296293,,,30.5,,,31.9,,,37.17283950617284,,,35.0,,,40.0,,,988.1012345679012,,,987.7,,,988.6,,,0.0,,,False,,,False,,,1.008641975308642,,,0.0,,,2.5,,,162.4320987654321,,,0.0,,,284.0,,,,39.0575,,,36.9,,,41.3,,,26.839999999999996,,,26.6,,,27.1,,,42.9375,,,42.0,,,44.0,,,984.8787500000001,,,984.6,,,985.2,,,0.0,,,False,,,False,,,0.92875,,,0.0,,,1.9,,,218.125,,,0.0,,,338.0,0.0,0.0,0.0,0.0,,,,,,,,,,,,,78.398,95.94911005291006,102.67167619047619,12.666666666666666,84.34018055555556,97.22434637537025,95.62079085598043,14.0
2024,14,BOT,Kick Sauber,15.0,0.0,Finished,0,0,0.0,0.0,4.0,0.0,-0.3076923076923077,0.0,Belgian Grand Prix,0.0,17.0,15.0,0,1,1,2,0.0,15.76923076923077,0.0,0.1538461538461538,0.8461538461538461,15.76923076923077,0.0,0.1538461538461538,,,,10.0,10.0,Belgian Grand Prix,105.155,,,109.9078,,,113.7542,,,4.996458615859842,,,14.0,,,,103.675,,,114.16206666666668,,,113.8228,,,8.151439147646123,,,13.0,,,,126.492,,,130.8805,,,130.8805,,,6.206276218474323,,,8.0,38.3867469879518,,,35.2,,,40.9,,,22.012048192771083,,,21.4,,,22.5,,,60.855421686746986,,,58.0,,,65.0,,,964.7867469879518,,,964.5,,,965.0,,,0.012048192771084338,,,False,,,True,,,1.5518072289156624,,,0.0,,,4.0,,,156.0120481927711,,,0.0,,,359.0,,,,35.19024390243902,,,33.3,,,36.9,,,21.78170731707317,,,21.2,,,22.2,,,64.3048780487805,,,62.0,,,67.0,,,965.0170731707318,,,964.8,,,965.2,,,0.0,,,False,,,False,,,1.2378048780487805,,,0.4,,,2.7,,,134.90243902439025,,,0.0,,,358.0,,,,21.782926829268295,,,21.2,,,22.9,,,18.108536585365854,,,17.8,,,18.7,,,92.91463414634147,,,89.0,,,96.0,,,965.8914634146339,,,965.7,,,966.0,,,0.8902439024390244,,,False,,,True,,,1.423170731707317,,,0.5,,,2.4,,,156.6829268292683,,,102.0,,,244.0,0.0,0.0,0.0,0.0,,,,,,,,,,,,,111.774,118.3167888888889,119.48583333333333,11.666666666666666,83.88308974358975,97.12625127364254,96.16316665094165,13.897435897435896
2024,15,BOT,Kick Sauber,19.0,0.0,Lapped,0,1,0.0,0.0,1.0,0.0,0.0,0.0,Dutch Grand Prix,0.0,19.5,19.0,0,0,2,2,0.0,15.857142857142858,0.0,0.2142857142857142,0.7857142857142857,15.857142857142858,0.0,0.2142857142857142,,,,10.0,10.0,Dutch Grand Prix,,,,,,,,,,,,,,,,,72.206,,,82.77758333333334,,,79.76125,,,6.240780430872694,,,18.0,,,,81.155,,,82.968,,,81.155,,,,,,3.0,21.725925925925925,,,20.3,,,23.8,,,20.233333333333334,,,19.4,,,21.3,,,83.87654320987654,,,75.0,,,92.0,,,1003.335802469136,,,1002.6,,,1004.1,,,0.14814814814814814,,,False,,,True,,,7.109876543209876,,,4.7,,,9.6,,,223.8395061728395,,,204.0,,,242.0,,,,31.169620253164563,,,29.8,,,31.9,,,21.37721518987342,,,21.1,,,21.6,,,62.51898734177215,,,60.0,,,65.0,,,1006.8721518987339,,,1006.2,,,1007.4,,,0.0,,,False,,,False,,,5.472151898734178,,,4.3,,,7.0,,,207.31645569620252,,,187.0,,,230.0,,,,21.572151898734177,,,19.3,,,25.1,,,19.350632911392406,,,17.5,,,21.4,,,94.20253164556962,,,88.0,,,96.0,,,1004.4113924050635,,,1004.0,,,1004.7,,,0.21518987341772153,,,False,,,True,,,1.9759493670886072,,,0.0,,,3.5,,,209.34177215189874,,,0.0,,,244.0,0.0,0.0,0.0,0.0,,,,,,,,,,,,,76.6805,82.87279166666667,80.458125,10.5,85.87529761904761,98.63986110330299,97.82907141396961,13.738095238095237
2024,16,BOT,Kick Sauber,16.0,0.0,Lapped,0,1,0.0,0.0,2.0,0.0,0.0666666666666666,0.0,Italian Grand Prix,0.0,17.0,16.0,0,0,2,2,0.0,16.1,0.0,0.2,0.8,16.1,0.0,0.2,,,,10.0,10.0,Italian Grand Prix,82.127,,,95.36207692307691,,,88.23375,,,2.157653103876216,,,5.0,,,,81.461,,,97.4592777777778,,,89.1049,,,7.551183313450503,,,11.0,,,,81.357,,,93.25737500000001,,,100.0978,,,18.521133542523792,,,19.0,50.81358024691359,,,48.7,,,52.1,,,32.7641975308642,,,32.2,,,33.4,,,38.135802469135804,,,36.0,,,40.0,,,996.3456790123457,,,995.9,,,996.7,,,0.0,,,False,,,False,,,1.0333333333333334,,,0.0,,,2.1,,,192.23456790123456,,,0.0,,,357.0,,,,44.350632911392395,,,41.6,,,48.0,,,34.029113924050634,,,33.7,,,34.4,,,32.177215189873415,,,31.0,,,34.0,,,994.7316455696205,,,994.5,,,995.0,,,0.0,,,False,,,False,,,1.092405063291139,,,0.0,,,2.9,,,213.26582278481013,,,0.0,,,357.0,,,,46.333333333333336,,,43.3,,,48.5,,,31.627160493827162,,,30.9,,,32.4,,,41.7037037037037,,,35.0,,,46.0,,,997.4049382716049,,,997.2,,,997.6,,,0.0,,,False,,,False,,,1.1246913580246913,,,0.0,,,2.3,,,206.4814814814815,,,0.0,,,351.0,0.0,0.0,0.0,0.0,,,,,,,,,,,,,81.64833333333333,95.35957656695159,92.47881666666667,11.666666666666666,85.26231111111112,97.58872314086057,96.67100831970498,13.52222222222222
2024,17,BOT,Kick Sauber,16.0,0.0,Lapped,0,1,0.0,0.0,-2.0,0.0,0.7333333333333333,0.0,Azerbaijan Grand Prix,0.0,15.0,14.0,0,0,2,2,0.0,16.15625,0.0,0.1875,0.8125,16.233333333333334,0.0,0.2,,,,10.0,10.0,Azerbaijan Grand Prix,107.64,,,121.34944444444444,,,121.67474999999999,,,12.17866164992415,,,14.0,,,,104.785,,,117.74133333333333,,,116.07018181818181,,,11.348092084735491,,,15.0,,,,104.187,,,115.5382,,,122.347,,,16.848416424103487,,,17.0,43.68478260869565,,,39.8,,,46.2,,,29.195652173913032,,,28.0,,,30.6,,,39.09782608695652,,,26.0,,,50.0,,,1015.1771739130434,,,1014.9,,,1015.6,,,0.0,,,False,,,False,,,1.6956521739130432,,,0.5,,,3.5,,,119.3695652173913,,,0.0,,,353.0,,,,36.34878048780487,,,32.9,,,41.2,,,28.52926829268293,,,27.5,,,29.2,,,33.09756097560975,,,27.0,,,47.0,,,1015.0731707317074,,,1014.8,,,1015.3,,,0.0,,,False,,,False,,,1.224390243902439,,,0.0,,,2.6,,,115.8170731707317,,,0.0,,,358.0,,,,31.889024390243897,,,31.0,,,33.1,,,26.991463414634143,,,26.7,,,27.3,,,39.40243902439025,,,35.0,,,44.0,,,1016.6475609756096,,,1016.3,,,1016.9,,,0.35365853658536583,,,False,,,True,,,0.7658536585365854,,,0.0,,,1.7,,,125.02439024390245,,,0.0,,,357.0,0.0,0.0,0.0,0.0,,,,,,,,,,,,,105.53733333333334,118.20965925925925,120.03064393939393,15.333333333333334,84.53995555555555,97.12324348036675,96.14493629950296,13.322222222222223
2024,18,BOT,Kick Sauber,16.0,0.0,Lapped,0,1,0.0,0.0,-1.0,0.0,0.5333333333333333,0.0,Singapore Grand Prix,0.0,15.5,15.0,0,0,2,2,0.0,16.08823529411765,0.0,0.1764705882352941,0.8235294117647058,16.066666666666666,0.0,0.2,,,,10.0,10.0,Singapore Grand Prix,93.485,,,112.95761111111112,,,118.501375,,,24.49442576784417,,,18.0,,,,92.786,,,106.27276470588235,,,104.92670000000001,,,10.45049147222804,,,20.0,,,,92.098,,,108.72175,,,116.44725,,,27.046408761916368,,,19.0,37.114999999999995,,,35.6,,,38.8,,,31.35,,,31.2,,,31.5,,,64.4375,,,63.0,,,67.0,,,1005.6075000000001,,,1005.3,,,1005.9,,,0.0,,,False,,,False,,,2.44875,,,1.2,,,3.4,,,187.9,,,177.0,,,214.0,,,,32.95000000000001,,,32.3,,,33.6,,,30.181707317073165,,,30.0,,,30.3,,,73.98780487804878,,,73.0,,,75.0,,,1008.1158536585366,,,1007.8,,,1008.6,,,0.0,,,False,,,False,,,1.6597560975609755,,,1.1,,,2.4,,,203.09756097560975,,,171.0,,,222.0,,,,37.0670731707317,,,34.9,,,38.6,,,30.06219512195122,,,29.9,,,30.2,,,75.13414634146342,,,74.0,,,77.0,,,1006.7951219512195,,,1006.6,,,1007.0,,,0.0,,,False,,,False,,,0.4817073170731707,,,0.0,,,1.5,,,199.15853658536585,,,0.0,,,323.0,0.0,0.0,0.0,0.0,,,,,,,,,,,,,92.78966666666668,109.31737527233116,113.29177499999999,19.0,85.55313333333334,98.11230099506012,97.60591438031105,13.255555555555555
2024,19,BOT,Kick Sauber,17.0,0.0,Lapped,0,1,0.0,0.0,2.0,0.0,0.4,0.0,United States Grand Prix,0.0,18.0,17.0,0,0,2,2,0.0,16.055555555555557,0.0,0.1666666666666666,0.8333333333333334,16.133333333333333,0.0,0.2,,,,10.0,10.0,United States Grand Prix,95.041,,,106.10176470588236,,,99.78085714285714,,,0.1968056812962331,,,18.0,,,,,,,,,,,,,,,,,,,,,,,,,,,,,,,,,36.703703703703695,,,33.9,,,38.7,,,25.27777777777778,,,23.5,,,26.4,,,52.24691358024691,,,47.0,,,56.0,,,1004.1839506172839,,,1003.5,,,1005.0,,,0.0,,,False,,,False,,,3.34074074074074,,,1.4,,,5.4,,,158.8641975308642,,,128.0,,,186.0,,,,,,,,,,,,,,,,,,,,,,,,,,,,,,,,,,,,,,,,,,,,,,,,,,,,,,,,,,,,,,,,,,,,,,,,,,,,,,,,,,,,,,,,,,,,,,,,,,,,,,,,,,,,,,,,,,,,,,,,,,,,,,,,,1.0,0.0,0.0,0.0,,,,,,,,,,,,,95.041,106.10176470588236,99.78085714285714,18.0,86.48686666666667,99.23176960295912,99.10229858666025,13.5
2024,20,BOT,Kick Sauber,14.0,0.0,Lapped,0,1,0.0,0.0,1.0,0.0,0.2666666666666666,0.0,Mexico City Grand Prix,0.0,14.5,14.0,0,0,2,2,0.0,16.157894736842106,0.0,0.1578947368421052,0.8421052631578947,16.266666666666666,0.0,0.1333333333333333,,,,10.0,10.0,Mexico City Grand Prix,79.048,,,87.97857142857143,,,86.15483333333333,,,6.605025069344293,,,8.0,,,,78.351,,,87.24445833333334,,,82.76425,,,0.2679220302358754,,,8.0,,,,77.639,,,85.83607692307692,,,85.596,,,10.56203024464941,,,12.0,45.61772151898734,,,42.1,,,48.6,,,19.534177215189874,,,17.6,,,21.1,,,45.139240506329116,,,34.0,,,57.0,,,784.5962025316454,,,784.0,,,785.2,,,0.0,,,False,,,False,,,1.6050632911392404,,,0.6,,,3.9,,,208.873417721519,,,0.0,,,344.0,,,,37.789908256880736,,,31.3,,,42.9,,,22.755963302752296,,,22.1,,,23.0,,,27.513761467889907,,,19.0,,,34.0,,,783.3422018348625,,,783.2,,,783.6,,,0.0,,,False,,,False,,,1.4238532110091744,,,0.0,,,3.1,,,255.9724770642202,,,0.0,,,358.0,,,,32.757831325301204,,,29.0,,,38.0,,,18.249397590361443,,,16.9,,,19.7,,,53.855421686746986,,,50.0,,,59.0,,,787.2807228915663,,,786.6,,,787.9,,,0.0,,,False,,,False,,,1.5783132530120483,,,0.0,,,3.8,,,265.90361445783134,,,0.0,,,357.0,0.0,0.0,0.0,0.0,,,,,,,,,,,,,78.346,87.01970222832722,84.83836111111111,9.333333333333334,86.18606666666666,99.08681178705498,98.61320856902357,13.92222222222222
2024,21,BOT,Kick Sauber,13.0,0.0,Finished,0,0,0.0,0.0,2.0,0.0,0.7333333333333333,0.0,São Paulo Grand Prix,0.0,14.0,13.0,0,0,2,2,0.0,16.075,0.0,0.15,0.85,16.1,0.0,0.0666666666666666,,,,10.0,10.0,São Paulo Grand Prix,71.651,,,83.35084210526317,,,75.68885714285715,,,0.340603106548478,,,14.0,,,,,,,,,,,,,,,,,,,,,,,,,,,,,,,,,54.140243902439025,,,49.7,,,57.5,,,26.103658536585368,,,25.7,,,26.4,,,54.9390243902439,,,48.0,,,59.0,,,928.0024390243904,,,927.6,,,928.4,,,0.0,,,False,,,False,,,1.0865853658536584,,,0.0,,,2.1,,,180.59756097560975,,,0.0,,,350.0,,,,,,,,,,,,,,,,,,,,,,,,,,,,,,,,,,,,,,,,,,,,,,,,,,,,,,,,,,,,,,,,,,,,,,,,,,,,,,,,,,,,,,,,,,,,,,,,,,,,,,,,,,,,,,,,,,,,,,,,,,,,,,,,,1.0,0.0,0.0,0.0,,,,,,,,,,,,,71.651,83.35084210526317,75.68885714285715,14.0,84.90713333333333,97.63326693561015,97.36052788119288,13.877777777777776
2024,22,BOT,Kick Sauber,18.0,0.0,Lapped,0,1,0.0,0.0,-5.0,0.0,1.0,0.0,Las Vegas Grand Prix,0.0,15.5,13.0,0,0,2,2,0.0,15.976190476190476,0.0,0.1428571428571428,0.8571428571428572,16.033333333333335,0.0,0.0666666666666666,,,,10.0,10.0,Las Vegas Grand Prix,97.765,,,109.01710526315792,,,110.244,,,7.26027632295867,,,16.0,,,,95.02,,,107.84585714285714,,,105.341,,,13.448763484053098,,,11.0,,,,96.412,,,106.72042857142857,,,106.462,,,12.32331528445166,,,17.0,15.683132530120483,,,14.9,,,16.5,,,14.065060240963856,,,13.3,,,14.6,,,19.626506024096386,,,17.0,,,22.0,,,947.4734939759037,,,947.2,,,947.7,,,0.0,,,False,,,False,,,0.9951807228915662,,,0.5,,,1.7,,,212.16867469879517,,,146.0,,,242.0,,,,12.870987654320986,,,12.6,,,13.2,,,11.146296296296295,,,10.8,,,11.5,,,24.290123456790123,,,23.0,,,26.0,,,947.783950617284,,,947.6,,,948.0,,,0.0,,,False,,,False,,,0.9117283950617283,,,0.4,,,1.4,,,216.62345679012347,,,184.0,,,260.0,,,,16.830487804878047,,,16.1,,,17.7,,,14.853658536585366,,,14.2,,,15.3,,,18.573170731707318,,,17.0,,,20.0,,,942.1670731707317,,,942.0,,,942.4,,,0.0,,,False,,,False,,,0.6524390243902439,,,0.0,,,1.5,,,178.41463414634146,,,0.0,,,310.0,0.0,0.0,0.0,0.0,,,,,,,,,,,,,96.399,107.86113032581454,107.34899999999999,14.666666666666666,83.70813333333334,95.92750879024673,94.79940407166906,13.677777777777777
2024,23,BOT,Kick Sauber,11.0,0.0,Finished,0,0,4.0,0.0,-3.0,-4.0,0.8666666666666667,0.0,Qatar Grand Prix,4.0,9.5,8.0,0,0,2,2,0.0,15.954545454545457,0.0,0.1363636363636363,0.8636363636363636,15.966666666666669,0.0,0.0666666666666666,,,,10.0,10.0,,,,,,,,,,,,,,,,,,,,,,,,,,,,,,,,,,,,,,,,,,,,,,,,,,,,,,,,,,,,,,,,,,,,,,,,,,,,,,,,,,,,,,,,,,,,,,,,,,,,,,,,,,,,,,,,,,,,,,,,,,,,,,,,,,,,,,,,,,,,,,,,,,,,,,,,,,,,,,,,,,,,,,,,,,,,,,,,,,,,,,,,,,,,,,,,,,,,,,,,,,,,,,,,,,,,,,,,,,,,,,,,,,,,,,,,,,,,,,,,,,,,,,,,,,,,,,,,,,,
2024,24,BOT,Kick Sauber,18.0,0.0,Retired,0,1,0.0,0.0,-5.0,0.0,0.4666666666666667,-0.2666666666666666,Abu Dhabi Grand Prix,0.0,15.5,13.0,0,1,1,2,4.0,15.673913043478262,0.1739130434782608,0.1304347826086956,0.8695652173913043,15.633333333333333,0.2666666666666666,0.0666666666666666,,,,10.0,10.0,,,,,,,,,,,,,,,,,,,,,,,,,,,,,,,,,,,,,,,,,,,,,,,,,,,,,,,,,,,,,,,,,,,,,,,,,,,,,,,,,,,,,,,,,,,,,,,,,,,,,,,,,,,,,,,,,,,,,,,,,,,,,,,,,,,,,,,,,,,,,,,,,,,,,,,,,,,,,,,,,,,,,,,,,,,,,,,,,,,,,,,,,,,,,,,,,,,,,,,,,,,,,,,,,,,,,,,,,,,,,,,,,,,,,,,,,,,,,,,,,,,,,,,,,,,,,,,,,,,
2024,16,COL,Williams,12.0,0.0,Finished,0,0,2.0,0.0,-3.0,-2.0,,,Italian Grand Prix,2.0,10.5,9.0,0,0,2,2,4.0,15.533333333333331,0.2666666666666666,0.3333333333333333,0.6666666666666667,15.533333333333331,0.2666666666666666,0.3333333333333333,,,,9.0,9.0,Italian Grand Prix,82.88,,,89.45953846153846,,,87.03642857142857,,,0.5001555948378649,,,17.0,,,,81.784,,,96.97858333333333,,,92.88716666666666,,,18.782481342108834,,,17.0,,,,80.905,,,94.29379999999999,,,80.905,,,,,,9.0,50.81358024691359,,,48.7,,,52.1,,,32.7641975308642,,,32.2,,,33.4,,,38.135802469135804,,,36.0,,,40.0,,,996.3456790123457,,,995.9,,,996.7,,,0.0,,,False,,,False,,,1.0333333333333334,,,0.0,,,2.1,,,192.23456790123456,,,0.0,,,357.0,,,,44.350632911392395,,,41.6,,,48.0,,,34.029113924050634,,,33.7,,,34.4,,,32.177215189873415,,,31.0,,,34.0,,,994.7316455696205,,,994.5,,,995.0,,,0.0,,,False,,,False,,,1.092405063291139,,,0.0,,,2.9,,,213.26582278481013,,,0.0,,,357.0,,,,46.333333333333336,,,43.3,,,48.5,,,31.627160493827162,,,30.9,,,32.4,,,41.7037037037037,,,35.0,,,46.0,,,997.4049382716049,,,997.2,,,997.6,,,0.0,,,False,,,False,,,1.1246913580246913,,,0.0,,,2.3,,,206.4814814814815,,,0.0,,,351.0,0.0,0.0,0.0,0.0,,,,,,,,,,,,,81.85633333333332,93.57730726495726,86.94286507936506,14.333333333333334,89.078,99.08319999999999,99.013,18.0
2024,17,COL,Williams,8.0,4.0,Finished,0,0,6.0,0.0,-1.0,-2.0,-3.0,-2.0,Azerbaijan Grand Prix,10.0,7.5,7.0,0,0,2,2,6.0,15.21875,0.375,0.3125,0.6875,15.066666666666666,0.4,0.3333333333333333,,,,9.0,9.0,Azerbaijan Grand Prix,107.901,,,111.475,,,110.7185,,,1.3187541469129125,,,16.0,,,,104.749,,,115.53587499999999,,,111.3154,,,2.032465508795769,,,14.0,,,,103.238,,,111.02179999999998,,,114.55466666666666,,,18.10160681633907,,,9.0,43.68478260869565,,,39.8,,,46.2,,,29.195652173913032,,,28.0,,,30.6,,,39.09782608695652,,,26.0,,,50.0,,,1015.1771739130434,,,1014.9,,,1015.6,,,0.0,,,False,,,False,,,1.6956521739130432,,,0.5,,,3.5,,,119.3695652173913,,,0.0,,,353.0,,,,36.34878048780487,,,32.9,,,41.2,,,28.52926829268293,,,27.5,,,29.2,,,33.09756097560975,,,27.0,,,47.0,,,1015.0731707317074,,,1014.8,,,1015.3,,,0.0,,,False,,,False,,,1.224390243902439,,,0.0,,,2.6,,,115.8170731707317,,,0.0,,,358.0,,,,31.889024390243897,,,31.0,,,33.1,,,26.991463414634143,,,26.7,,,27.3,,,39.40243902439025,,,35.0,,,44.0,,,1016.6475609756096,,,1016.3,,,1016.9,,,0.35365853658536583,,,False,,,True,,,0.7658536585365854,,,0.0,,,1.7,,,125.02439024390245,,,0.0,,,357.0,0.0,0.0,0.0,0.0,,,,,,,,,,,,,105.29599999999999,112.67755833333332,112.1961888888889,13.0,85.46716666666666,96.33025363247862,92.97793253968254,16.166666666666668
2024,18,COL,Williams,11.0,0.0,Lapped,0,1,0.0,0.0,9.0,0.0,-2.0,-2.0,Singapore Grand Prix,0.0,15.5,11.0,0,1,1,2,16.0,14.764705882352942,0.9411764705882352,0.2941176470588235,0.7058823529411764,14.733333333333333,1.0666666666666669,0.3333333333333333,,,,8.0,9.0,Singapore Grand Prix,92.618,,,107.68811764705883,,,98.50957142857143,,,2.606762414512357,,,11.0,,,,92.057,,,104.11623529411766,,,103.5133,,,12.952017826921374,,,16.0,,,,90.989,,,101.4586,,,90.989,,,,,,9.0,37.114999999999995,,,35.6,,,38.8,,,31.35,,,31.2,,,31.5,,,64.4375,,,63.0,,,67.0,,,1005.6075000000001,,,1005.3,,,1005.9,,,0.0,,,False,,,False,,,2.44875,,,1.2,,,3.4,,,187.9,,,177.0,,,214.0,,,,32.95000000000001,,,32.3,,,33.6,,,30.181707317073165,,,30.0,,,30.3,,,73.98780487804878,,,73.0,,,75.0,,,1008.1158536585366,,,1007.8,,,1008.6,,,0.0,,,False,,,False,,,1.6597560975609755,,,1.1,,,2.4,,,203.09756097560975,,,171.0,,,222.0,,,,37.0670731707317,,,34.9,,,38.6,,,30.06219512195122,,,29.9,,,30.2,,,75.13414634146342,,,74.0,,,77.0,,,1006.7951219512195,,,1006.6,,,1007.0,,,0.0,,,False,,,False,,,0.4817073170731707,,,0.0,,,1.5,,,199.15853658536585,,,0.0,,,323.0,0.0,0.0,0.0,0.0,,,,,,,,,,,,,91.88799999999999,104.4209843137255,97.67062380952382,12.0,92.07677777777776,101.77935519943019,99.384017989418,15.111111111111112
2024,19,COL,Williams,10.0,1.0,Finished,0,0,0.0,0.0,6.0,1.0,1.6666666666666667,-1.3333333333333333,United States Grand Prix,1.0,13.0,10.0,0,0,2,2,16.0,14.805555555555555,0.8888888888888888,0.3333333333333333,0.6666666666666667,15.033333333333331,1.0666666666666669,0.4,,,,8.0,9.0,United States Grand Prix,95.248,,,109.33523529411765,,,98.56499999999998,,,0.24615780846169608,,,19.0,,,,,,,,,,,,,,,,,,,,,,,,,,,,,,,,,36.703703703703695,,,33.9,,,38.7,,,25.27777777777778,,,23.5,,,26.4,,,52.24691358024691,,,47.0,,,56.0,,,1004.1839506172839,,,1003.5,,,1005.0,,,0.0,,,False,,,False,,,3.34074074074074,,,1.4,,,5.4,,,158.8641975308642,,,128.0,,,186.0,,,,,,,,,,,,,,,,,,,,,,,,,,,,,,,,,,,,,,,,,,,,,,,,,,,,,,,,,,,,,,,,,,,,,,,,,,,,,,,,,,,,,,,,,,,,,,,,,,,,,,,,,,,,,,,,,,,,,,,,,,,,,,,,,1.0,0.0,0.0,0.0,,,,,,,,,,,,,95.248,109.33523529411765,98.56499999999998,19.0,92.02958333333333,102.43976247800401,98.95566944444445,14.333333333333334
2024,20,COL,Williams,12.0,0.0,Lapped,0,1,0.0,0.0,7.0,0.0,2.75,-0.75,Mexico City Grand Prix,0.0,15.5,12.0,0,1,1,2,17.0,14.710526315789474,0.8947368421052632,0.3157894736842105,0.6842105263157895,14.666666666666666,1.1333333333333333,0.3333333333333333,,,,8.0,9.0,Mexico City Grand Prix,79.109,,,93.87026666666665,,,87.62216666666667,,,10.930760969240279,,,11.0,,,,78.908,,,87.33986363636363,,,82.88487500000001,,,0.16274646144935606,,,15.0,,,,77.712,,,91.90866666666666,,,93.658,,,15.26320941348837,,,13.0,45.61772151898734,,,42.1,,,48.6,,,19.534177215189874,,,17.6,,,21.1,,,45.139240506329116,,,34.0,,,57.0,,,784.5962025316454,,,784.0,,,785.2,,,0.0,,,False,,,False,,,1.6050632911392404,,,0.6,,,3.9,,,208.873417721519,,,0.0,,,344.0,,,,37.789908256880736,,,31.3,,,42.9,,,22.755963302752296,,,22.1,,,23.0,,,27.513761467889907,,,19.0,,,34.0,,,783.3422018348625,,,783.2,,,783.6,,,0.0,,,False,,,False,,,1.4238532110091744,,,0.0,,,3.1,,,255.9724770642202,,,0.0,,,358.0,,,,32.757831325301204,,,29.0,,,38.0,,,18.249397590361443,,,16.9,,,19.7,,,53.855421686746986,,,50.0,,,59.0,,,787.2807228915663,,,786.6,,,787.9,,,0.0,,,False,,,False,,,1.5783132530120483,,,0.0,,,3.8,,,265.90361445783134,,,0.0,,,357.0,0.0,0.0,0.0,0.0,,,,,,,,,,,,,78.57633333333332,91.03959898989898,88.0550138888889,13.0,92.67326666666666,103.81885704122674,98.87753555555555,15.26666666666667
2024,21,COL,Williams,17.0,0.0,Retired,0,1,0.0,0.0,1.0,0.0,3.6,-0.6,São Paulo Grand Prix,0.0,17.5,17.0,0,2,0,2,17.0,14.75,0.85,0.35,0.65,14.733333333333333,1.1333333333333333,0.4,,,,8.0,9.0,São Paulo Grand Prix,71.619,,,81.23712499999999,,,76.14822222222223,,,0.6710161655611911,,,13.0,,,,,,,,,,,,,,,,,,,,,,,,,,,,,,,,,54.140243902439025,,,49.7,,,57.5,,,26.103658536585368,,,25.7,,,26.4,,,54.9390243902439,,,48.0,,,59.0,,,928.0024390243904,,,927.6,,,928.4,,,0.0,,,False,,,False,,,1.0865853658536584,,,0.0,,,2.1,,,180.59756097560975,,,0.0,,,350.0,,,,,,,,,,,,,,,,,,,,,,,,,,,,,,,,,,,,,,,,,,,,,,,,,,,,,,,,,,,,,,,,,,,,,,,,,,,,,,,,,,,,,,,,,,,,,,,,,,,,,,,,,,,,,,,,,,,,,,,,,,,,,,,,,1.0,0.0,0.0,0.0,,,,,,,,,,,,,71.619,81.23712499999999,76.14822222222223,13.0,90.32377777777776,101.68898069933879,97.07378194444443,14.888888888888891
2024,22,COL,Williams,14.0,0.0,Finished,0,0,0.0,0.0,5.0,0.0,3.1666666666666665,-0.5,Las Vegas Grand Prix,0.0,16.5,14.0,0,1,1,2,17.0,14.88095238095238,0.8095238095238095,0.4285714285714285,0.5714285714285714,14.633333333333333,1.1333333333333333,0.4666666666666667,,,,9.0,9.0,Las Vegas Grand Prix,98.025,,,108.52966666666669,,,104.33357142857143,,,13.16130308717115,,,17.0,,,,95.868,,,105.9585,,,102.2885,,,4.728230414980098,,,18.0,,,,94.723,,,108.99188888888888,,,107.55149999999999,,,14.135609258181978,,,8.0,15.683132530120483,,,14.9,,,16.5,,,14.065060240963856,,,13.3,,,14.6,,,19.626506024096386,,,17.0,,,22.0,,,947.4734939759037,,,947.2,,,947.7,,,0.0,,,False,,,False,,,0.9951807228915662,,,0.5,,,1.7,,,212.16867469879517,,,146.0,,,242.0,,,,12.870987654320986,,,12.6,,,13.2,,,11.146296296296295,,,10.8,,,11.5,,,24.290123456790123,,,23.0,,,26.0,,,947.783950617284,,,947.6,,,948.0,,,0.0,,,False,,,False,,,0.9117283950617283,,,0.4,,,1.4,,,216.62345679012347,,,184.0,,,260.0,,,,16.830487804878047,,,16.1,,,17.7,,,14.853658536585366,,,14.2,,,15.3,,,18.573170731707318,,,17.0,,,20.0,,,942.1670731707317,,,942.0,,,942.4,,,0.0,,,False,,,False,,,0.6524390243902439,,,0.0,,,1.5,,,178.41463414634146,,,0.0,,,310.0,0.0,0.0,0.0,0.0,,,,,,,,,,,,,96.20533333333333,107.82668518518518,104.7245238095238,14.333333333333334,87.65166666666666,98.76728702800467,94.08441626984127,14.61904761904762
2024,23,COL,Williams,19.0,0.0,Retired,0,1,0.0,0.0,-4.0,0.0,3.4285714285714284,-0.4285714285714285,Qatar Grand Prix,0.0,17.0,15.0,0,1,1,2,17.0,14.954545454545457,0.7727272727272727,0.4545454545454545,0.5454545454545454,14.5,1.1333333333333333,0.4666666666666667,,,,9.0,9.0,,,,,,,,,,,,,,,,,,,,,,,,,,,,,,,,,,,,,,,,,,,,,,,,,,,,,,,,,,,,,,,,,,,,,,,,,,,,,,,,,,,,,,,,,,,,,,,,,,,,,,,,,,,,,,,,,,,,,,,,,,,,,,,,,,,,,,,,,,,,,,,,,,,,,,,,,,,,,,,,,,,,,,,,,,,,,,,,,,,,,,,,,,,,,,,,,,,,,,,,,,,,,,,,,,,,,,,,,,,,,,,,,,,,,,,,,,,,,,,,,,,,,,,,,,,,,,,,,,,
2024,24,COL,Williams,19.0,0.0,Retired,0,1,0.0,0.0,-8.0,0.0,2.5,-0.375,Abu Dhabi Grand Prix,0.0,15.0,11.0,0,1,1,2,17.0,15.043478260869565,0.7391304347826086,0.4782608695652174,0.5217391304347826,14.833333333333334,1.0,0.5333333333333333,,,,9.0,9.0,,,,,,,,,,,,,,,,,,,,,,,,,,,,,,,,,,,,,,,,,,,,,,,,,,,,,,,,,,,,,,,,,,,,,,,,,,,,,,,,,,,,,,,,,,,,,,,,,,,,,,,,,,,,,,,,,,,,,,,,,,,,,,,,,,,,,,,,,,,,,,,,,,,,,,,,,,,,,,,,,,,,,,,,,,,,,,,,,,,,,,,,,,,,,,,,,,,,,,,,,,,,,,,,,,,,,,,,,,,,,,,,,,,,,,,,,,,,,,,,,,,,,,,,,,,,,,,,,,,
2025,7,COL,Alpine,16.0,0.0,Finished,0,0,0.0,0.0,-3.0,0.0,1.3333333333333333,-0.3333333333333333,Emilia Romagna Grand Prix,0.0,14.5,13.0,0,0,2,2,6.0,15.166666666666666,1.0,0.6666666666666666,0.3333333333333333,15.166666666666666,1.0,0.6666666666666666,15.0,0.0,0.0,8.0,9.0,,,,,,,,,,,,,,,,,,,,,,,,,,,,,,,,,,,,,,,,,,,,,,,,,,,,,,,,,,,,,,,,,,,,,,,,,,,,,,,,,,,,,,,,,,,,,,,,,,,,,,,,,,,,,,,,,,,,,,,,,,,,,,,,,,,,,,,,,,,,,,,,,,,,,,,,,,,,,,,,,,,,,,,,,,,,,,,,,,,,,,,,,,,,,,,,,,,,,,,,,,,,,,,,,,,,,,,,,,,,,,,,,,,,,,,,,,,,,,,,,,,,,,,,,,,,,,,,,,,
2025,8,COL,Alpine,13.0,0.0,Lapped,0,1,0.0,0.0,7.0,0.0,0.9,-0.3,Monaco Grand Prix,0.0,16.5,13.0,0,1,1,2,6.0,15.071428571428571,0.8571428571428571,0.5714285714285714,0.4285714285714286,15.071428571428571,0.8571428571428571,0.5714285714285714,13.5,1.0,0.0,9.0,9.0,,,,,,,,,,,,,,,,,,,,,,,,,,,,,,,,,,,,,,,,,,,,,,,,,,,,,,,,,,,,,,,,,,,,,,,,,,,,,,,,,,,,,,,,,,,,,,,,,,,,,,,,,,,,,,,,,,,,,,,,,,,,,,,,,,,,,,,,,,,,,,,,,,,,,,,,,,,,,,,,,,,,,,,,,,,,,,,,,,,,,,,,,,,,,,,,,,,,,,,,,,,,,,,,,,,,,,,,,,,,,,,,,,,,,,,,,,,,,,,,,,,,,,,,,,,,,,,,,,,
2025,9,COL,Alpine,15.0,0.0,Finished,0,0,4.0,0.0,-7.0,-4.0,1.4545454545454546,-0.2727272727272727,Spanish Grand Prix,4.0,11.5,8.0,0,0,2,2,6.0,15.25,0.75,0.625,0.375,15.25,0.75,0.625,9.5,3.0,0.0,9.0,9.0,,,,,,,,,,,,,,,,,,,,,,,,,,,,,,,,,,,,,,,,,,,,,,,,,,,,,,,,,,,,,,,,,,,,,,,,,,,,,,,,,,,,,,,,,,,,,,,,,,,,,,,,,,,,,,,,,,,,,,,,,,,,,,,,,,,,,,,,,,,,,,,,,,,,,,,,,,,,,,,,,,,,,,,,,,,,,,,,,,,,,,,,,,,,,,,,,,,,,,,,,,,,,,,,,,,,,,,,,,,,,,,,,,,,,,,,,,,,,,,,,,,,,,,,,,,,,,,,,,,
2024,24,DOO,Alpine,15.0,0.0,Lapped,0,1,6.0,0.0,-8.0,-6.0,,,Abu Dhabi Grand Prix,6.0,11.0,7.0,0,0,2,2,57.0,13.41304347826087,2.4782608695652173,0.2608695652173913,0.7391304347826086,12.866666666666667,3.6666666666666665,0.2666666666666666,,,,6.0,8.0,,,,,,,,,,,,,,,,,,,,,,,,,,,,,,,,,,,,,,,,,,,,,,,,,,,,,,,,,,,,,,,,,,,,,,,,,,,,,,,,,,,,,,,,,,,,,,,,,,,,,,,,,,,,,,,,,,,,,,,,,,,,,,,,,,,,,,,,,,,,,,,,,,,,,,,,,,,,,,,,,,,,,,,,,,,,,,,,,,,,,,,,,,,,,,,,,,,,,,,,,,,,,,,,,,,,,,,,,,,,,,,,,,,,,,,,,,,,,,,,,,,,,,,,,,,,,,,,,,,
2025,1,DOO,Alpine,19.0,0.0,Retired,0,1,0.0,0.0,-8.0,0.0,-8.0,-6.0,Australian Grand Prix,0.0,15.0,11.0,0,1,1,2,0.0,,,,,,,,14.5,0.0,0.0,1.0,,,,,,,,,,,,,,,,,,,,,,,,,,,,,,,,,,,,,,,,,,,,,,,,,,,,,,,,,,,,,,,,,,,,,,,,,,,,,,,,,,,,,,,,,,,,,,,,,,,,,,,,,,,,,,,,,,,,,,,,,,,,,,,,,,,,,,,,,,,,,,,,,,,,,,,,,,,,,,,,,,,,,,,,,,,,,,,,,,,,,,,,,,,,,,,,,,,,,,,,,,,,,,,,,,,,,,,,,,,,,,,,,,,,,,,,,,,,,,,,,,,,,,,,,,,,,,,,,,,,
2025,2,DOO,Alpine,13.0,0.0,Finished,0,0,0.0,0.0,7.0,0.0,-8.0,-3.0,Chinese Grand Prix,0.0,16.5,13.0,0,1,1,2,0.0,15.0,0.0,1.0,0.0,15.0,0.0,1.0,12.0,0.0,0.0,8.0,9.0,,,,,,,,,,,,,,,,,,,,,,,,,,,,,,,,,,,,,,,,,,,,,,,,,,,,,,,,,,,,,,,,,,,,,,,,,,,,,,,,,,,,,,,,,,,,,,,,,,,,,,,,,,,,,,,,,,,,,,,,,,,,,,,,,,,,,,,,,,,,,,,,,,,,,,,,,,,,,,,,,,,,,,,,,,,,,,,,,,,,,,,,,,,,,,,,,,,,,,,,,,,,,,,,,,,,,,,,,,,,,,,,,,,,,,,,,,,,,,,,,,,,,,,,,,,,,,,,,,,
2025,3,DOO,Alpine,15.0,0.0,Finished,0,0,0.0,0.0,-2.0,0.0,-3.0,-2.0,Japanese Grand Prix,0.0,14.0,13.0,0,0,2,2,0.0,15.75,0.0,1.0,0.0,15.75,0.0,1.0,15.5,0.0,0.0,9.0,10.0,,,,,,,,,,,,,,,,,,,,,,,,,,,,,,,,,,,,,,,,,,,,,,,,,,,,,,,,,,,,,,,,,,,,,,,,,,,,,,,,,,,,,,,,,,,,,,,,,,,,,,,,,,,,,,,,,,,,,,,,,,,,,,,,,,,,,,,,,,,,,,,,,,,,,,,,,,,,,,,,,,,,,,,,,,,,,,,,,,,,,,,,,,,,,,,,,,,,,,,,,,,,,,,,,,,,,,,,,,,,,,,,,,,,,,,,,,,,,,,,,,,,,,,,,,,,,,,,,,,
2025,4,DOO,Alpine,14.0,0.0,Finished,0,0,6.0,0.0,-7.0,-6.0,-2.75,-1.5,Bahrain Grand Prix,6.0,10.5,7.0,0,0,2,2,0.0,15.166666666666666,0.0,0.6666666666666666,0.3333333333333333,15.166666666666666,0.0,0.6666666666666666,17.5,0.0,0.0,10.0,10.0,,,,,,,,,,,,,,,,,,,,,,,,,,,,,,,,,,,,,,,,,,,,,,,,,,,,,,,,,,,,,,,,,,,,,,,,,,,,,,,,,,,,,,,,,,,,,,,,,,,,,,,,,,,,,,,,,,,,,,,,,,,,,,,,,,,,,,,,,,,,,,,,,,,,,,,,,,,,,,,,,,,,,,,,,,,,,,,,,,,,,,,,,,,,,,,,,,,,,,,,,,,,,,,,,,,,,,,,,,,,,,,,,,,,,,,,,,,,,,,,,,,,,,,,,,,,,,,,,,,
2025,5,DOO,Alpine,17.0,0.0,Lapped,0,1,0.0,0.0,3.0,0.0,-3.6,-2.4,Saudi Arabian Grand Prix,0.0,18.5,17.0,0,1,1,2,6.0,14.0,1.5,0.5,0.5,14.0,1.5,0.5,16.5,0.0,0.0,8.0,7.0,,,,,,,,,,,,,,,,,,,,,,,,,,,,,,,,,,,,,,,,,,,,,,,,,,,,,,,,,,,,,,,,,,,,,,,,,,,,,,,,,,,,,,,,,,,,,,,,,,,,,,,,,,,,,,,,,,,,,,,,,,,,,,,,,,,,,,,,,,,,,,,,,,,,,,,,,,,,,,,,,,,,,,,,,,,,,,,,,,,,,,,,,,,,,,,,,,,,,,,,,,,,,,,,,,,,,,,,,,,,,,,,,,,,,,,,,,,,,,,,,,,,,,,,,,,,,,,,,,,
2025,6,DOO,Alpine,20.0,0.0,Retired,0,1,0.0,0.0,-7.0,0.0,-2.5,-2.0,Miami Grand Prix,0.0,16.5,13.0,0,1,1,2,6.0,14.9,1.2,0.6,0.4,14.9,1.2,0.6,11.0,1.0,0.0,8.0,9.0,,,,,,,,,,,,,,,,,,,,,,,,,,,,,,,,,,,,,,,,,,,,,,,,,,,,,,,,,,,,,,,,,,,,,,,,,,,,,,,,,,,,,,,,,,,,,,,,,,,,,,,,,,,,,,,,,,,,,,,,,,,,,,,,,,,,,,,,,,,,,,,,,,,,,,,,,,,,,,,,,,,,,,,,,,,,,,,,,,,,,,,,,,,,,,,,,,,,,,,,,,,,,,,,,,,,,,,,,,,,,,,,,,,,,,,,,,,,,,,,,,,,,,,,,,,,,,,,,,,
2024,1,GAS,Alpine,18.0,0.0,Lapped,0,1,0.0,0.0,-1.0,0.0,,,Bahrain Grand Prix,0.0,17.5,17.0,0,0,2,2,0.0,,,,,,,,,,,1.0,,Bahrain Grand Prix,95.144,,,107.1178125,,,104.10685714285715,,,10.164000892505722,,,18.0,,,,91.951,,,106.56177777777778,,,100.7621,,,8.686702525507975,,,16.0,,,,92.382,,,110.028875,,,115.60000000000001,,,19.99793633353201,,,20.0,34.21585365853659,,,31.9,,,36.0,,,19.373170731707315,,,19.0,,,19.8,,,38.74390243902439,,,36.0,,,41.0,,,1016.1012195121951,,,1015.9,,,1016.3,,,0.0,,,False,,,False,,,3.3780487804878048,,,2.1,,,4.7,,,66.45121951219512,,,35.0,,,109.0,,,,22.098780487804877,,,21.1,,,23.4,,,17.24756097560976,,,17.1,,,17.4,,,39.02439024390244,,,34.0,,,46.0,,,1017.2317073170732,,,1017.0,,,1017.6,,,0.0,,,False,,,False,,,2.2817073170731708,,,1.2,,,3.5,,,82.76829268292683,,,41.0,,,134.0,,,,32.01341463414634,,,29.2,,,35.2,,,20.259756097560977,,,19.9,,,20.6,,,35.71951219512195,,,30.0,,,41.0,,,1017.720731707317,,,1017.4,,,1018.0,,,0.0,,,False,,,False,,,2.778048780487805,,,1.6,,,4.0,,,54.5,,,28.0,,,85.0,0.0,0.0,0.0,0.0,,,,,,,,,,,,,93.15899999999999,107.90282175925927,106.82298571428572,18.0,,,,
2024,2,GAS,Alpine,20.0,0.0,Retired,0,1,0.0,0.0,-7.0,0.0,-1.0,0.0,Saudi Arabian Grand Prix,0.0,16.5,13.0,0,1,1,2,0.0,17.5,0.0,0.0,1.0,17.5,0.0,0.0,,,,6.0,9.0,Saudi Arabian Grand Prix,91.046,,,105.59849999999999,,,101.746,,,14.912244744951487,,,17.0,,,,89.528,,,105.17126086956522,,,100.16272727272727,,,15.575374750489368,,,9.0,,,,89.546,,,107.4117142857143,,,106.883,,,18.859316875221115,,,12.0,39.70125,,,38.2,,,41.9,,,26.754999999999995,,,26.4,,,27.1,,,57.575,,,53.0,,,61.0,,,1012.2375,,,1012.0,,,1012.5,,,0.0,,,False,,,False,,,4.80625,,,3.2,,,6.8,,,24.6125,,,1.0,,,41.0,,,,30.59677419354838,,,29.2,,,31.5,,,25.370967741935488,,,25.2,,,25.6,,,59.784946236559136,,,58.0,,,63.0,,,1013.7204301075269,,,1013.2,,,1014.1,,,0.0,,,False,,,False,,,2.4010752688172046,,,0.6,,,4.1,,,92.86021505376344,,,0.0,,,360.0,,,,39.558536585365864,,,37.3,,,43.5,,,25.98414634146341,,,25.6,,,26.3,,,60.34146341463415,,,57.0,,,63.0,,,1012.940243902439,,,1012.7,,,1013.4,,,0.0,,,False,,,False,,,4.16219512195122,,,2.1,,,5.8,,,23.451219512195124,,,0.0,,,54.0,0.0,0.0,0.0,0.0,,,,,,,,,,,,,90.04,106.06049171842649,102.93057575757575,12.666666666666666,93.15899999999999,107.90282175925927,106.82298571428572,18.0
2024,3,GAS,Alpine,13.0,0.0,Lapped,0,1,0.0,0.0,3.0,0.0,-4.0,0.0,Australian Grand Prix,0.0,14.5,13.0,0,0,2,2,0.0,17.0,0.0,0.5,0.5,17.0,0.0,0.5,,,,7.0,10.0,Australian Grand Prix,79.622,,,93.67868421052631,,,89.13088888888889,,,10.731090769866366,,,17.0,,,,78.691,,,89.87762500000001,,,84.047,,,0.4108804570675,,,15.0,,,,78.39,,,93.88871428571429,,,96.293625,,,17.251974205352347,,,19.0,33.70987654320987,,,29.9,,,36.8,,,18.469135802469136,,,18.0,,,19.0,,,61.01234567901235,,,55.0,,,64.0,,,1023.5641975308641,,,1023.2,,,1023.9,,,0.0,,,False,,,False,,,1.262962962962963,,,0.5,,,2.7,,,142.54320987654322,,,0.0,,,342.0,,,,36.15731707317073,,,34.0,,,38.3,,,20.157317073170734,,,20.0,,,20.4,,,56.926829268292686,,,55.0,,,58.0,,,1022.0512195121953,,,1021.8,,,1022.2,,,0.0,,,False,,,False,,,1.803658536585366,,,0.7,,,3.0,,,147.47560975609755,,,0.0,,,354.0,,,,27.669135802469132,,,25.2,,,31.0,,,18.27283950617284,,,17.9,,,18.8,,,59.39506172839506,,,56.0,,,62.0,,,1025.324691358025,,,1025.0,,,1025.6,,,0.0,,,False,,,False,,,1.4333333333333333,,,0.5,,,2.8,,,133.25925925925927,,,0.0,,,346.0,0.0,0.0,0.0,0.0,,,,,,,,,,,,,78.901,92.48167449874687,89.82383796296297,17.0,91.5995,106.98165673884287,104.87678073593074,15.333333333333332
2024,4,GAS,Alpine,16.0,0.0,Lapped,0,1,0.0,0.0,-1.0,0.0,-1.6666666666666667,0.0,Japanese Grand Prix,0.0,15.5,15.0,0,0,2,2,0.0,16.166666666666668,0.0,0.3333333333333333,0.6666666666666667,16.166666666666668,0.0,0.3333333333333333,,,,8.0,10.0,Japanese Grand Prix,92.277,,,109.31816666666667,,,115.7015,,,27.749019592290697,,,17.0,,,,,,,,,,,,,,,,,,,,91.141,,,101.278,,,99.97442857142858,,,15.000829231047446,,,17.0,24.296249999999997,,,22.9,,,25.8,,,16.566250000000004,,,15.4,,,17.2,,,42.6875,,,35.0,,,53.0,,,1013.31125,,,1012.9,,,1013.6,,,0.0,,,False,,,False,,,1.3625,,,0.4,,,3.0,,,178.175,,,10.0,,,359.0,,,,16.752325581395347,,,16.2,,,18.1,,,13.02093023255814,,,12.5,,,14.1,,,72.95348837209302,,,60.0,,,80.0,,,1013.4674418604648,,,1013.3,,,1013.7,,,0.20930232558139536,,,False,,,True,,,1.0046511627906978,,,0.0,,,1.9,,,157.5,,,0.0,,,218.0,,,,26.660759493670884,,,24.2,,,29.6,,,17.38227848101266,,,16.7,,,17.9,,,66.10126582278481,,,62.0,,,69.0,,,1015.8417721518989,,,1015.0,,,1016.5,,,0.0,,,False,,,False,,,1.3746835443037975,,,0.4,,,2.5,,,171.72151898734177,,,0.0,,,358.0,0.0,0.0,0.0,0.0,,,,,,,,,,,,,91.709,105.29808333333334,107.83796428571429,17.0,87.36666666666667,102.14832932547755,99.85913314494148,15.888888888888888
2024,5,GAS,Alpine,13.0,0.0,Finished,0,0,0.0,0.0,-2.0,0.0,-1.5,0.0,Chinese Grand Prix,0.0,12.0,11.0,0,0,2,2,0.0,16.0,0.0,0.25,0.75,16.0,0.0,0.25,,,,8.0,10.0,Chinese Grand Prix,99.276,,,105.76107692307693,,,101.89466666666665,,,1.3758960232033057,,,20.0,,,,,,,,,,,,,,,,,,,,,,,,,,,,,,,,,39.46829268292684,,,38.2,,,42.1,,,23.142682926829266,,,22.3,,,23.8,,,22.865853658536587,,,21.0,,,25.0,,,1009.3329268292683,,,1008.5,,,1010.1,,,0.0,,,False,,,False,,,1.3536585365853657,,,0.0,,,3.2,,,146.96341463414635,,,0.0,,,356.0,,,,,,,,,,,,,,,,,,,,,,,,,,,,,,,,,,,,,,,,,,,,,,,,,,,,,,,,,,,,,,,,,,,,,,,,,,,,,,,,,,,,,,,,,,,,,,,,,,,,,,,,,,,,,,,,,,,,,,,,,,,,,,,,,1.0,0.0,0.0,0.0,,,,,,,,,,,,,99.276,105.76107692307693,101.89466666666665,20.0,88.45224999999999,102.9357678274415,101.85384093013468,16.166666666666664
2024,6,GAS,Alpine,12.0,0.0,Finished,0,0,1.0,0.0,-2.0,-1.0,-1.6,0.0,Miami Grand Prix,1.0,11.0,10.0,0,0,2,2,0.0,15.2,0.0,0.2,0.8,15.2,0.0,0.2,,,,8.0,9.0,Miami Grand Prix,89.175,,,108.35014285714286,,,102.99909090909091,,,19.904135954391716,,,10.0,,,,,,,,,,,,,,,,,,,,,,,,,,,,,,,,,49.958441558441564,,,43.4,,,54.9,,,28.780519480519484,,,28.3,,,29.3,,,56.27272727272727,,,53.0,,,59.0,,,1015.31038961039,,,1015.0,,,1015.6,,,0.0,,,False,,,False,,,3.0090909090909084,,,1.3,,,4.7,,,160.14285714285714,,,99.0,,,197.0,,,,,,,,,,,,,,,,,,,,,,,,,,,,,,,,,,,,,,,,,,,,,,,,,,,,,,,,,,,,,,,,,,,,,,,,,,,,,,,,,,,,,,,,,,,,,,,,,,,,,,,,,,,,,,,,,,,,,,,,,,,,,,,,,1.0,0.0,0.0,0.0,,,,,,,,,,,,,89.175,108.35014285714286,102.99909090909091,10.0,90.61699999999999,103.50082964656858,101.86200607744108,16.93333333333333
2024,7,GAS,Alpine,16.0,0.0,Lapped,0,1,0.0,0.0,-2.0,0.0,-1.6666666666666667,-0.1666666666666666,Emilia Romagna Grand Prix,0.0,15.0,14.0,0,0,2,2,1.0,14.5,0.1666666666666666,0.1666666666666666,0.8333333333333334,14.5,0.1666666666666666,0.1666666666666666,,,,8.0,8.0,Emilia Romagna Grand Prix,77.905,,,99.9180714285714,,,103.48575,,,21.556256909040847,,,11.0,,,,77.064,,,94.05987499999999,,,82.00825,,,0.311774987542525,,,15.0,,,,77.361,,,93.74875,,,100.973,,,28.201390426714784,,,19.0,43.45443037974684,,,42.6,,,44.5,,,23.972151898734175,,,23.3,,,24.6,,,32.53164556962025,,,30.0,,,35.0,,,1006.8518987341771,,,1006.6,,,1007.1,,,0.0,,,False,,,False,,,3.951898734177215,,,2.3,,,5.3,,,301.0506329113924,,,239.0,,,338.0,,,,36.84230769230769,,,35.1,,,39.0,,,24.379487179487178,,,24.0,,,24.7,,,33.94871794871795,,,29.0,,,36.0,,,1006.4525641025638,,,1006.2,,,1006.7,,,0.0,,,False,,,False,,,2.5230769230769234,,,0.5,,,4.6,,,284.1923076923077,,,2.0,,,350.0,,,,44.48076923076923,,,42.4,,,45.9,,,23.603846153846156,,,23.0,,,24.3,,,41.32051282051282,,,39.0,,,44.0,,,1009.2435897435897,,,1008.9,,,1009.5,,,0.0,,,False,,,False,,,1.9025641025641027,,,0.7,,,3.8,,,137.17948717948718,,,0.0,,,354.0,0.0,0.0,0.0,0.0,,,,,,,,,,,,,77.44333333333333,95.90889880952379,95.48899999999999,15.0,90.37666666666667,104.30904851499763,102.05152021604938,15.777777777777777
2024,8,GAS,Alpine,10.0,1.0,Lapped,0,1,0.0,0.0,7.0,1.0,-1.7142857142857142,-0.1428571428571428,Monaco Grand Prix,1.0,13.5,10.0,0,1,1,2,1.0,14.571428571428571,0.1428571428571428,0.1428571428571428,0.8571428571428572,14.571428571428571,0.1428571428571428,0.1428571428571428,,,,8.0,8.0,Monaco Grand Prix,75.574,,,90.78320000000001,,,80.47333333333334,,,3.5595962317843597,,,20.0,,,,72.75,,,87.31158620689654,,,84.77354545454546,,,13.278382878676426,,,17.0,,,,72.144,,,90.71918181818182,,,90.02718181818182,,,15.961217226879546,,,11.0,35.56103896103896,,,32.5,,,38.6,,,20.71688311688312,,,19.9,,,21.5,,,66.72727272727273,,,61.0,,,72.0,,,1018.2766233766234,,,1017.7,,,1018.7,,,0.09090909090909091,,,False,,,True,,,0.7467532467532466,,,0.0,,,1.5,,,156.16883116883116,,,0.0,,,359.0,,,,31.30246913580247,,,29.9,,,32.5,,,20.76172839506173,,,20.2,,,21.3,,,66.44444444444444,,,63.0,,,70.0,,,1017.1432098765433,,,1016.8,,,1017.5,,,0.0,,,False,,,False,,,0.7901234567901234,,,0.0,,,1.7,,,144.09876543209876,,,0.0,,,348.0,,,,46.86202531645569,,,45.0,,,48.5,,,21.67468354430379,,,21.3,,,22.0,,,57.40506329113924,,,55.0,,,61.0,,,1017.5379746835443,,,1017.4,,,1017.7,,,0.0,,,False,,,False,,,0.8240506329113924,,,0.0,,,1.6,,,190.30379746835442,,,0.0,,,359.0,0.0,0.0,0.0,0.0,,,,,,,,,,,,,73.48933333333333,89.60465600835944,85.09135353535355,16.0,88.52904761904763,103.10902712850137,101.11401732804232,15.666666666666666
2024,9,GAS,Alpine,9.0,2.0,Finished,0,0,1.0,0.0,1.0,1.0,-0.625,0.0,Canadian Grand Prix,3.0,9.5,9.0,0,0,2,2,2.0,14.4375,0.25,0.25,0.75,14.4375,0.25,0.25,,,,8.0,8.0,Canadian Grand Prix,87.584,,,90.59750000000001,,,89.682,,,2.967020053858752,,,7.0,,,,80.789,,,91.14295,,,94.26036363636364,,,15.575463827910404,,,19.0,,,,73.737,,,85.85528571428571,,,78.160625,,,0.23751327030595365,,,16.0,28.68205128205127,,,25.5,,,32.2,,,18.237179487179485,,,17.2,,,19.3,,,83.57692307692308,,,77.0,,,89.0,,,998.6589743589747,,,998.2,,,999.5,,,0.1794871794871795,,,False,,,True,,,1.2474358974358977,,,0.0,,,2.8,,,226.64102564102564,,,0.0,,,355.0,,,,25.546249999999997,,,23.8,,,27.1,,,18.99625,,,18.1,,,19.6,,,68.5,,,64.0,,,72.0,,,999.23375,,,998.8,,,999.7,,,0.8875,,,False,,,True,,,1.2925,,,0.3,,,2.9,,,151.95,,,0.0,,,337.0,,,,36.4,,,32.2,,,39.1,,,20.854320987654322,,,19.9,,,21.6,,,61.925925925925924,,,59.0,,,64.0,,,1000.5185185185185,,,1000.2,,,1000.8,,,0.0,,,False,,,False,,,1.6790123456790123,,,0.8,,,2.9,,,157.17283950617283,,,0.0,,,348.0,0.0,0.0,0.0,0.0,,,,,,,,,,,,,80.70333333333333,89.19857857142858,87.36766287878788,14.0,86.64908333333334,101.42098073848362,99.11118435395623,15.708333333333332
2024,10,GAS,Alpine,9.0,2.0,Finished,0,0,1.0,0.0,1.0,1.0,-0.4444444444444444,0.1111111111111111,Spanish Grand Prix,3.0,9.5,9.0,0,0,2,2,5.0,13.88888888888889,0.5555555555555556,0.2222222222222222,0.7777777777777778,13.88888888888889,0.5555555555555556,0.2222222222222222,,,,7.0,8.0,Spanish Grand Prix,75.484,,,101.41272727272727,,,91.3422,,,19.47297178655585,,,13.0,,,,73.443,,,89.77357894736842,,,83.1621,,,6.430896955756292,,,4.0,,,,73.964,,,100.39542857142858,,,110.6324,,,33.11863782373907,,,12.0,47.092592592592595,,,45.3,,,48.0,,,28.16543209876543,,,27.5,,,28.5,,,33.666666666666664,,,29.0,,,38.0,,,1004.3987654320988,,,1004.1,,,1004.6,,,0.0,,,False,,,False,,,2.0950617283950614,,,0.0,,,3.5,,,214.14814814814815,,,0.0,,,276.0,,,,43.05185185185185,,,41.2,,,44.2,,,24.86543209876543,,,24.5,,,25.6,,,49.901234567901234,,,45.0,,,56.0,,,1004.495061728395,,,1004.3,,,1004.7,,,0.0,,,False,,,False,,,1.8407407407407406,,,0.8,,,2.9,,,205.08641975308643,,,0.0,,,340.0,,,,43.355000000000004,,,38.9,,,46.3,,,26.441250000000004,,,26.0,,,26.9,,,57.7125,,,47.0,,,62.0,,,1004.5975000000001,,,1004.3,,,1005.0,,,0.0,,,False,,,False,,,1.6612500000000001,,,0.4,,,2.7,,,218.975,,,0.0,,,355.0,0.0,0.0,0.0,0.0,,,,,,,,,,,,,74.297,97.19391159717475,95.04556666666667,9.666666666666666,85.98844444444444,100.06293605325529,97.80634863449308,15.518518518518517
2024,11,GAS,Alpine,10.0,1.0,Finished,0,0,0.0,0.0,2.0,1.0,-0.3,0.2,Austrian Grand Prix,1.0,11.0,10.0,0,0,2,2,8.0,13.45,0.8,0.2,0.8,13.45,0.8,0.2,,,,7.0,8.0,Austrian Grand Prix,66.734,,,81.6061,,,87.7581,,,21.336571959639834,,,11.0,,,,,,,,,,,,,,,,,,,,,,,,,,,,,,,,,36.88354430379747,,,30.7,,,42.5,,,23.24430379746836,,,21.9,,,24.5,,,59.54430379746835,,,56.0,,,64.0,,,940.7518987341775,,,940.5,,,940.9,,,0.0,,,False,,,False,,,2.6,,,0.7,,,4.0,,,104.36708860759494,,,0.0,,,142.0,,,,,,,,,,,,,,,,,,,,,,,,,,,,,,,,,,,,,,,,,,,,,,,,,,,,,,,,,,,,,,,,,,,,,,,,,,,,,,,,,,,,,,,,,,,,,,,,,,,,,,,,,,,,,,,,,,,,,,,,,,,,,,,,,1.0,0.0,0.0,0.0,,,,,,,,,,,,,66.734,81.6061,87.7581,11.0,84.8193,99.77603360764724,97.53027043771044,14.933333333333334
2024,12,GAS,Alpine,20.0,0.0,Did not start,0,1,0.0,0.0,-4.0,0.0,-0.0909090909090909,0.2727272727272727,British Grand Prix,0.0,18.0,16.0,0,1,1,2,9.0,13.227272727272728,0.8181818181818182,0.1818181818181818,0.8181818181818181,13.227272727272728,0.8181818181818182,0.1818181818181818,,,,8.0,8.0,British Grand Prix,,,,,,,,,,,,,,,,,87.732,,,104.8226875,,,110.82066666666667,,,22.8608419901805,,,14.0,,,,,,,,,,,,,,,,,24.554320987654318,,,21.2,,,28.1,,,16.386419753086418,,,15.6,,,17.2,,,75.61728395061728,,,72.0,,,81.0,,,989.422222222222,,,989.2,,,989.6,,,0.0,,,False,,,False,,,1.3691358024691358,,,0.3,,,3.2,,,213.44444444444446,,,0.0,,,353.0,,,,29.296296296296298,,,25.0,,,32.7,,,18.319753086419755,,,17.5,,,18.9,,,67.5679012345679,,,61.0,,,74.0,,,987.8740740740741,,,987.4,,,988.5,,,0.1728395061728395,,,False,,,True,,,1.7185185185185183,,,0.5,,,2.9,,,223.8148148148148,,,0.0,,,289.0,,,,16.291463414634144,,,15.7,,,17.7,,,11.173170731707318,,,10.7,,,11.6,,,89.42682926829268,,,87.0,,,92.0,,,984.439024390244,,,983.7,,,985.1,,,0.6585365853658537,,,False,,,True,,,2.296341463414634,,,1.0,,,4.2,,,233.8170731707317,,,0.0,,,277.0,0.0,0.0,0.0,0.0,,,,,,,,,,,,,87.732,104.8226875,110.82066666666667,14.0,83.17518181818183,98.12422146149748,96.64189130700949,14.575757575757576
2024,13,GAS,Alpine,20.0,0.0,Retired,0,1,0.0,0.0,-2.0,0.0,-0.4166666666666667,0.25,Hungarian Grand Prix,0.0,19.0,18.0,0,1,1,2,9.0,13.625,0.75,0.25,0.75,13.625,0.75,0.25,,,,8.0,8.0,Hungarian Grand Prix,79.976,,,98.58255555555554,,,90.163375,,,10.740389178071181,,,17.0,,,,78.888,,,91.31785714285715,,,89.26628571428571,,,12.617395290025666,,,16.0,,,,77.499,,,93.33519999999999,,,103.58166666666666,,,23.13387337506051,,,18.0,58.49878048780489,,,56.9,,,60.6,,,31.00487804878049,,,30.4,,,31.8,,,38.0,,,34.0,,,40.0,,,990.5731707317075,,,990.1,,,991.0,,,0.0,,,False,,,False,,,1.2621951219512195,,,0.3,,,3.8,,,207.78048780487805,,,0.0,,,345.0,,,,45.81975308641975,,,41.5,,,49.8,,,31.196296296296293,,,30.5,,,31.9,,,37.17283950617284,,,35.0,,,40.0,,,988.1012345679012,,,987.7,,,988.6,,,0.0,,,False,,,False,,,1.008641975308642,,,0.0,,,2.5,,,162.4320987654321,,,0.0,,,284.0,,,,39.0575,,,36.9,,,41.3,,,26.839999999999996,,,26.6,,,27.1,,,42.9375,,,42.0,,,44.0,,,984.8787500000001,,,984.6,,,985.2,,,0.0,,,False,,,False,,,0.92875,,,0.0,,,1.9,,,218.125,,,0.0,,,338.0,0.0,0.0,0.0,0.0,,,,,,,,,,,,,78.78766666666667,94.4118708994709,94.33710912698412,17.0,83.55491666666667,98.68242696470604,97.82345592031425,14.527777777777779
2024,14,GAS,Alpine,13.0,0.0,Finished,0,0,2.0,0.0,-4.0,-2.0,-0.5384615384615384,0.2307692307692307,Belgian Grand Prix,2.0,11.0,9.0,0,0,2,2,9.0,14.038461538461538,0.6923076923076923,0.3076923076923077,0.6923076923076923,14.038461538461538,0.6923076923076923,0.3076923076923077,,,,8.0,8.0,Belgian Grand Prix,104.833,,,113.92391666666667,,,114.7336,,,19.528394693368927,,,11.0,,,,103.829,,,108.314875,,,110.464,,,0.5570248348742325,,,15.0,,,,123.175,,,127.654,,,127.654,,,5.767683503799423,,,3.0,38.3867469879518,,,35.2,,,40.9,,,22.012048192771083,,,21.4,,,22.5,,,60.855421686746986,,,58.0,,,65.0,,,964.7867469879518,,,964.5,,,965.0,,,0.012048192771084338,,,False,,,True,,,1.5518072289156624,,,0.0,,,4.0,,,156.0120481927711,,,0.0,,,359.0,,,,35.19024390243902,,,33.3,,,36.9,,,21.78170731707317,,,21.2,,,22.2,,,64.3048780487805,,,62.0,,,67.0,,,965.0170731707318,,,964.8,,,965.2,,,0.0,,,False,,,False,,,1.2378048780487805,,,0.4,,,2.7,,,134.90243902439025,,,0.0,,,358.0,,,,21.782926829268295,,,21.2,,,22.9,,,18.108536585365854,,,17.8,,,18.7,,,92.91463414634147,,,89.0,,,96.0,,,965.8914634146339,,,965.7,,,966.0,,,0.8902439024390244,,,False,,,True,,,1.423170731707317,,,0.5,,,2.4,,,156.6829268292683,,,102.0,,,244.0,0.0,0.0,0.0,0.0,,,,,,,,,,,,,110.61233333333332,116.63093055555555,117.61719999999998,9.666666666666666,83.18820512820513,98.35392265199563,97.55527539775039,14.717948717948717
2024,15,GAS,Alpine,9.0,2.0,Lapped,0,1,0.0,0.0,6.0,2.0,-0.7857142857142857,0.0714285714285714,Dutch Grand Prix,2.0,12.0,9.0,0,0,2,2,11.0,13.821428571428571,0.7857142857142857,0.2857142857142857,0.7142857142857143,13.821428571428571,0.7857142857142857,0.2857142857142857,,,,8.0,8.0,Dutch Grand Prix,82.036,,,89.2855,,,82.036,,,,,,20.0,,,,71.644,,,85.05992592592592,,,80.83986666666667,,,14.789362242922477,,,14.0,,,,80.311,,,80.311,,,80.311,,,,,,1.0,21.725925925925925,,,20.3,,,23.8,,,20.233333333333334,,,19.4,,,21.3,,,83.87654320987654,,,75.0,,,92.0,,,1003.335802469136,,,1002.6,,,1004.1,,,0.14814814814814814,,,False,,,True,,,7.109876543209876,,,4.7,,,9.6,,,223.8395061728395,,,204.0,,,242.0,,,,31.169620253164563,,,29.8,,,31.9,,,21.37721518987342,,,21.1,,,21.6,,,62.51898734177215,,,60.0,,,65.0,,,1006.8721518987339,,,1006.2,,,1007.4,,,0.0,,,False,,,False,,,5.472151898734178,,,4.3,,,7.0,,,207.31645569620252,,,187.0,,,230.0,,,,21.572151898734177,,,19.3,,,25.1,,,19.350632911392406,,,17.5,,,21.4,,,94.20253164556962,,,88.0,,,96.0,,,1004.4113924050635,,,1004.0,,,1004.7,,,0.21518987341772153,,,False,,,True,,,1.9759493670886072,,,0.0,,,3.5,,,209.34177215189874,,,0.0,,,244.0,0.0,0.0,0.0,0.0,,,,,,,,,,,,,77.997,84.88547530864197,81.06228888888889,11.666666666666666,85.14707142857142,99.65942321653563,98.9882700121968,14.357142857142858
2024,16,GAS,Alpine,15.0,0.0,Lapped,0,1,0.0,0.0,-1.0,0.0,-0.3333333333333333,0.2,Italian Grand Prix,0.0,14.5,14.0,0,0,2,2,13.0,13.7,0.8666666666666667,0.2666666666666666,0.7333333333333334,13.7,0.8666666666666667,0.2666666666666666,,,,8.0,8.0,Italian Grand Prix,82.763,,,100.47478571428572,,,92.9722,,,13.231585721295845,,,14.0,,,,81.819,,,106.69526666666668,,,112.76025,,,29.301529383537062,,,18.0,,,,81.155,,,103.18118181818181,,,107.91425,,,31.28422393022827,,,14.0,50.81358024691359,,,48.7,,,52.1,,,32.7641975308642,,,32.2,,,33.4,,,38.135802469135804,,,36.0,,,40.0,,,996.3456790123457,,,995.9,,,996.7,,,0.0,,,False,,,False,,,1.0333333333333334,,,0.0,,,2.1,,,192.23456790123456,,,0.0,,,357.0,,,,44.350632911392395,,,41.6,,,48.0,,,34.029113924050634,,,33.7,,,34.4,,,32.177215189873415,,,31.0,,,34.0,,,994.7316455696205,,,994.5,,,995.0,,,0.0,,,False,,,False,,,1.092405063291139,,,0.0,,,2.9,,,213.26582278481013,,,0.0,,,357.0,,,,46.333333333333336,,,43.3,,,48.5,,,31.627160493827162,,,30.9,,,32.4,,,41.7037037037037,,,35.0,,,46.0,,,997.4049382716049,,,997.2,,,997.6,,,0.0,,,False,,,False,,,1.1246913580246913,,,0.0,,,2.3,,,206.4814814814815,,,0.0,,,351.0,0.0,0.0,0.0,0.0,,,,,,,,,,,,,81.91233333333334,103.4504113997114,104.5489,15.333333333333334,84.6704,98.67449335600938,97.79320460397626,14.177777777777777
2024,17,GAS,Alpine,12.0,0.0,Finished,0,0,0.0,0.0,3.0,0.0,-0.3333333333333333,0.2,Azerbaijan Grand Prix,0.0,13.5,12.0,0,0,2,2,13.0,13.75,0.8125,0.25,0.75,13.5,0.8666666666666667,0.2666666666666666,,,,8.0,8.0,Azerbaijan Grand Prix,108.712,,,118.0677692307692,,,120.53533333333333,,,15.462179880814563,,,18.0,,,,105.391,,,114.979,,,114.42625,,,11.93588944258928,,,18.0,,,,103.876,,,109.4906,,,111.60833333333335,,,13.156216566069947,,,15.0,43.68478260869565,,,39.8,,,46.2,,,29.195652173913032,,,28.0,,,30.6,,,39.09782608695652,,,26.0,,,50.0,,,1015.1771739130434,,,1014.9,,,1015.6,,,0.0,,,False,,,False,,,1.6956521739130432,,,0.5,,,3.5,,,119.3695652173913,,,0.0,,,353.0,,,,36.34878048780487,,,32.9,,,41.2,,,28.52926829268293,,,27.5,,,29.2,,,33.09756097560975,,,27.0,,,47.0,,,1015.0731707317074,,,1014.8,,,1015.3,,,0.0,,,False,,,False,,,1.224390243902439,,,0.0,,,2.6,,,115.8170731707317,,,0.0,,,358.0,,,,31.889024390243897,,,31.0,,,33.1,,,26.991463414634143,,,26.7,,,27.3,,,39.40243902439025,,,35.0,,,44.0,,,1016.6475609756096,,,1016.3,,,1016.9,,,0.35365853658536583,,,False,,,True,,,0.7658536585365854,,,0.0,,,1.7,,,125.02439024390245,,,0.0,,,357.0,0.0,0.0,0.0,0.0,,,,,,,,,,,,,105.99300000000001,114.17912307692306,115.52330555555557,17.0,83.9206222222222,98.37766599870619,97.64159888969056,14.0
2024,18,GAS,Alpine,17.0,0.0,Lapped,0,1,0.0,0.0,-4.0,0.0,0.3333333333333333,0.2,Singapore Grand Prix,0.0,15.0,13.0,0,0,2,2,13.0,13.735294117647058,0.7647058823529411,0.2352941176470588,0.7647058823529411,13.3,0.8666666666666667,0.2,,,,9.0,8.0,Singapore Grand Prix,92.694,,,100.647625,,,102.94036363636364,,,15.852621488402022,,,13.0,,,,92.222,,,99.10123529411764,,,101.53916666666667,,,10.21987101709511,,,18.0,,,,91.367,,,106.36421428571428,,,104.49111111111112,,,20.25187049042906,,,14.0,37.114999999999995,,,35.6,,,38.8,,,31.35,,,31.2,,,31.5,,,64.4375,,,63.0,,,67.0,,,1005.6075000000001,,,1005.3,,,1005.9,,,0.0,,,False,,,False,,,2.44875,,,1.2,,,3.4,,,187.9,,,177.0,,,214.0,,,,32.95000000000001,,,32.3,,,33.6,,,30.181707317073165,,,30.0,,,30.3,,,73.98780487804878,,,73.0,,,75.0,,,1008.1158536585366,,,1007.8,,,1008.6,,,0.0,,,False,,,False,,,1.6597560975609755,,,1.1,,,2.4,,,203.09756097560975,,,171.0,,,222.0,,,,37.0670731707317,,,34.9,,,38.6,,,30.06219512195122,,,29.9,,,30.2,,,75.13414634146342,,,74.0,,,77.0,,,1006.7951219512195,,,1006.6,,,1007.0,,,0.0,,,False,,,False,,,0.4817073170731707,,,0.0,,,1.5,,,199.15853658536585,,,0.0,,,323.0,0.0,0.0,0.0,0.0,,,,,,,,,,,,,92.09433333333334,102.03769152661066,102.9902138047138,15.0,84.98415555555556,98.91890808927263,98.48111420955587,14.28888888888889
2024,19,GAS,Alpine,12.0,0.0,Finished,0,0,0.0,0.0,6.0,0.0,-0.1333333333333333,0.2,United States Grand Prix,0.0,15.0,12.0,0,0,2,2,13.0,13.805555555555555,0.7222222222222222,0.2222222222222222,0.7777777777777778,13.333333333333334,0.8666666666666667,0.2,,,,9.0,8.0,United States Grand Prix,94.375,,,112.31200000000001,,,104.283,,,15.791341688828513,,,12.0,,,,,,,,,,,,,,,,,,,,,,,,,,,,,,,,,36.703703703703695,,,33.9,,,38.7,,,25.27777777777778,,,23.5,,,26.4,,,52.24691358024691,,,47.0,,,56.0,,,1004.1839506172839,,,1003.5,,,1005.0,,,0.0,,,False,,,False,,,3.34074074074074,,,1.4,,,5.4,,,158.8641975308642,,,128.0,,,186.0,,,,,,,,,,,,,,,,,,,,,,,,,,,,,,,,,,,,,,,,,,,,,,,,,,,,,,,,,,,,,,,,,,,,,,,,,,,,,,,,,,,,,,,,,,,,,,,,,,,,,,,,,,,,,,,,,,,,,,,,,,,,,,,,,1.0,0.0,0.0,0.0,,,,,,,,,,,,,94.375,112.31200000000001,104.283,12.0,85.86371111111112,99.5559758911302,99.35887259900593,14.155555555555557
2024,20,GAS,Alpine,10.0,1.0,Lapped,0,1,0.0,0.0,3.0,1.0,0.3333333333333333,0.2,Mexico City Grand Prix,1.0,11.5,10.0,0,0,2,2,13.0,13.86842105263158,0.6842105263157895,0.2105263157894736,0.7894736842105263,13.3,0.8666666666666667,0.2,,,,9.0,8.0,Mexico City Grand Prix,79.34,,,89.4848,,,94.0076,,,13.594372688726759,,,15.0,,,,78.942,,,86.66781818181818,,,82.364875,,,0.31672044342876854,,,16.0,,,,78.454,,,91.21383333333331,,,98.3776,,,18.965309008819236,,,20.0,45.61772151898734,,,42.1,,,48.6,,,19.534177215189874,,,17.6,,,21.1,,,45.139240506329116,,,34.0,,,57.0,,,784.5962025316454,,,784.0,,,785.2,,,0.0,,,False,,,False,,,1.6050632911392404,,,0.6,,,3.9,,,208.873417721519,,,0.0,,,344.0,,,,37.789908256880736,,,31.3,,,42.9,,,22.755963302752296,,,22.1,,,23.0,,,27.513761467889907,,,19.0,,,34.0,,,783.3422018348625,,,783.2,,,783.6,,,0.0,,,False,,,False,,,1.4238532110091744,,,0.0,,,3.1,,,255.9724770642202,,,0.0,,,358.0,,,,32.757831325301204,,,29.0,,,38.0,,,18.249397590361443,,,16.9,,,19.7,,,53.855421686746986,,,50.0,,,59.0,,,787.2807228915663,,,786.6,,,787.9,,,0.0,,,False,,,False,,,1.5783132530120483,,,0.0,,,3.8,,,265.90361445783134,,,0.0,,,357.0,0.0,0.0,0.0,0.0,,,,,,,,,,,,,78.91199999999999,89.1221505050505,91.58335833333335,17.0,86.04144444444445,100.02357033557466,99.12187497995829,13.822222222222223
2024,21,GAS,Alpine,3.0,15.0,Finished,1,0,18.0,1.0,-1.0,-3.0,0.6666666666666666,0.2666666666666666,São Paulo Grand Prix,33.0,2.5,2.0,2,0,2,2,14.0,13.75,0.7,0.2,0.8,13.266666666666667,0.9333333333333332,0.2,,,,9.0,8.0,São Paulo Grand Prix,71.216,,,89.0486842105263,,,82.65681818181818,,,15.443729490108158,,,10.0,,,,,,,,,,,,,,,,,,,,,,,,,,,,,,,,,54.140243902439025,,,49.7,,,57.5,,,26.103658536585368,,,25.7,,,26.4,,,54.9390243902439,,,48.0,,,59.0,,,928.0024390243904,,,927.6,,,928.4,,,0.0,,,False,,,False,,,1.0865853658536584,,,0.0,,,2.1,,,180.59756097560975,,,0.0,,,350.0,,,,,,,,,,,,,,,,,,,,,,,,,,,,,,,,,,,,,,,,,,,,,,,,,,,,,,,,,,,,,,,,,,,,,,,,,,,,,,,,,,,,,,,,,,,,,,,,,,,,,,,,,,,,,,,,,,,,,,,,,,,,,,,,,1.0,0.0,0.0,0.0,,,,,,,,,,,,,71.216,89.0486842105263,82.65681818181818,10.0,84.68384444444445,98.9143085743729,98.43445442440276,13.622222222222224
2024,22,GAS,Alpine,20.0,0.0,Retired,0,1,0.0,0.0,-3.0,0.0,0.7333333333333333,0.1333333333333333,Las Vegas Grand Prix,0.0,18.5,17.0,0,1,1,2,47.0,13.214285714285714,2.238095238095238,0.1904761904761904,0.8095238095238095,12.7,3.066666666666667,0.2,,,,6.0,7.0,Las Vegas Grand Prix,96.478,,,108.69468421052632,,,109.76518181818182,,,16.51337213786561,,,9.0,,,,94.651,,,105.38304166666666,,,103.65363636363637,,,9.551201665473592,,,6.0,,,,94.905,,,113.451,,,112.24685714285715,,,17.46755796162868,,,10.0,15.683132530120483,,,14.9,,,16.5,,,14.065060240963856,,,13.3,,,14.6,,,19.626506024096386,,,17.0,,,22.0,,,947.4734939759037,,,947.2,,,947.7,,,0.0,,,False,,,False,,,0.9951807228915662,,,0.5,,,1.7,,,212.16867469879517,,,146.0,,,242.0,,,,12.870987654320986,,,12.6,,,13.2,,,11.146296296296295,,,10.8,,,11.5,,,24.290123456790123,,,23.0,,,26.0,,,947.783950617284,,,947.6,,,948.0,,,0.0,,,False,,,False,,,0.9117283950617283,,,0.4,,,1.4,,,216.62345679012347,,,184.0,,,260.0,,,,16.830487804878047,,,16.1,,,17.7,,,14.853658536585366,,,14.2,,,15.3,,,18.573170731707318,,,17.0,,,20.0,,,942.1670731707317,,,942.0,,,942.4,,,0.0,,,False,,,False,,,0.6524390243902439,,,0.0,,,1.5,,,178.41463414634146,,,0.0,,,310.0,0.0,0.0,0.0,0.0,,,,,,,,,,,,,95.34466666666667,109.17624195906433,108.55522510822512,8.333333333333334,83.48657777777777,97.62754466459846,97.07830290925125,13.622222222222224
2024,23,GAS,Alpine,5.0,10.0,Finished,0,0,0.0,0.0,15.0,10.0,0.6666666666666666,0.1333333333333333,Qatar Grand Prix,10.0,12.5,5.0,0,1,1,2,47.0,13.454545454545457,2.136363636363636,0.2272727272727272,0.7727272727272727,12.933333333333334,3.066666666666667,0.2666666666666666,,,,6.0,8.0,,,,,,,,,,,,,,,,,,,,,,,,,,,,,,,,,,,,,,,,,,,,,,,,,,,,,,,,,,,,,,,,,,,,,,,,,,,,,,,,,,,,,,,,,,,,,,,,,,,,,,,,,,,,,,,,,,,,,,,,,,,,,,,,,,,,,,,,,,,,,,,,,,,,,,,,,,,,,,,,,,,,,,,,,,,,,,,,,,,,,,,,,,,,,,,,,,,,,,,,,,,,,,,,,,,,,,,,,,,,,,,,,,,,,,,,,,,,,,,,,,,,,,,,,,,,,,,,,,,
2024,24,GAS,Alpine,7.0,6.0,Finished,0,0,0.0,0.0,8.0,6.0,1.2,0.7333333333333333,Abu Dhabi Grand Prix,6.0,11.0,7.0,0,0,2,2,57.0,13.41304347826087,2.4782608695652173,0.2608695652173913,0.7391304347826086,12.866666666666667,3.6666666666666665,0.2666666666666666,,,,6.0,8.0,,,,,,,,,,,,,,,,,,,,,,,,,,,,,,,,,,,,,,,,,,,,,,,,,,,,,,,,,,,,,,,,,,,,,,,,,,,,,,,,,,,,,,,,,,,,,,,,,,,,,,,,,,,,,,,,,,,,,,,,,,,,,,,,,,,,,,,,,,,,,,,,,,,,,,,,,,,,,,,,,,,,,,,,,,,,,,,,,,,,,,,,,,,,,,,,,,,,,,,,,,,,,,,,,,,,,,,,,,,,,,,,,,,,,,,,,,,,,,,,,,,,,,,,,,,,,,,,,,,
2025,1,GAS,Alpine,11.0,0.0,Finished,0,0,0.0,0.0,8.0,0.0,1.6666666666666667,1.0666666666666669,Australian Grand Prix,0.0,15.0,11.0,0,1,1,2,0.0,,,,,,,,14.5,0.0,0.0,1.0,,,,,,,,,,,,,,,,,,,,,,,,,,,,,,,,,,,,,,,,,,,,,,,,,,,,,,,,,,,,,,,,,,,,,,,,,,,,,,,,,,,,,,,,,,,,,,,,,,,,,,,,,,,,,,,,,,,,,,,,,,,,,,,,,,,,,,,,,,,,,,,,,,,,,,,,,,,,,,,,,,,,,,,,,,,,,,,,,,,,,,,,,,,,,,,,,,,,,,,,,,,,,,,,,,,,,,,,,,,,,,,,,,,,,,,,,,,,,,,,,,,,,,,,,,,,,,,,,,,,
2025,2,GAS,Alpine,20.0,0.0,Disqualified,0,1,0.0,0.0,-7.0,0.0,2.1333333333333333,1.0,Chinese Grand Prix,0.0,16.5,13.0,0,1,1,2,0.0,15.0,0.0,1.0,0.0,15.0,0.0,1.0,12.0,0.0,0.0,8.0,9.0,,,,,,,,,,,,,,,,,,,,,,,,,,,,,,,,,,,,,,,,,,,,,,,,,,,,,,,,,,,,,,,,,,,,,,,,,,,,,,,,,,,,,,,,,,,,,,,,,,,,,,,,,,,,,,,,,,,,,,,,,,,,,,,,,,,,,,,,,,,,,,,,,,,,,,,,,,,,,,,,,,,,,,,,,,,,,,,,,,,,,,,,,,,,,,,,,,,,,,,,,,,,,,,,,,,,,,,,,,,,,,,,,,,,,,,,,,,,,,,,,,,,,,,,,,,,,,,,,,,
2025,3,GAS,Alpine,13.0,0.0,Finished,0,0,0.0,0.0,2.0,0.0,1.5333333333333334,0.9333333333333332,Japanese Grand Prix,0.0,14.0,13.0,0,0,2,2,0.0,15.75,0.0,1.0,0.0,15.75,0.0,1.0,15.5,0.0,0.0,9.0,10.0,,,,,,,,,,,,,,,,,,,,,,,,,,,,,,,,,,,,,,,,,,,,,,,,,,,,,,,,,,,,,,,,,,,,,,,,,,,,,,,,,,,,,,,,,,,,,,,,,,,,,,,,,,,,,,,,,,,,,,,,,,,,,,,,,,,,,,,,,,,,,,,,,,,,,,,,,,,,,,,,,,,,,,,,,,,,,,,,,,,,,,,,,,,,,,,,,,,,,,,,,,,,,,,,,,,,,,,,,,,,,,,,,,,,,,,,,,,,,,,,,,,,,,,,,,,,,,,,,,,
2025,4,GAS,Alpine,7.0,6.0,Finished,0,0,0.0,0.0,7.0,6.0,1.9333333333333331,0.9333333333333332,Bahrain Grand Prix,6.0,10.5,7.0,0,0,2,2,0.0,15.166666666666666,0.0,0.6666666666666666,0.3333333333333333,15.166666666666666,0.0,0.6666666666666666,17.5,0.0,0.0,10.0,10.0,,,,,,,,,,,,,,,,,,,,,,,,,,,,,,,,,,,,,,,,,,,,,,,,,,,,,,,,,,,,,,,,,,,,,,,,,,,,,,,,,,,,,,,,,,,,,,,,,,,,,,,,,,,,,,,,,,,,,,,,,,,,,,,,,,,,,,,,,,,,,,,,,,,,,,,,,,,,,,,,,,,,,,,,,,,,,,,,,,,,,,,,,,,,,,,,,,,,,,,,,,,,,,,,,,,,,,,,,,,,,,,,,,,,,,,,,,,,,,,,,,,,,,,,,,,,,,,,,,,
2025,5,GAS,Alpine,20.0,0.0,Retired,0,1,0.0,0.0,-3.0,0.0,2.533333333333333,1.3333333333333333,Saudi Arabian Grand Prix,0.0,18.5,17.0,0,1,1,2,6.0,14.0,1.5,0.5,0.5,14.0,1.5,0.5,16.5,0.0,0.0,8.0,7.0,,,,,,,,,,,,,,,,,,,,,,,,,,,,,,,,,,,,,,,,,,,,,,,,,,,,,,,,,,,,,,,,,,,,,,,,,,,,,,,,,,,,,,,,,,,,,,,,,,,,,,,,,,,,,,,,,,,,,,,,,,,,,,,,,,,,,,,,,,,,,,,,,,,,,,,,,,,,,,,,,,,,,,,,,,,,,,,,,,,,,,,,,,,,,,,,,,,,,,,,,,,,,,,,,,,,,,,,,,,,,,,,,,,,,,,,,,,,,,,,,,,,,,,,,,,,,,,,,,,
2025,6,GAS,Alpine,13.0,0.0,Finished,0,0,0.0,0.0,7.0,0.0,2.6,1.4666666666666666,Miami Grand Prix,0.0,16.5,13.0,0,1,1,2,6.0,14.9,1.2,0.6,0.4,14.9,1.2,0.6,11.0,1.0,0.0,8.0,9.0,,,,,,,,,,,,,,,,,,,,,,,,,,,,,,,,,,,,,,,,,,,,,,,,,,,,,,,,,,,,,,,,,,,,,,,,,,,,,,,,,,,,,,,,,,,,,,,,,,,,,,,,,,,,,,,,,,,,,,,,,,,,,,,,,,,,,,,,,,,,,,,,,,,,,,,,,,,,,,,,,,,,,,,,,,,,,,,,,,,,,,,,,,,,,,,,,,,,,,,,,,,,,,,,,,,,,,,,,,,,,,,,,,,,,,,,,,,,,,,,,,,,,,,,,,,,,,,,,,,
2025,7,GAS,Alpine,13.0,0.0,Finished,0,0,0.0,0.0,3.0,0.0,2.6666666666666665,1.3333333333333333,Emilia Romagna Grand Prix,0.0,14.5,13.0,0,0,2,2,6.0,15.166666666666666,1.0,0.6666666666666666,0.3333333333333333,15.166666666666666,1.0,0.6666666666666666,15.0,0.0,0.0,8.0,9.0,,,,,,,,,,,,,,,,,,,,,,,,,,,,,,,,,,,,,,,,,,,,,,,,,,,,,,,,,,,,,,,,,,,,,,,,,,,,,,,,,,,,,,,,,,,,,,,,,,,,,,,,,,,,,,,,,,,,,,,,,,,,,,,,,,,,,,,,,,,,,,,,,,,,,,,,,,,,,,,,,,,,,,,,,,,,,,,,,,,,,,,,,,,,,,,,,,,,,,,,,,,,,,,,,,,,,,,,,,,,,,,,,,,,,,,,,,,,,,,,,,,,,,,,,,,,,,,,,,,
2025,8,GAS,Alpine,20.0,0.0,Retired,0,1,0.0,0.0,-7.0,0.0,2.933333333333333,1.3333333333333333,Monaco Grand Prix,0.0,16.5,13.0,0,1,1,2,6.0,15.071428571428571,0.8571428571428571,0.5714285714285714,0.4285714285714286,15.071428571428571,0.8571428571428571,0.5714285714285714,13.5,1.0,0.0,9.0,9.0,,,,,,,,,,,,,,,,,,,,,,,,,,,,,,,,,,,,,,,,,,,,,,,,,,,,,,,,,,,,,,,,,,,,,,,,,,,,,,,,,,,,,,,,,,,,,,,,,,,,,,,,,,,,,,,,,,,,,,,,,,,,,,,,,,,,,,,,,,,,,,,,,,,,,,,,,,,,,,,,,,,,,,,,,,,,,,,,,,,,,,,,,,,,,,,,,,,,,,,,,,,,,,,,,,,,,,,,,,,,,,,,,,,,,,,,,,,,,,,,,,,,,,,,,,,,,,,,,,,
2025,9,GAS,Alpine,8.0,4.0,Finished,0,0,0.0,0.0,7.0,4.0,2.2666666666666666,1.3333333333333333,Spanish Grand Prix,4.0,11.5,8.0,0,0,2,2,6.0,15.25,0.75,0.625,0.375,15.25,0.75,0.625,9.5,3.0,0.0,9.0,9.0,,,,,,,,,,,,,,,,,,,,,,,,,,,,,,,,,,,,,,,,,,,,,,,,,,,,,,,,,,,,,,,,,,,,,,,,,,,,,,,,,,,,,,,,,,,,,,,,,,,,,,,,,,,,,,,,,,,,,,,,,,,,,,,,,,,,,,,,,,,,,,,,,,,,,,,,,,,,,,,,,,,,,,,,,,,,,,,,,,,,,,,,,,,,,,,,,,,,,,,,,,,,,,,,,,,,,,,,,,,,,,,,,,,,,,,,,,,,,,,,,,,,,,,,,,,,,,,,,,,
2025,1,HAD,Racing Bulls,20.0,0.0,Retired,0,1,0.0,0.0,-8.0,0.0,,,Australian Grand Prix,0.0,16.0,12.0,0,1,1,2,0.0,,,,,,,,,,,1.0,,,,,,,,,,,,,,,,,,,,,,,,,,,,,,,,,,,,,,,,,,,,,,,,,,,,,,,,,,,,,,,,,,,,,,,,,,,,,,,,,,,,,,,,,,,,,,,,,,,,,,,,,,,,,,,,,,,,,,,,,,,,,,,,,,,,,,,,,,,,,,,,,,,,,,,,,,,,,,,,,,,,,,,,,,,,,,,,,,,,,,,,,,,,,,,,,,,,,,,,,,,,,,,,,,,,,,,,,,,,,,,,,,,,,,,,,,,,,,,,,,,,,,,,,,,,,,,,,,,,
2025,2,HAD,Racing Bulls,11.0,0.0,Finished,0,0,0.0,0.0,5.0,0.0,-8.0,0.0,Chinese Grand Prix,0.0,13.5,11.0,0,0,2,2,0.0,16.0,0.0,1.0,0.0,16.0,0.0,1.0,,,,8.0,10.0,,,,,,,,,,,,,,,,,,,,,,,,,,,,,,,,,,,,,,,,,,,,,,,,,,,,,,,,,,,,,,,,,,,,,,,,,,,,,,,,,,,,,,,,,,,,,,,,,,,,,,,,,,,,,,,,,,,,,,,,,,,,,,,,,,,,,,,,,,,,,,,,,,,,,,,,,,,,,,,,,,,,,,,,,,,,,,,,,,,,,,,,,,,,,,,,,,,,,,,,,,,,,,,,,,,,,,,,,,,,,,,,,,,,,,,,,,,,,,,,,,,,,,,,,,,,,,,,,,,
2025,3,HAD,Racing Bulls,8.0,4.0,Finished,0,0,0.0,0.0,9.0,4.0,-1.5,0.0,Japanese Grand Prix,4.0,12.5,8.0,0,0,2,2,0.0,14.75,0.0,0.5,0.5,14.75,0.0,0.5,,,,9.0,9.0,,,,,,,,,,,,,,,,,,,,,,,,,,,,,,,,,,,,,,,,,,,,,,,,,,,,,,,,,,,,,,,,,,,,,,,,,,,,,,,,,,,,,,,,,,,,,,,,,,,,,,,,,,,,,,,,,,,,,,,,,,,,,,,,,,,,,,,,,,,,,,,,,,,,,,,,,,,,,,,,,,,,,,,,,,,,,,,,,,,,,,,,,,,,,,,,,,,,,,,,,,,,,,,,,,,,,,,,,,,,,,,,,,,,,,,,,,,,,,,,,,,,,,,,,,,,,,,,,,,
2025,4,HAD,Racing Bulls,13.0,0.0,Finished,0,0,0.0,0.0,3.0,0.0,2.0,1.3333333333333333,Bahrain Grand Prix,0.0,14.5,13.0,0,0,2,2,4.0,14.0,1.3333333333333333,0.3333333333333333,0.6666666666666667,14.0,1.3333333333333333,0.3333333333333333,,,,9.0,8.0,,,,,,,,,,,,,,,,,,,,,,,,,,,,,,,,,,,,,,,,,,,,,,,,,,,,,,,,,,,,,,,,,,,,,,,,,,,,,,,,,,,,,,,,,,,,,,,,,,,,,,,,,,,,,,,,,,,,,,,,,,,,,,,,,,,,,,,,,,,,,,,,,,,,,,,,,,,,,,,,,,,,,,,,,,,,,,,,,,,,,,,,,,,,,,,,,,,,,,,,,,,,,,,,,,,,,,,,,,,,,,,,,,,,,,,,,,,,,,,,,,,,,,,,,,,,,,,,,,,
2025,5,HAD,Racing Bulls,10.0,1.0,Finished,0,0,0.0,0.0,2.0,1.0,2.25,1.0,Saudi Arabian Grand Prix,1.0,11.0,10.0,0,0,2,2,4.0,14.125,1.0,0.25,0.75,14.125,1.0,0.25,,,,10.0,9.0,,,,,,,,,,,,,,,,,,,,,,,,,,,,,,,,,,,,,,,,,,,,,,,,,,,,,,,,,,,,,,,,,,,,,,,,,,,,,,,,,,,,,,,,,,,,,,,,,,,,,,,,,,,,,,,,,,,,,,,,,,,,,,,,,,,,,,,,,,,,,,,,,,,,,,,,,,,,,,,,,,,,,,,,,,,,,,,,,,,,,,,,,,,,,,,,,,,,,,,,,,,,,,,,,,,,,,,,,,,,,,,,,,,,,,,,,,,,,,,,,,,,,,,,,,,,,,,,,,,
2025,6,HAD,Racing Bulls,11.0,0.0,Finished,0,0,0.0,0.0,6.0,0.0,2.2,1.0,Miami Grand Prix,0.0,14.0,11.0,0,1,1,2,5.0,13.5,1.0,0.2,0.8,13.5,1.0,0.2,,,,10.0,7.0,,,,,,,,,,,,,,,,,,,,,,,,,,,,,,,,,,,,,,,,,,,,,,,,,,,,,,,,,,,,,,,,,,,,,,,,,,,,,,,,,,,,,,,,,,,,,,,,,,,,,,,,,,,,,,,,,,,,,,,,,,,,,,,,,,,,,,,,,,,,,,,,,,,,,,,,,,,,,,,,,,,,,,,,,,,,,,,,,,,,,,,,,,,,,,,,,,,,,,,,,,,,,,,,,,,,,,,,,,,,,,,,,,,,,,,,,,,,,,,,,,,,,,,,,,,,,,,,,,,
2025,7,HAD,Racing Bulls,9.0,2.0,Finished,0,0,0.0,0.0,5.0,2.0,2.833333333333333,0.8333333333333334,Emilia Romagna Grand Prix,2.0,11.5,9.0,0,0,2,2,5.0,13.583333333333334,0.8333333333333334,0.3333333333333333,0.6666666666666667,13.583333333333334,0.8333333333333334,0.3333333333333333,,,,10.0,7.0,,,,,,,,,,,,,,,,,,,,,,,,,,,,,,,,,,,,,,,,,,,,,,,,,,,,,,,,,,,,,,,,,,,,,,,,,,,,,,,,,,,,,,,,,,,,,,,,,,,,,,,,,,,,,,,,,,,,,,,,,,,,,,,,,,,,,,,,,,,,,,,,,,,,,,,,,,,,,,,,,,,,,,,,,,,,,,,,,,,,,,,,,,,,,,,,,,,,,,,,,,,,,,,,,,,,,,,,,,,,,,,,,,,,,,,,,,,,,,,,,,,,,,,,,,,,,,,,,,,
2025,8,HAD,Racing Bulls,6.0,8.0,Lapped,0,1,4.0,0.0,2.0,4.0,3.142857142857143,1.0,Monaco Grand Prix,12.0,7.0,6.0,0,0,2,2,7.0,13.285714285714286,1.0,0.2857142857142857,0.7142857142857143,13.285714285714286,1.0,0.2857142857142857,,,,8.0,7.0,,,,,,,,,,,,,,,,,,,,,,,,,,,,,,,,,,,,,,,,,,,,,,,,,,,,,,,,,,,,,,,,,,,,,,,,,,,,,,,,,,,,,,,,,,,,,,,,,,,,,,,,,,,,,,,,,,,,,,,,,,,,,,,,,,,,,,,,,,,,,,,,,,,,,,,,,,,,,,,,,,,,,,,,,,,,,,,,,,,,,,,,,,,,,,,,,,,,,,,,,,,,,,,,,,,,,,,,,,,,,,,,,,,,,,,,,,,,,,,,,,,,,,,,,,,,,,,,,,,
2025,9,HAD,Racing Bulls,7.0,6.0,Finished,0,0,0.0,0.0,4.0,6.0,3.0,1.375,Spanish Grand Prix,6.0,9.0,7.0,0,0,2,2,19.0,12.5,2.375,0.25,0.75,12.5,2.375,0.25,,,,7.0,6.0,,,,,,,,,,,,,,,,,,,,,,,,,,,,,,,,,,,,,,,,,,,,,,,,,,,,,,,,,,,,,,,,,,,,,,,,,,,,,,,,,,,,,,,,,,,,,,,,,,,,,,,,,,,,,,,,,,,,,,,,,,,,,,,,,,,,,,,,,,,,,,,,,,,,,,,,,,,,,,,,,,,,,,,,,,,,,,,,,,,,,,,,,,,,,,,,,,,,,,,,,,,,,,,,,,,,,,,,,,,,,,,,,,,,,,,,,,,,,,,,,,,,,,,,,,,,,,,,,,,
2024,1,HAM,Mercedes,7.0,6.0,Finished,0,0,10.0,0.0,-2.0,-4.0,,,Bahrain Grand Prix,16.0,6.0,5.0,0,0,2,2,0.0,,,,,,,,,,,1.0,,Bahrain Grand Prix,93.302,,,100.78858333333334,,,97.87385714285713,,,0.2549610614528163,,,9.0,,,,90.374,,,99.16864705882352,,,100.95271428571428,,,8.830671151674203,,,1.0,,,,91.452,,,99.77380000000001,,,97.69483333333334,,,0.30955931041831625,,,12.0,34.21585365853659,,,31.9,,,36.0,,,19.373170731707315,,,19.0,,,19.8,,,38.74390243902439,,,36.0,,,41.0,,,1016.1012195121951,,,1015.9,,,1016.3,,,0.0,,,False,,,False,,,3.3780487804878048,,,2.1,,,4.7,,,66.45121951219512,,,35.0,,,109.0,,,,22.098780487804877,,,21.1,,,23.4,,,17.24756097560976,,,17.1,,,17.4,,,39.02439024390244,,,34.0,,,46.0,,,1017.2317073170732,,,1017.0,,,1017.6,,,0.0,,,False,,,False,,,2.2817073170731708,,,1.2,,,3.5,,,82.76829268292683,,,41.0,,,134.0,,,,32.01341463414634,,,29.2,,,35.2,,,20.259756097560977,,,19.9,,,20.6,,,35.71951219512195,,,30.0,,,41.0,,,1017.720731707317,,,1017.4,,,1018.0,,,0.0,,,False,,,False,,,2.778048780487805,,,1.6,,,4.0,,,54.5,,,28.0,,,85.0,0.0,0.0,0.0,0.0,,,,,,,,,,,,,91.70933333333333,99.91034346405229,98.84046825396825,7.333333333333333,,,,
2024,2,HAM,Mercedes,9.0,2.0,Finished,0,0,8.0,0.0,-3.0,-6.0,-2.0,-4.0,Saudi Arabian Grand Prix,10.0,7.5,6.0,0,0,2,2,16.0,6.0,16.0,0.0,1.0,6.0,16.0,0.0,,,,3.0,3.0,Saudi Arabian Grand Prix,90.236,,,99.62429999999999,,,104.689,,,16.797637790276752,,,8.0,,,,89.504,,,102.1340909090909,,,95.3785,,,1.600954194639357,,,8.0,,,,89.268,,,98.26563636363636,,,92.68616666666667,,,0.340680153027242,,,9.0,39.70125,,,38.2,,,41.9,,,26.754999999999995,,,26.4,,,27.1,,,57.575,,,53.0,,,61.0,,,1012.2375,,,1012.0,,,1012.5,,,0.0,,,False,,,False,,,4.80625,,,3.2,,,6.8,,,24.6125,,,1.0,,,41.0,,,,30.59677419354838,,,29.2,,,31.5,,,25.370967741935488,,,25.2,,,25.6,,,59.784946236559136,,,58.0,,,63.0,,,1013.7204301075269,,,1013.2,,,1014.1,,,0.0,,,False,,,False,,,2.4010752688172046,,,0.6,,,4.1,,,92.86021505376344,,,0.0,,,360.0,,,,39.558536585365864,,,37.3,,,43.5,,,25.98414634146341,,,25.6,,,26.3,,,60.34146341463415,,,57.0,,,63.0,,,1012.940243902439,,,1012.7,,,1013.4,,,0.0,,,False,,,False,,,4.16219512195122,,,2.1,,,5.8,,,23.451219512195124,,,0.0,,,54.0,0.0,0.0,0.0,0.0,,,,,,,,,,,,,89.66933333333334,100.00800909090908,97.58455555555555,8.333333333333334,91.70933333333333,99.91034346405229,98.84046825396825,7.333333333333333
2024,3,HAM,Mercedes,18.0,0.0,Retired,0,1,0.0,0.0,-1.0,0.0,-2.5,-5.0,Australian Grand Prix,0.0,17.5,17.0,0,2,0,2,26.0,6.75,13.0,0.0,1.0,6.75,13.0,0.0,,,,4.0,4.0,Australian Grand Prix,78.771,,,95.40915384615384,,,112.10133333333333,,,23.91557207065444,,,9.0,,,,78.834,,,98.94699999999999,,,99.68942857142858,,,23.230297694011178,,,18.0,,,,76.806,,,94.98610000000001,,,102.84175,,,30.918952239416743,,,4.0,33.70987654320987,,,29.9,,,36.8,,,18.469135802469136,,,18.0,,,19.0,,,61.01234567901235,,,55.0,,,64.0,,,1023.5641975308641,,,1023.2,,,1023.9,,,0.0,,,False,,,False,,,1.262962962962963,,,0.5,,,2.7,,,142.54320987654322,,,0.0,,,342.0,,,,36.15731707317073,,,34.0,,,38.3,,,20.157317073170734,,,20.0,,,20.4,,,56.926829268292686,,,55.0,,,58.0,,,1022.0512195121953,,,1021.8,,,1022.2,,,0.0,,,False,,,False,,,1.803658536585366,,,0.7,,,3.0,,,147.47560975609755,,,0.0,,,354.0,,,,27.669135802469132,,,25.2,,,31.0,,,18.27283950617284,,,17.9,,,18.8,,,59.39506172839506,,,56.0,,,62.0,,,1025.324691358025,,,1025.0,,,1025.6,,,0.0,,,False,,,False,,,1.4333333333333333,,,0.5,,,2.8,,,133.25925925925927,,,0.0,,,346.0,0.0,0.0,0.0,0.0,,,,,,,,,,,,,78.137,96.44741794871794,104.87750396825396,10.333333333333334,90.68933333333334,99.95917627748068,98.2125119047619,7.833333333333334
2024,4,HAM,Mercedes,9.0,2.0,Finished,0,0,6.0,0.0,-2.0,-4.0,-2.0,-3.333333333333333,Japanese Grand Prix,8.0,8.0,7.0,0,0,2,2,26.0,10.333333333333334,8.666666666666666,0.6666666666666666,0.3333333333333333,10.333333333333334,8.666666666666666,0.6666666666666666,,,,4.0,5.0,Japanese Grand Prix,90.543,,,94.98116666666665,,,96.64171428571429,,,0.6608937671279551,,,5.0,,,,95.226,,,109.751,,,109.751,,,20.5414519934692,,,2.0,,,,90.037,,,98.52618181818183,,,97.147625,,,2.307748435008831,,,4.0,24.296249999999997,,,22.9,,,25.8,,,16.566250000000004,,,15.4,,,17.2,,,42.6875,,,35.0,,,53.0,,,1013.31125,,,1012.9,,,1013.6,,,0.0,,,False,,,False,,,1.3625,,,0.4,,,3.0,,,178.175,,,10.0,,,359.0,,,,16.752325581395347,,,16.2,,,18.1,,,13.02093023255814,,,12.5,,,14.1,,,72.95348837209302,,,60.0,,,80.0,,,1013.4674418604648,,,1013.3,,,1013.7,,,0.20930232558139536,,,False,,,True,,,1.0046511627906978,,,0.0,,,1.9,,,157.5,,,0.0,,,218.0,,,,26.660759493670884,,,24.2,,,29.6,,,17.38227848101266,,,16.7,,,17.9,,,66.10126582278481,,,62.0,,,69.0,,,1015.8417721518989,,,1015.0,,,1016.5,,,0.0,,,False,,,False,,,1.3746835443037975,,,0.4,,,2.5,,,171.72151898734177,,,0.0,,,358.0,0.0,0.0,0.0,0.0,,,,,,,,,,,,,91.93533333333335,101.08611616161618,101.1801130952381,3.6666666666666665,86.50522222222223,98.7885901678931,100.43417592592591,8.666666666666666
2024,5,HAM,Mercedes,9.0,2.0,Finished,0,0,8.0,0.0,-3.0,-6.0,-2.0,-3.5,Chinese Grand Prix,10.0,7.5,6.0,0,0,2,2,34.0,9.75,8.5,0.5,0.5,9.75,8.5,0.5,,,,4.0,5.0,Chinese Grand Prix,98.839,,,107.5345,,,102.29625,,,3.466733116350319,,,18.0,,,,,,,,,,,,,,,,,,,,,,,,,,,,,,,,,39.46829268292684,,,38.2,,,42.1,,,23.142682926829266,,,22.3,,,23.8,,,22.865853658536587,,,21.0,,,25.0,,,1009.3329268292683,,,1008.5,,,1010.1,,,0.0,,,False,,,False,,,1.3536585365853657,,,0.0,,,3.2,,,146.96341463414635,,,0.0,,,356.0,,,,,,,,,,,,,,,,,,,,,,,,,,,,,,,,,,,,,,,,,,,,,,,,,,,,,,,,,,,,,,,,,,,,,,,,,,,,,,,,,,,,,,,,,,,,,,,,,,,,,,,,,,,,,,,,,,,,,,,,,,,,,,,,,1.0,0.0,0.0,0.0,,,,,,,,,,,,,98.839,107.5345,102.29625,18.0,87.86275,99.36297166632387,100.62066021825396,7.416666666666667
2024,6,HAM,Mercedes,6.0,8.0,Finished,0,0,4.0,0.0,2.0,4.0,-2.2,-4.0,Miami Grand Prix,12.0,7.0,6.0,0,0,2,2,44.0,9.3,8.8,0.4,0.6,9.3,8.8,0.4,,,,4.0,4.0,Miami Grand Prix,89.012,,,94.6010909090909,,,93.05516666666666,,,1.1619868186286215,,,7.0,,,,,,,,,,,,,,,,,,,,,,,,,,,,,,,,,49.958441558441564,,,43.4,,,54.9,,,28.780519480519484,,,28.3,,,29.3,,,56.27272727272727,,,53.0,,,59.0,,,1015.31038961039,,,1015.0,,,1015.6,,,0.0,,,False,,,False,,,3.0090909090909084,,,1.3,,,4.7,,,160.14285714285714,,,99.0,,,197.0,,,,,,,,,,,,,,,,,,,,,,,,,,,,,,,,,,,,,,,,,,,,,,,,,,,,,,,,,,,,,,,,,,,,,,,,,,,,,,,,,,,,,,,,,,,,,,,,,,,,,,,,,,,,,,,,,,,,,,,,,,,,,,,,,1.0,0.0,0.0,0.0,,,,,,,,,,,,,89.012,94.6010909090909,93.05516666666666,7.0,90.058,100.99727733305909,100.95577817460318,9.533333333333335
2024,7,HAM,Mercedes,6.0,8.0,Finished,0,0,7.0,0.0,1.0,1.0,-1.5,-2.6666666666666665,Emilia Romagna Grand Prix,15.0,6.5,6.0,0,0,2,2,56.0,8.916666666666666,9.333333333333334,0.3333333333333333,0.6666666666666667,8.916666666666666,9.333333333333334,0.3333333333333333,,,,4.0,4.0,Emilia Romagna Grand Prix,77.408,,,99.501625,,,81.6592,,,1.2216673851748678,,,7.0,,,,76.297,,,93.26405263157896,,,81.215,,,0.9665113996814949,,,4.0,,,,76.96,,,103.8347142857143,,,102.9825,,,30.003432031463785,,,17.0,43.45443037974684,,,42.6,,,44.5,,,23.972151898734175,,,23.3,,,24.6,,,32.53164556962025,,,30.0,,,35.0,,,1006.8518987341771,,,1006.6,,,1007.1,,,0.0,,,False,,,False,,,3.951898734177215,,,2.3,,,5.3,,,301.0506329113924,,,239.0,,,338.0,,,,36.84230769230769,,,35.1,,,39.0,,,24.379487179487178,,,24.0,,,24.7,,,33.94871794871795,,,29.0,,,36.0,,,1006.4525641025638,,,1006.2,,,1006.7,,,0.0,,,False,,,False,,,2.5230769230769234,,,0.5,,,4.6,,,284.1923076923077,,,2.0,,,350.0,,,,44.48076923076923,,,42.4,,,45.9,,,23.603846153846156,,,23.0,,,24.3,,,41.32051282051282,,,39.0,,,44.0,,,1009.2435897435897,,,1008.9,,,1009.5,,,0.0,,,False,,,False,,,1.9025641025641027,,,0.7,,,3.8,,,137.17948717948718,,,0.0,,,354.0,0.0,0.0,0.0,0.0,,,,,,,,,,,,,76.88833333333332,98.86679730576442,88.6189,9.333333333333334,89.88366666666667,99.93124626239774,99.6390095899471,9.111111111111112
2024,8,HAM,Mercedes,7.0,7.0,Finished,0,0,10.0,0.0,-2.0,-3.0,-1.1428571428571428,-2.142857142857143,Monaco Grand Prix,17.0,6.0,5.0,0,0,2,2,71.0,8.571428571428571,10.142857142857142,0.2857142857142857,0.7142857142857143,8.571428571428571,10.142857142857142,0.2857142857142857,,,,4.0,4.0,Monaco Grand Prix,72.169,,,85.86307407407409,,,84.15537499999999,,,11.747953778515768,,,1.0,,,,71.466,,,86.76080000000002,,,77.2489,,,1.644700881281734,,,2.0,,,,71.71,,,93.16157142857143,,,89.90520000000001,,,22.671447068945557,,,3.0,35.56103896103896,,,32.5,,,38.6,,,20.71688311688312,,,19.9,,,21.5,,,66.72727272727273,,,61.0,,,72.0,,,1018.2766233766234,,,1017.7,,,1018.7,,,0.09090909090909091,,,False,,,True,,,0.7467532467532466,,,0.0,,,1.5,,,156.16883116883116,,,0.0,,,359.0,,,,31.30246913580247,,,29.9,,,32.5,,,20.76172839506173,,,20.2,,,21.3,,,66.44444444444444,,,63.0,,,70.0,,,1017.1432098765433,,,1016.8,,,1017.5,,,0.0,,,False,,,False,,,0.7901234567901234,,,0.0,,,1.7,,,144.09876543209876,,,0.0,,,348.0,,,,46.86202531645569,,,45.0,,,48.5,,,21.67468354430379,,,21.3,,,22.0,,,57.40506329113924,,,55.0,,,61.0,,,1017.5379746835443,,,1017.4,,,1017.7,,,0.0,,,False,,,False,,,0.8240506329113924,,,0.0,,,1.6,,,190.30379746835442,,,0.0,,,359.0,0.0,0.0,0.0,0.0,,,,,,,,,,,,,71.78166666666665,88.59514850088185,83.769825,2.0,88.02719047619048,99.77918212573583,98.06470821995465,9.142857142857142
2024,9,HAM,Mercedes,4.0,13.0,Finished,0,0,15.0,1.0,-1.0,-2.0,-1.25,-2.25,Canadian Grand Prix,28.0,3.5,3.0,1,0,2,2,88.0,8.25,11.0,0.25,0.75,8.25,11.0,0.25,,,,4.0,4.0,Canadian Grand Prix,85.97,,,92.3462,,,87.8965,,,2.7244824279117688,,,4.0,,,,76.908,,,88.79378947368421,,,84.18241666666667,,,5.947731904735288,,,7.0,,,,72.549,,,89.51817391304348,,,100.4448888888889,,,25.512890792913122,,,1.0,28.68205128205127,,,25.5,,,32.2,,,18.237179487179485,,,17.2,,,19.3,,,83.57692307692308,,,77.0,,,89.0,,,998.6589743589747,,,998.2,,,999.5,,,0.1794871794871795,,,False,,,True,,,1.2474358974358977,,,0.0,,,2.8,,,226.64102564102564,,,0.0,,,355.0,,,,25.546249999999997,,,23.8,,,27.1,,,18.99625,,,18.1,,,19.6,,,68.5,,,64.0,,,72.0,,,999.23375,,,998.8,,,999.7,,,0.8875,,,False,,,True,,,1.2925,,,0.3,,,2.9,,,151.95,,,0.0,,,337.0,,,,36.4,,,32.2,,,39.1,,,20.854320987654322,,,19.9,,,21.6,,,61.925925925925924,,,59.0,,,64.0,,,1000.5185185185185,,,1000.2,,,1000.8,,,0.0,,,False,,,False,,,1.6790123456790123,,,0.8,,,2.9,,,157.17283950617283,,,0.0,,,348.0,0.0,0.0,0.0,0.0,,,,,,,,,,,,,78.47566666666667,90.21938779557588,90.84126851851852,4.0,85.9965,98.38117792262908,96.27784781746031,8.25
2024,10,HAM,Mercedes,3.0,15.0,Finished,1,0,12.0,0.0,1.0,3.0,-1.2222222222222223,-2.2222222222222223,Spanish Grand Prix,27.0,3.5,3.0,1,0,2,2,116.0,7.722222222222222,12.88888888888889,0.2222222222222222,0.7777777777777778,7.722222222222222,12.88888888888889,0.2222222222222222,,,,4.0,4.0,Spanish Grand Prix,74.911,,,89.49205555555557,,,86.5160909090909,,,16.926073280324328,,,7.0,,,,73.264,,,82.39874999999999,,,85.1725,,,16.04121558814838,,,1.0,,,,73.359,,,81.63166666666667,,,78.64514285714286,,,0.3182909720006887,,,6.0,47.092592592592595,,,45.3,,,48.0,,,28.16543209876543,,,27.5,,,28.5,,,33.666666666666664,,,29.0,,,38.0,,,1004.3987654320988,,,1004.1,,,1004.6,,,0.0,,,False,,,False,,,2.0950617283950614,,,0.0,,,3.5,,,214.14814814814815,,,0.0,,,276.0,,,,43.05185185185185,,,41.2,,,44.2,,,24.86543209876543,,,24.5,,,25.6,,,49.901234567901234,,,45.0,,,56.0,,,1004.495061728395,,,1004.3,,,1004.7,,,0.0,,,False,,,False,,,1.8407407407407406,,,0.8,,,2.9,,,205.08641975308643,,,0.0,,,340.0,,,,43.355000000000004,,,38.9,,,46.3,,,26.441250000000004,,,26.0,,,26.9,,,57.7125,,,47.0,,,62.0,,,1004.5975000000001,,,1004.3,,,1005.0,,,0.0,,,False,,,False,,,1.6612500000000001,,,0.4,,,2.7,,,218.975,,,0.0,,,355.0,0.0,0.0,0.0,0.0,,,,,,,,,,,,,73.84466666666667,84.50749074074075,83.44457792207793,4.666666666666667,85.16085185185186,97.4743123529565,95.67378345091123,7.777777777777778
2024,11,HAM,Mercedes,4.0,12.0,Finished,0,0,25.0,1.0,-3.0,-13.0,-1.0,-1.7,Austrian Grand Prix,37.0,2.5,1.0,1,0,2,2,143.0,7.3,14.3,0.2,0.8,7.3,14.3,0.2,,,,4.0,4.0,Austrian Grand Prix,66.254,,,73.92072413793103,,,71.37765,,,7.133477023864309,,,5.0,,,,,,,,,,,,,,,,,,,,,,,,,,,,,,,,,36.88354430379747,,,30.7,,,42.5,,,23.24430379746836,,,21.9,,,24.5,,,59.54430379746835,,,56.0,,,64.0,,,940.7518987341775,,,940.5,,,940.9,,,0.0,,,False,,,False,,,2.6,,,0.7,,,4.0,,,104.36708860759494,,,0.0,,,142.0,,,,,,,,,,,,,,,,,,,,,,,,,,,,,,,,,,,,,,,,,,,,,,,,,,,,,,,,,,,,,,,,,,,,,,,,,,,,,,,,,,,,,,,,,,,,,,,,,,,,,,,,,,,,,,,,,,,,,,,,,,,,,,,,,1.0,0.0,0.0,0.0,,,,,,,,,,,,,66.254,73.92072413793103,71.37765,5.0,84.02923333333334,96.17763019173493,94.4508628980279,7.466666666666667
2024,12,HAM,Mercedes,1.0,25.0,Finished,1,0,0.0,0.0,18.0,25.0,-1.181818181818182,-2.727272727272727,British Grand Prix,25.0,10.0,1.0,1,1,1,2,180.0,6.863636363636363,16.363636363636363,0.1818181818181818,0.8181818181818181,6.863636363636363,16.363636363636363,0.1818181818181818,,,,4.0,4.0,British Grand Prix,87.858,,,96.158,,,99.06099999999999,,,16.188917270775093,,,7.0,,,,87.202,,,93.33161538461538,,,92.781625,,,0.8963020755940927,,,6.0,,,,97.564,,,105.19,,,106.1215,,,8.982469794611674,,,2.0,24.554320987654318,,,21.2,,,28.1,,,16.386419753086418,,,15.6,,,17.2,,,75.61728395061728,,,72.0,,,81.0,,,989.422222222222,,,989.2,,,989.6,,,0.0,,,False,,,False,,,1.3691358024691358,,,0.3,,,3.2,,,213.44444444444446,,,0.0,,,353.0,,,,29.296296296296298,,,25.0,,,32.7,,,18.319753086419755,,,17.5,,,18.9,,,67.5679012345679,,,61.0,,,74.0,,,987.8740740740741,,,987.4,,,988.5,,,0.1728395061728395,,,False,,,True,,,1.7185185185185183,,,0.5,,,2.9,,,223.8148148148148,,,0.0,,,289.0,,,,16.291463414634144,,,15.7,,,17.7,,,11.173170731707318,,,10.7,,,11.6,,,89.42682926829268,,,87.0,,,92.0,,,984.439024390244,,,983.7,,,985.1,,,0.6585365853658537,,,False,,,True,,,2.296341463414634,,,1.0,,,4.2,,,233.8170731707317,,,0.0,,,277.0,0.0,0.0,0.0,0.0,,,,,,,,,,,,,90.87466666666667,98.22653846153845,99.32137499999999,5.0,82.41330303030303,94.15427509593457,92.35329808911628,7.242424242424243
2024,13,HAM,Mercedes,3.0,15.0,Finished,1,0,5.0,0.0,5.0,10.0,0.4166666666666667,-0.4166666666666667,Hungarian Grand Prix,20.0,5.5,3.0,1,0,2,2,205.0,7.125,17.083333333333332,0.25,0.75,7.125,17.083333333333332,0.25,,,,4.0,4.0,Hungarian Grand Prix,79.287,,,84.90677777777779,,,85.80486666666667,,,0.7786031326004541,,,10.0,,,,78.363,,,88.32008333333333,,,90.2517,,,17.254663415050054,,,7.0,,,,76.786,,,88.34800000000001,,,76.786,,,,,,10.0,58.49878048780489,,,56.9,,,60.6,,,31.00487804878049,,,30.4,,,31.8,,,38.0,,,34.0,,,40.0,,,990.5731707317075,,,990.1,,,991.0,,,0.0,,,False,,,False,,,1.2621951219512195,,,0.3,,,3.8,,,207.78048780487805,,,0.0,,,345.0,,,,45.81975308641975,,,41.5,,,49.8,,,31.196296296296293,,,30.5,,,31.9,,,37.17283950617284,,,35.0,,,40.0,,,988.1012345679012,,,987.7,,,988.6,,,0.0,,,False,,,False,,,1.008641975308642,,,0.0,,,2.5,,,162.4320987654321,,,0.0,,,284.0,,,,39.0575,,,36.9,,,41.3,,,26.839999999999996,,,26.6,,,27.1,,,42.9375,,,42.0,,,44.0,,,984.8787500000001,,,984.6,,,985.2,,,0.0,,,False,,,False,,,0.92875,,,0.0,,,1.9,,,218.125,,,0.0,,,338.0,0.0,0.0,0.0,0.0,,,,,,,,,,,,,78.14533333333334,87.19162037037039,84.28085555555556,9.0,83.11841666666668,94.49363037640155,92.93397116502325,7.055555555555556
2024,14,HAM,Mercedes,1.0,25.0,Finished,1,0,0.0,0.0,19.0,25.0,0.7692307692307693,0.3846153846153846,Belgian Grand Prix,25.0,10.5,1.0,1,1,1,2,225.0,7.0,17.307692307692307,0.2307692307692307,0.7692307692307692,7.0,17.307692307692307,0.2307692307692307,,,,4.0,4.0,Belgian Grand Prix,104.279,,,111.97759999999998,,,109.97066666666667,,,1.1230094983273033,,,5.0,,,,103.519,,,115.06868750000001,,,110.80333333333334,,,1.5168792799692372,,,10.0,,,,126.751,,,126.751,,,126.751,,,,,,9.0,38.3867469879518,,,35.2,,,40.9,,,22.012048192771083,,,21.4,,,22.5,,,60.855421686746986,,,58.0,,,65.0,,,964.7867469879518,,,964.5,,,965.0,,,0.012048192771084338,,,False,,,True,,,1.5518072289156624,,,0.0,,,4.0,,,156.0120481927711,,,0.0,,,359.0,,,,35.19024390243902,,,33.3,,,36.9,,,21.78170731707317,,,21.2,,,22.2,,,64.3048780487805,,,62.0,,,67.0,,,965.0170731707318,,,964.8,,,965.2,,,0.0,,,False,,,False,,,1.2378048780487805,,,0.4,,,2.7,,,134.90243902439025,,,0.0,,,358.0,,,,21.782926829268295,,,21.2,,,22.9,,,18.108536585365854,,,17.8,,,18.7,,,92.91463414634147,,,89.0,,,96.0,,,965.8914634146339,,,965.7,,,966.0,,,0.8902439024390244,,,False,,,True,,,1.423170731707317,,,0.5,,,2.4,,,156.6829268292683,,,102.0,,,244.0,0.0,0.0,0.0,0.0,,,,,,,,,,,,,111.51633333333332,117.93242916666668,115.84166666666665,8.0,82.7358717948718,93.93193729901455,92.26834688737189,7.205128205128205
2024,15,HAM,Mercedes,8.0,4.0,Finished,0,0,6.0,0.0,-1.0,-2.0,2.071428571428572,2.142857142857143,Dutch Grand Prix,10.0,7.5,7.0,0,0,2,2,250.0,7.25,17.857142857142858,0.2857142857142857,0.7142857142857143,7.25,17.857142857142858,0.2857142857142857,,,,4.0,4.0,Dutch Grand Prix,73.006,,,87.639875,,,87.46283333333334,,,16.527707395965923,,,3.0,,,,70.813,,,78.44206249999999,,,77.08683333333333,,,2.5654460365922054,,,3.0,,,,84.098,,,84.098,,,84.098,,,,,,15.0,21.725925925925925,,,20.3,,,23.8,,,20.233333333333334,,,19.4,,,21.3,,,83.87654320987654,,,75.0,,,92.0,,,1003.335802469136,,,1002.6,,,1004.1,,,0.14814814814814814,,,False,,,True,,,7.109876543209876,,,4.7,,,9.6,,,223.8395061728395,,,204.0,,,242.0,,,,31.169620253164563,,,29.8,,,31.9,,,21.37721518987342,,,21.1,,,21.6,,,62.51898734177215,,,60.0,,,65.0,,,1006.8721518987339,,,1006.2,,,1007.4,,,0.0,,,False,,,False,,,5.472151898734178,,,4.3,,,7.0,,,207.31645569620252,,,187.0,,,230.0,,,,21.572151898734177,,,19.3,,,25.1,,,19.350632911392406,,,17.5,,,21.4,,,94.20253164556962,,,88.0,,,96.0,,,1004.4113924050635,,,1004.0,,,1004.7,,,0.21518987341772153,,,False,,,True,,,1.9759493670886072,,,0.0,,,3.5,,,209.34177215189874,,,0.0,,,244.0,0.0,0.0,0.0,0.0,,,,,,,,,,,,,75.97233333333334,83.3933125,82.88255555555556,7.0,84.79161904761905,95.64625814670399,93.9521554430358,7.261904761904762
2024,16,HAM,Mercedes,5.0,10.0,Finished,0,0,6.0,0.0,2.0,4.0,1.8666666666666667,1.8666666666666667,Italian Grand Prix,16.0,6.0,5.0,0,0,2,2,260.0,7.266666666666667,17.333333333333332,0.2666666666666666,0.7333333333333334,7.266666666666667,17.333333333333332,0.2666666666666666,,,,4.0,4.0,Italian Grand Prix,82.214,,,97.15569230769232,,,101.11125,,,29.849161042090724,,,7.0,,,,80.738,,,89.0266,,,90.98766666666667,,,18.07715764229107,,,1.0,,,,80.117,,,87.65249999999999,,,101.4865,,,28.99491356255439,,,1.0,50.81358024691359,,,48.7,,,52.1,,,32.7641975308642,,,32.2,,,33.4,,,38.135802469135804,,,36.0,,,40.0,,,996.3456790123457,,,995.9,,,996.7,,,0.0,,,False,,,False,,,1.0333333333333334,,,0.0,,,2.1,,,192.23456790123456,,,0.0,,,357.0,,,,44.350632911392395,,,41.6,,,48.0,,,34.029113924050634,,,33.7,,,34.4,,,32.177215189873415,,,31.0,,,34.0,,,994.7316455696205,,,994.5,,,995.0,,,0.0,,,False,,,False,,,1.092405063291139,,,0.0,,,2.9,,,213.26582278481013,,,0.0,,,357.0,,,,46.333333333333336,,,43.3,,,48.5,,,31.627160493827162,,,30.9,,,32.4,,,41.7037037037037,,,35.0,,,46.0,,,997.4049382716049,,,997.2,,,997.6,,,0.0,,,False,,,False,,,1.1246913580246913,,,0.0,,,2.3,,,206.4814814814815,,,0.0,,,351.0,0.0,0.0,0.0,0.0,,,,,,,,,,,,,81.02300000000001,91.2782641025641,97.86180555555556,3.0,84.20366666666668,94.82939510359039,93.21418211720378,7.2444444444444445
2024,17,HAM,Mercedes,9.0,2.0,Finished,0,0,15.0,1.0,-6.0,-13.0,2.1333333333333333,2.4,Azerbaijan Grand Prix,17.0,6.0,3.0,1,0,2,2,276.0,7.1875,17.25,0.25,0.75,7.266666666666667,17.333333333333332,0.2666666666666666,,,,4.0,4.0,Azerbaijan Grand Prix,105.859,,,119.79137499999999,,,131.61666666666667,,,9.120149359157095,,,2.0,,,,103.55,,,111.75370000000001,,,108.8196,,,1.124287685603645,,,3.0,,,,103.301,,,108.48974999999999,,,112.0055,,,12.3100219536766,,,10.0,43.68478260869565,,,39.8,,,46.2,,,29.195652173913032,,,28.0,,,30.6,,,39.09782608695652,,,26.0,,,50.0,,,1015.1771739130434,,,1014.9,,,1015.6,,,0.0,,,False,,,False,,,1.6956521739130432,,,0.5,,,3.5,,,119.3695652173913,,,0.0,,,353.0,,,,36.34878048780487,,,32.9,,,41.2,,,28.52926829268293,,,27.5,,,29.2,,,33.09756097560975,,,27.0,,,47.0,,,1015.0731707317074,,,1014.8,,,1015.3,,,0.0,,,False,,,False,,,1.224390243902439,,,0.0,,,2.6,,,115.8170731707317,,,0.0,,,358.0,,,,31.889024390243897,,,31.0,,,33.1,,,26.991463414634143,,,26.7,,,27.3,,,39.40243902439025,,,35.0,,,44.0,,,1016.6475609756096,,,1016.3,,,1016.9,,,0.35365853658536583,,,False,,,True,,,0.7658536585365854,,,0.0,,,1.7,,,125.02439024390245,,,0.0,,,357.0,0.0,0.0,0.0,0.0,,,,,,,,,,,,,104.23666666666666,113.34494166666666,117.48058888888887,5.0,83.49124444444445,94.25392314615785,93.14893793730961,6.955555555555557
2024,18,HAM,Mercedes,6.0,8.0,Finished,0,0,12.0,0.0,-2.0,-4.0,1.9333333333333331,1.9333333333333331,Singapore Grand Prix,20.0,5.0,4.0,0,0,2,2,293.0,7.117647058823529,17.235294117647058,0.2352941176470588,0.7647058823529411,7.166666666666667,17.8,0.2666666666666666,,,,4.0,4.0,Singapore Grand Prix,92.679,,,100.39100000000002,,,103.45340000000002,,,12.691336259214177,,,12.0,,,,91.709,,,100.88933333333334,,,103.6440909090909,,,12.38884393682111,,,11.0,,,,90.864,,,103.63974999999999,,,103.81275,,,25.691679163690328,,,7.0,37.114999999999995,,,35.6,,,38.8,,,31.35,,,31.2,,,31.5,,,64.4375,,,63.0,,,67.0,,,1005.6075000000001,,,1005.3,,,1005.9,,,0.0,,,False,,,False,,,2.44875,,,1.2,,,3.4,,,187.9,,,177.0,,,214.0,,,,32.95000000000001,,,32.3,,,33.6,,,30.181707317073165,,,30.0,,,30.3,,,73.98780487804878,,,73.0,,,75.0,,,1008.1158536585366,,,1007.8,,,1008.6,,,0.0,,,False,,,False,,,1.6597560975609755,,,1.1,,,2.4,,,203.09756097560975,,,171.0,,,222.0,,,,37.0670731707317,,,34.9,,,38.6,,,30.06219512195122,,,29.9,,,30.2,,,75.13414634146342,,,74.0,,,77.0,,,1006.7951219512195,,,1006.6,,,1007.0,,,0.0,,,False,,,False,,,0.4817073170731707,,,0.0,,,1.5,,,199.15853658536585,,,0.0,,,323.0,0.0,0.0,0.0,0.0,,,,,,,,,,,,,91.75066666666667,101.64002777777779,103.63674696969697,10.0,84.46239999999999,95.14305198454169,94.47534015953184,6.733333333333333
2024,19,HAM,Mercedes,20.0,0.0,Retired,0,1,8.0,0.0,-14.0,-8.0,1.8666666666666667,1.6666666666666667,United States Grand Prix,8.0,13.0,6.0,0,1,1,2,313.0,7.0,17.38888888888889,0.2222222222222222,0.7777777777777778,6.333333333333333,19.133333333333333,0.1333333333333333,,,,4.0,4.0,United States Grand Prix,93.963,,,107.01281818181819,,,108.78999999999999,,,22.167589118650987,,,6.0,,,,,,,,,,,,,,,,,,,,,,,,,,,,,,,,,36.703703703703695,,,33.9,,,38.7,,,25.27777777777778,,,23.5,,,26.4,,,52.24691358024691,,,47.0,,,56.0,,,1004.1839506172839,,,1003.5,,,1005.0,,,0.0,,,False,,,False,,,3.34074074074074,,,1.4,,,5.4,,,158.8641975308642,,,128.0,,,186.0,,,,,,,,,,,,,,,,,,,,,,,,,,,,,,,,,,,,,,,,,,,,,,,,,,,,,,,,,,,,,,,,,,,,,,,,,,,,,,,,,,,,,,,,,,,,,,,,,,,,,,,,,,,,,,,,,,,,,,,,,,,,,,,,,1.0,0.0,0.0,0.0,,,,,,,,,,,,,93.963,107.01281818181819,108.78999999999999,6.0,85.36997777777779,95.48922597314566,94.39262302629467,6.711111111111111
2024,20,HAM,Mercedes,4.0,12.0,Finished,0,0,10.0,0.0,1.0,2.0,1.0666666666666669,1.4,Mexico City Grand Prix,22.0,4.5,4.0,0,0,2,2,321.0,7.315789473684211,16.894736842105264,0.2631578947368421,0.736842105263158,6.666666666666667,19.133333333333333,0.2,,,,4.0,4.0,Mexico City Grand Prix,,,,,,,,,,,,,,,,,78.279,,,89.05657692307692,,,81.938875,,,0.275274635591438,,,7.0,,,,77.06,,,86.1299,,,80.759,,,0.22894395238427837,,,5.0,45.61772151898734,,,42.1,,,48.6,,,19.534177215189874,,,17.6,,,21.1,,,45.139240506329116,,,34.0,,,57.0,,,784.5962025316454,,,784.0,,,785.2,,,0.0,,,False,,,False,,,1.6050632911392404,,,0.6,,,3.9,,,208.873417721519,,,0.0,,,344.0,,,,37.789908256880736,,,31.3,,,42.9,,,22.755963302752296,,,22.1,,,23.0,,,27.513761467889907,,,19.0,,,34.0,,,783.3422018348625,,,783.2,,,783.6,,,0.0,,,False,,,False,,,1.4238532110091744,,,0.0,,,3.1,,,255.9724770642202,,,0.0,,,358.0,,,,32.757831325301204,,,29.0,,,38.0,,,18.249397590361443,,,16.9,,,19.7,,,53.855421686746986,,,50.0,,,59.0,,,787.2807228915663,,,786.6,,,787.9,,,0.0,,,False,,,False,,,1.5783132530120483,,,0.0,,,3.8,,,265.90361445783134,,,0.0,,,357.0,0.0,0.0,0.0,0.0,,,,,,,,,,,,,77.6695,87.59323846153846,81.3489375,6.0,85.50515555555556,95.88433944115914,94.89994881994548,6.866666666666666
2024,21,HAM,Mercedes,10.0,1.0,Finished,0,0,12.0,0.0,-6.0,-11.0,1.3333333333333333,1.9333333333333331,São Paulo Grand Prix,13.0,7.0,4.0,0,0,2,2,343.0,7.175,17.15,0.25,0.75,6.466666666666667,19.933333333333334,0.2,,,,4.0,4.0,São Paulo Grand Prix,71.754,,,92.22960869565217,,,76.87191666666666,,,4.825755286308388,,,16.0,,,,,,,,,,,,,,,,,,,,,,,,,,,,,,,,,54.140243902439025,,,49.7,,,57.5,,,26.103658536585368,,,25.7,,,26.4,,,54.9390243902439,,,48.0,,,59.0,,,928.0024390243904,,,927.6,,,928.4,,,0.0,,,False,,,False,,,1.0865853658536584,,,0.0,,,2.1,,,180.59756097560975,,,0.0,,,350.0,,,,,,,,,,,,,,,,,,,,,,,,,,,,,,,,,,,,,,,,,,,,,,,,,,,,,,,,,,,,,,,,,,,,,,,,,,,,,,,,,,,,,,,,,,,,,,,,,,,,,,,,,,,,,,,,,,,,,,,,,,,,,,,,,1.0,0.0,0.0,0.0,,,,,,,,,,,,,71.754,92.22960869565217,76.87191666666666,16.0,84.09385555555556,94.5549220052617,93.50346131994549,6.066666666666666
2024,22,HAM,Mercedes,2.0,18.0,Finished,1,0,25.0,1.0,-1.0,-7.0,0.8,0.9333333333333332,Las Vegas Grand Prix,43.0,1.5,1.0,2,0,2,2,356.0,7.166666666666667,16.952380952380953,0.238095238095238,0.7619047619047619,6.466666666666667,20.0,0.2,,,,4.0,4.0,Las Vegas Grand Prix,95.001,,,107.69060000000002,,,107.28109090909092,,,8.948634459564714,,,1.0,,,,93.825,,,111.72357894736842,,,107.89525,,,16.263168885991618,,,1.0,,,,94.341,,,103.23666666666666,,,102.77539999999999,,,16.737305974976977,,,6.0,15.683132530120483,,,14.9,,,16.5,,,14.065060240963856,,,13.3,,,14.6,,,19.626506024096386,,,17.0,,,22.0,,,947.4734939759037,,,947.2,,,947.7,,,0.0,,,False,,,False,,,0.9951807228915662,,,0.5,,,1.7,,,212.16867469879517,,,146.0,,,242.0,,,,12.870987654320986,,,12.6,,,13.2,,,11.146296296296295,,,10.8,,,11.5,,,24.290123456790123,,,23.0,,,26.0,,,947.783950617284,,,947.6,,,948.0,,,0.0,,,False,,,False,,,0.9117283950617283,,,0.4,,,1.4,,,216.62345679012347,,,184.0,,,260.0,,,,16.830487804878047,,,16.1,,,17.7,,,14.853658536585366,,,14.2,,,15.3,,,18.573170731707318,,,17.0,,,20.0,,,942.1670731707317,,,942.0,,,942.4,,,0.0,,,False,,,False,,,0.6524390243902439,,,0.0,,,1.5,,,178.41463414634146,,,0.0,,,310.0,0.0,0.0,0.0,0.0,,,,,,,,,,,,,94.38900000000001,107.55028187134504,105.98391363636364,2.6666666666666665,82.94332222222222,94.39682319103245,92.42457798661215,6.666666666666667
2024,23,HAM,Mercedes,12.0,0.0,Finished,0,0,12.0,0.0,-8.0,-12.0,0.6666666666666666,0.4,Qatar Grand Prix,12.0,8.0,4.0,0,0,2,2,399.0,6.909090909090909,18.13636363636364,0.2272727272727272,0.7727272727272727,6.133333333333334,21.866666666666667,0.2,,,,4.0,4.0,,,,,,,,,,,,,,,,,,,,,,,,,,,,,,,,,,,,,,,,,,,,,,,,,,,,,,,,,,,,,,,,,,,,,,,,,,,,,,,,,,,,,,,,,,,,,,,,,,,,,,,,,,,,,,,,,,,,,,,,,,,,,,,,,,,,,,,,,,,,,,,,,,,,,,,,,,,,,,,,,,,,,,,,,,,,,,,,,,,,,,,,,,,,,,,,,,,,,,,,,,,,,,,,,,,,,,,,,,,,,,,,,,,,,,,,,,,,,,,,,,,,,,,,,,,,,,,,,,,
2024,24,HAM,Mercedes,4.0,12.0,Finished,0,0,10.0,0.0,1.0,2.0,0.2666666666666666,-0.2,Abu Dhabi Grand Prix,22.0,4.5,4.0,0,0,2,2,411.0,6.956521739130435,17.869565217391305,0.217391304347826,0.782608695652174,6.266666666666667,21.53333333333333,0.2,,,,4.0,4.0,,,,,,,,,,,,,,,,,,,,,,,,,,,,,,,,,,,,,,,,,,,,,,,,,,,,,,,,,,,,,,,,,,,,,,,,,,,,,,,,,,,,,,,,,,,,,,,,,,,,,,,,,,,,,,,,,,,,,,,,,,,,,,,,,,,,,,,,,,,,,,,,,,,,,,,,,,,,,,,,,,,,,,,,,,,,,,,,,,,,,,,,,,,,,,,,,,,,,,,,,,,,,,,,,,,,,,,,,,,,,,,,,,,,,,,,,,,,,,,,,,,,,,,,,,,,,,,,,,,
2025,1,HAM,Ferrari,10.0,1.0,Finished,0,0,4.0,0.0,-2.0,-3.0,0.4,0.0666666666666666,Australian Grand Prix,5.0,9.0,8.0,0,0,2,2,0.0,,,,,,,,1.5,44.0,2.0,1.0,,,,,,,,,,,,,,,,,,,,,,,,,,,,,,,,,,,,,,,,,,,,,,,,,,,,,,,,,,,,,,,,,,,,,,,,,,,,,,,,,,,,,,,,,,,,,,,,,,,,,,,,,,,,,,,,,,,,,,,,,,,,,,,,,,,,,,,,,,,,,,,,,,,,,,,,,,,,,,,,,,,,,,,,,,,,,,,,,,,,,,,,,,,,,,,,,,,,,,,,,,,,,,,,,,,,,,,,,,,,,,,,,,,,,,,,,,,,,,,,,,,,,,,,,,,,,,,,,,,,
2025,2,HAM,Ferrari,19.0,0.0,Disqualified,0,1,0.0,0.0,-1.0,0.0,0.2,-0.3333333333333333,Chinese Grand Prix,0.0,18.5,18.0,0,2,0,2,5.0,9.0,5.0,0.0,1.0,9.0,5.0,0.0,4.5,22.0,0.0,7.0,4.0,,,,,,,,,,,,,,,,,,,,,,,,,,,,,,,,,,,,,,,,,,,,,,,,,,,,,,,,,,,,,,,,,,,,,,,,,,,,,,,,,,,,,,,,,,,,,,,,,,,,,,,,,,,,,,,,,,,,,,,,,,,,,,,,,,,,,,,,,,,,,,,,,,,,,,,,,,,,,,,,,,,,,,,,,,,,,,,,,,,,,,,,,,,,,,,,,,,,,,,,,,,,,,,,,,,,,,,,,,,,,,,,,,,,,,,,,,,,,,,,,,,,,,,,,,,,,,,,,,,
2025,3,HAM,Ferrari,7.0,6.0,Finished,0,0,12.0,0.0,-3.0,-6.0,0.3333333333333333,0.5333333333333333,Japanese Grand Prix,18.0,5.5,4.0,0,0,2,2,5.0,13.75,2.5,1.0,0.0,13.75,2.5,1.0,3.5,27.0,1.0,8.0,8.0,,,,,,,,,,,,,,,,,,,,,,,,,,,,,,,,,,,,,,,,,,,,,,,,,,,,,,,,,,,,,,,,,,,,,,,,,,,,,,,,,,,,,,,,,,,,,,,,,,,,,,,,,,,,,,,,,,,,,,,,,,,,,,,,,,,,,,,,,,,,,,,,,,,,,,,,,,,,,,,,,,,,,,,,,,,,,,,,,,,,,,,,,,,,,,,,,,,,,,,,,,,,,,,,,,,,,,,,,,,,,,,,,,,,,,,,,,,,,,,,,,,,,,,,,,,,,,,,,,,
2025,4,HAM,Ferrari,5.0,10.0,Finished,0,0,12.0,0.0,-1.0,-2.0,-1.0666666666666669,-1.5333333333333334,Bahrain Grand Prix,22.0,4.5,4.0,0,0,2,2,23.0,11.0,7.666666666666667,0.6666666666666666,0.3333333333333333,11.0,7.666666666666667,0.6666666666666666,3.5,27.0,1.0,4.0,5.0,,,,,,,,,,,,,,,,,,,,,,,,,,,,,,,,,,,,,,,,,,,,,,,,,,,,,,,,,,,,,,,,,,,,,,,,,,,,,,,,,,,,,,,,,,,,,,,,,,,,,,,,,,,,,,,,,,,,,,,,,,,,,,,,,,,,,,,,,,,,,,,,,,,,,,,,,,,,,,,,,,,,,,,,,,,,,,,,,,,,,,,,,,,,,,,,,,,,,,,,,,,,,,,,,,,,,,,,,,,,,,,,,,,,,,,,,,,,,,,,,,,,,,,,,,,,,,,,,,,
2025,5,HAM,Ferrari,7.0,6.0,Finished,0,0,15.0,1.0,-4.0,-9.0,-1.4666666666666666,-2.333333333333333,Saudi Arabian Grand Prix,21.0,5.0,3.0,1,0,2,2,45.0,9.375,11.25,0.5,0.5,9.375,11.25,0.5,5.0,22.0,1.0,4.0,4.0,,,,,,,,,,,,,,,,,,,,,,,,,,,,,,,,,,,,,,,,,,,,,,,,,,,,,,,,,,,,,,,,,,,,,,,,,,,,,,,,,,,,,,,,,,,,,,,,,,,,,,,,,,,,,,,,,,,,,,,,,,,,,,,,,,,,,,,,,,,,,,,,,,,,,,,,,,,,,,,,,,,,,,,,,,,,,,,,,,,,,,,,,,,,,,,,,,,,,,,,,,,,,,,,,,,,,,,,,,,,,,,,,,,,,,,,,,,,,,,,,,,,,,,,,,,,,,,,,,,
2025,6,HAM,Ferrari,8.0,4.0,Finished,0,0,6.0,0.0,-1.0,-2.0,-3.0,-4.6,Miami Grand Prix,10.0,7.5,7.0,0,0,2,2,66.0,8.5,13.2,0.4,0.6,8.5,13.2,0.4,4.0,25.0,1.0,4.0,4.0,,,,,,,,,,,,,,,,,,,,,,,,,,,,,,,,,,,,,,,,,,,,,,,,,,,,,,,,,,,,,,,,,,,,,,,,,,,,,,,,,,,,,,,,,,,,,,,,,,,,,,,,,,,,,,,,,,,,,,,,,,,,,,,,,,,,,,,,,,,,,,,,,,,,,,,,,,,,,,,,,,,,,,,,,,,,,,,,,,,,,,,,,,,,,,,,,,,,,,,,,,,,,,,,,,,,,,,,,,,,,,,,,,,,,,,,,,,,,,,,,,,,,,,,,,,,,,,,,,,
2025,7,HAM,Ferrari,4.0,12.0,Finished,0,0,8.0,0.0,2.0,4.0,-3.0,-4.6,Emilia Romagna Grand Prix,20.0,5.0,4.0,0,0,2,2,76.0,8.333333333333334,12.666666666666666,0.3333333333333333,0.6666666666666667,8.333333333333334,12.666666666666666,0.3333333333333333,4.0,25.0,1.0,4.0,4.0,,,,,,,,,,,,,,,,,,,,,,,,,,,,,,,,,,,,,,,,,,,,,,,,,,,,,,,,,,,,,,,,,,,,,,,,,,,,,,,,,,,,,,,,,,,,,,,,,,,,,,,,,,,,,,,,,,,,,,,,,,,,,,,,,,,,,,,,,,,,,,,,,,,,,,,,,,,,,,,,,,,,,,,,,,,,,,,,,,,,,,,,,,,,,,,,,,,,,,,,,,,,,,,,,,,,,,,,,,,,,,,,,,,,,,,,,,,,,,,,,,,,,,,,,,,,,,,,,,,
2025,8,HAM,Ferrari,5.0,10.0,Finished,0,0,18.0,1.0,-3.0,-8.0,-3.0,-4.6,Monaco Grand Prix,28.0,3.5,2.0,1,0,2,2,96.0,7.857142857142857,13.714285714285714,0.2857142857142857,0.7142857142857143,7.857142857142857,13.714285714285714,0.2857142857142857,2.0,40.0,2.0,4.0,4.0,,,,,,,,,,,,,,,,,,,,,,,,,,,,,,,,,,,,,,,,,,,,,,,,,,,,,,,,,,,,,,,,,,,,,,,,,,,,,,,,,,,,,,,,,,,,,,,,,,,,,,,,,,,,,,,,,,,,,,,,,,,,,,,,,,,,,,,,,,,,,,,,,,,,,,,,,,,,,,,,,,,,,,,,,,,,,,,,,,,,,,,,,,,,,,,,,,,,,,,,,,,,,,,,,,,,,,,,,,,,,,,,,,,,,,,,,,,,,,,,,,,,,,,,,,,,,,,,,,,
2025,9,HAM,Ferrari,6.0,8.0,Finished,0,0,15.0,1.0,-3.0,-7.0,-2.8,-4.266666666666667,Spanish Grand Prix,23.0,4.5,3.0,1,0,2,2,124.0,7.3125,15.5,0.25,0.75,7.3125,15.5,0.25,5.5,18.0,0.0,4.0,3.0,,,,,,,,,,,,,,,,,,,,,,,,,,,,,,,,,,,,,,,,,,,,,,,,,,,,,,,,,,,,,,,,,,,,,,,,,,,,,,,,,,,,,,,,,,,,,,,,,,,,,,,,,,,,,,,,,,,,,,,,,,,,,,,,,,,,,,,,,,,,,,,,,,,,,,,,,,,,,,,,,,,,,,,,,,,,,,,,,,,,,,,,,,,,,,,,,,,,,,,,,,,,,,,,,,,,,,,,,,,,,,,,,,,,,,,,,,,,,,,,,,,,,,,,,,,,,,,,,,,
2024,1,HUL,Haas F1 Team,16.0,0.0,Lapped,0,1,0.0,0.0,-4.0,0.0,,,Bahrain Grand Prix,0.0,14.0,12.0,0,0,2,2,0.0,,,,,,,,,,,1.0,,Bahrain Grand Prix,97.938,,,99.60873684210526,,,98.41641666666668,,,0.2992361361057807,,,20.0,,,,90.884,,,100.097375,,,101.55508333333334,,,13.055642976808098,,,7.0,,,,91.278,,,118.98666666666668,,,122.324,,,21.319601977991987,,,9.0,34.21585365853659,,,31.9,,,36.0,,,19.373170731707315,,,19.0,,,19.8,,,38.74390243902439,,,36.0,,,41.0,,,1016.1012195121951,,,1015.9,,,1016.3,,,0.0,,,False,,,False,,,3.3780487804878048,,,2.1,,,4.7,,,66.45121951219512,,,35.0,,,109.0,,,,22.098780487804877,,,21.1,,,23.4,,,17.24756097560976,,,17.1,,,17.4,,,39.02439024390244,,,34.0,,,46.0,,,1017.2317073170732,,,1017.0,,,1017.6,,,0.0,,,False,,,False,,,2.2817073170731708,,,1.2,,,3.5,,,82.76829268292683,,,41.0,,,134.0,,,,32.01341463414634,,,29.2,,,35.2,,,20.259756097560977,,,19.9,,,20.6,,,35.71951219512195,,,30.0,,,41.0,,,1017.720731707317,,,1017.4,,,1018.0,,,0.0,,,False,,,False,,,2.778048780487805,,,1.6,,,4.0,,,54.5,,,28.0,,,85.0,0.0,0.0,0.0,0.0,,,,,,,,,,,,,93.36666666666667,106.23092616959065,107.43183333333333,12.0,,,,
2024,2,HUL,Haas F1 Team,10.0,1.0,Finished,0,0,0.0,0.0,2.0,1.0,-4.0,0.0,Saudi Arabian Grand Prix,1.0,11.0,10.0,0,0,2,2,0.0,14.0,0.0,0.0,1.0,14.0,0.0,0.0,,,,6.0,7.0,Saudi Arabian Grand Prix,91.411,,,103.77045454545454,,,104.30783333333333,,,21.303723340455452,,,19.0,,,,90.077,,,101.46116666666666,,,95.67188888888889,,,0.5415889687863948,,,18.0,,,,89.675,,,110.4755,,,108.17,,,31.276050693781652,,,15.0,39.70125,,,38.2,,,41.9,,,26.754999999999995,,,26.4,,,27.1,,,57.575,,,53.0,,,61.0,,,1012.2375,,,1012.0,,,1012.5,,,0.0,,,False,,,False,,,4.80625,,,3.2,,,6.8,,,24.6125,,,1.0,,,41.0,,,,30.59677419354838,,,29.2,,,31.5,,,25.370967741935488,,,25.2,,,25.6,,,59.784946236559136,,,58.0,,,63.0,,,1013.7204301075269,,,1013.2,,,1014.1,,,0.0,,,False,,,False,,,2.4010752688172046,,,0.6,,,4.1,,,92.86021505376344,,,0.0,,,360.0,,,,39.558536585365864,,,37.3,,,43.5,,,25.98414634146341,,,25.6,,,26.3,,,60.34146341463415,,,57.0,,,63.0,,,1012.940243902439,,,1012.7,,,1013.4,,,0.0,,,False,,,False,,,4.16219512195122,,,2.1,,,5.8,,,23.451219512195124,,,0.0,,,54.0,0.0,0.0,0.0,0.0,,,,,,,,,,,,,90.38766666666668,105.23570707070706,102.71657407407407,17.333333333333332,93.36666666666667,106.23092616959065,107.43183333333333,12.0
2024,3,HUL,Haas F1 Team,9.0,2.0,Finished,0,0,1.0,0.0,1.0,1.0,-1.0,0.5,Australian Grand Prix,3.0,9.5,9.0,0,0,2,2,1.0,12.5,0.5,0.0,1.0,12.5,0.5,0.0,,,,6.0,6.0,Australian Grand Prix,79.604,,,91.46407692307692,,,92.91883333333334,,,19.965820948978447,,,16.0,,,,78.702,,,89.77005555555556,,,84.4541,,,0.4072325161651769,,,16.0,,,,77.941,,,100.6333,,,97.0416,,,18.490927756605398,,,16.0,33.70987654320987,,,29.9,,,36.8,,,18.469135802469136,,,18.0,,,19.0,,,61.01234567901235,,,55.0,,,64.0,,,1023.5641975308641,,,1023.2,,,1023.9,,,0.0,,,False,,,False,,,1.262962962962963,,,0.5,,,2.7,,,142.54320987654322,,,0.0,,,342.0,,,,36.15731707317073,,,34.0,,,38.3,,,20.157317073170734,,,20.0,,,20.4,,,56.926829268292686,,,55.0,,,58.0,,,1022.0512195121953,,,1021.8,,,1022.2,,,0.0,,,False,,,False,,,1.803658536585366,,,0.7,,,3.0,,,147.47560975609755,,,0.0,,,354.0,,,,27.669135802469132,,,25.2,,,31.0,,,18.27283950617284,,,17.9,,,18.8,,,59.39506172839506,,,56.0,,,62.0,,,1025.324691358025,,,1025.0,,,1025.6,,,0.0,,,False,,,False,,,1.4333333333333333,,,0.5,,,2.8,,,133.25925925925927,,,0.0,,,346.0,0.0,0.0,0.0,0.0,,,,,,,,,,,,,78.749,93.95581082621084,91.47151111111111,16.0,91.87716666666668,105.73331662014886,105.0742037037037,14.666666666666666
2024,4,HUL,Haas F1 Team,11.0,0.0,Lapped,0,1,0.0,0.0,2.0,0.0,-0.3333333333333333,0.6666666666666666,Japanese Grand Prix,0.0,12.0,11.0,0,0,2,2,4.0,11.5,1.3333333333333333,0.0,1.0,11.5,1.3333333333333333,0.0,,,,7.0,6.0,Japanese Grand Prix,91.958,,,102.8377,,,104.1608,,,14.990334109018379,,,13.0,,,,115.179,,,115.179,,,115.179,,,,,,8.0,,,,91.139,,,102.33083333333332,,,97.639,,,0.4036760252149347,,,16.0,24.296249999999997,,,22.9,,,25.8,,,16.566250000000004,,,15.4,,,17.2,,,42.6875,,,35.0,,,53.0,,,1013.31125,,,1012.9,,,1013.6,,,0.0,,,False,,,False,,,1.3625,,,0.4,,,3.0,,,178.175,,,10.0,,,359.0,,,,16.752325581395347,,,16.2,,,18.1,,,13.02093023255814,,,12.5,,,14.1,,,72.95348837209302,,,60.0,,,80.0,,,1013.4674418604648,,,1013.3,,,1013.7,,,0.20930232558139536,,,False,,,True,,,1.0046511627906978,,,0.0,,,1.9,,,157.5,,,0.0,,,218.0,,,,26.660759493670884,,,24.2,,,29.6,,,17.38227848101266,,,16.7,,,17.9,,,66.10126582278481,,,62.0,,,69.0,,,1015.8417721518989,,,1015.0,,,1016.5,,,0.0,,,False,,,False,,,1.3746835443037975,,,0.4,,,2.5,,,171.72151898734177,,,0.0,,,358.0,0.0,0.0,0.0,0.0,,,,,,,,,,,,,99.42533333333334,106.7825111111111,105.6596,12.333333333333334,87.50111111111111,101.80748135550284,100.53997283950616,15.111111111111109
2024,5,HUL,Haas F1 Team,10.0,1.0,Finished,0,0,0.0,0.0,6.0,1.0,0.25,0.5,Chinese Grand Prix,1.0,13.0,10.0,0,0,2,2,4.0,11.625,1.0,0.0,1.0,11.625,1.0,0.0,,,,7.0,6.0,Chinese Grand Prix,97.101,,,109.70643749999999,,,104.799,,,1.0227914417579602,,,5.0,,,,,,,,,,,,,,,,,,,,,,,,,,,,,,,,,39.46829268292684,,,38.2,,,42.1,,,23.142682926829266,,,22.3,,,23.8,,,22.865853658536587,,,21.0,,,25.0,,,1009.3329268292683,,,1008.5,,,1010.1,,,0.0,,,False,,,False,,,1.3536585365853657,,,0.0,,,3.2,,,146.96341463414635,,,0.0,,,356.0,,,,,,,,,,,,,,,,,,,,,,,,,,,,,,,,,,,,,,,,,,,,,,,,,,,,,,,,,,,,,,,,,,,,,,,,,,,,,,,,,,,,,,,,,,,,,,,,,,,,,,,,,,,,,,,,,,,,,,,,,,,,,,,,,1.0,0.0,0.0,0.0,,,,,,,,,,,,,97.101,109.70643749999999,104.799,5.0,90.48216666666667,103.05123879440491,101.81987962962963,14.416666666666666
2024,6,HUL,Haas F1 Team,11.0,0.0,Finished,0,0,0.0,0.0,8.0,0.0,1.4,0.6,Miami Grand Prix,0.0,15.0,11.0,0,0,2,2,5.0,11.9,1.0,0.0,1.0,11.9,1.0,0.0,,,,7.0,6.0,Miami Grand Prix,89.314,,,104.2940588235294,,,93.896,,,0.8983674081354441,,,13.0,,,,,,,,,,,,,,,,,,,,,,,,,,,,,,,,,49.958441558441564,,,43.4,,,54.9,,,28.780519480519484,,,28.3,,,29.3,,,56.27272727272727,,,53.0,,,59.0,,,1015.31038961039,,,1015.0,,,1015.6,,,0.0,,,False,,,False,,,3.0090909090909084,,,1.3,,,4.7,,,160.14285714285714,,,99.0,,,197.0,,,,,,,,,,,,,,,,,,,,,,,,,,,,,,,,,,,,,,,,,,,,,,,,,,,,,,,,,,,,,,,,,,,,,,,,,,,,,,,,,,,,,,,,,,,,,,,,,,,,,,,,,,,,,,,,,,,,,,,,,,,,,,,,,1.0,0.0,0.0,0.0,,,,,,,,,,,,,89.314,104.2940588235294,93.896,13.0,91.80593333333334,104.38227853552394,102.41570370370371,12.533333333333333
2024,7,HUL,Haas F1 Team,11.0,0.0,Lapped,0,1,0.0,0.0,1.0,0.0,2.5,0.5,Emilia Romagna Grand Prix,0.0,11.5,11.0,0,0,2,2,5.0,12.416666666666666,0.8333333333333334,0.0,1.0,12.416666666666666,0.8333333333333334,0.0,,,,7.0,6.0,Emilia Romagna Grand Prix,81.059,,,87.66084615384615,,,86.92225,,,14.561433374794236,,,20.0,,,,76.826,,,90.20627777777779,,,82.08555555555556,,,0.4602415428639409,,,9.0,,,,76.547,,,91.39971428571428,,,96.0005,,,21.08542657065934,,,10.0,43.45443037974684,,,42.6,,,44.5,,,23.972151898734175,,,23.3,,,24.6,,,32.53164556962025,,,30.0,,,35.0,,,1006.8518987341771,,,1006.6,,,1007.1,,,0.0,,,False,,,False,,,3.951898734177215,,,2.3,,,5.3,,,301.0506329113924,,,239.0,,,338.0,,,,36.84230769230769,,,35.1,,,39.0,,,24.379487179487178,,,24.0,,,24.7,,,33.94871794871795,,,29.0,,,36.0,,,1006.4525641025638,,,1006.2,,,1006.7,,,0.0,,,False,,,False,,,2.5230769230769234,,,0.5,,,4.6,,,284.1923076923077,,,2.0,,,350.0,,,,44.48076923076923,,,42.4,,,45.9,,,23.603846153846156,,,23.0,,,24.3,,,41.32051282051282,,,39.0,,,44.0,,,1009.2435897435897,,,1008.9,,,1009.5,,,0.0,,,False,,,False,,,1.9025641025641027,,,0.7,,,3.8,,,137.17948717948718,,,0.0,,,354.0,0.0,0.0,0.0,0.0,,,,,,,,,,,,,78.14399999999999,89.75561273911273,88.33610185185186,13.0,91.39061111111111,104.3675752501915,100.99575308641975,12.611111111111112
2024,8,HUL,Haas F1 Team,19.0,0.0,Retired,0,1,0.0,0.0,1.0,0.0,2.2857142857142856,0.4285714285714285,Monaco Grand Prix,0.0,19.5,19.0,0,2,0,2,5.0,12.285714285714286,0.7142857142857143,0.0,1.0,12.285714285714286,0.7142857142857143,0.0,,,,7.0,6.0,Monaco Grand Prix,73.576,,,88.5446153846154,,,90.6388,,,13.652534293024948,,,16.0,,,,72.569,,,85.78926923076924,,,76.559,,,0.6885649933012851,,,15.0,,,,72.192,,,93.56061111111111,,,95.2516,,,20.814717539920323,,,13.0,35.56103896103896,,,32.5,,,38.6,,,20.71688311688312,,,19.9,,,21.5,,,66.72727272727273,,,61.0,,,72.0,,,1018.2766233766234,,,1017.7,,,1018.7,,,0.09090909090909091,,,False,,,True,,,0.7467532467532466,,,0.0,,,1.5,,,156.16883116883116,,,0.0,,,359.0,,,,31.30246913580247,,,29.9,,,32.5,,,20.76172839506173,,,20.2,,,21.3,,,66.44444444444444,,,63.0,,,70.0,,,1017.1432098765433,,,1016.8,,,1017.5,,,0.0,,,False,,,False,,,0.7901234567901234,,,0.0,,,1.7,,,144.09876543209876,,,0.0,,,348.0,,,,46.86202531645569,,,45.0,,,48.5,,,21.67468354430379,,,21.3,,,22.0,,,57.40506329113924,,,55.0,,,61.0,,,1017.5379746835443,,,1017.4,,,1017.7,,,0.0,,,False,,,False,,,0.8240506329113924,,,0.0,,,1.6,,,190.30379746835442,,,0.0,,,359.0,0.0,0.0,0.0,0.0,,,,,,,,,,,,,72.779,89.29816524216524,87.48313333333333,14.666666666666666,89.4982380952381,102.28015203432311,99.18723148148149,12.666666666666668
2024,9,HUL,Haas F1 Team,11.0,0.0,Finished,0,0,0.0,0.0,1.0,0.0,2.125,0.375,Canadian Grand Prix,0.0,11.5,11.0,0,0,2,2,5.0,13.1875,0.625,0.25,0.75,13.1875,0.625,0.25,,,,7.0,7.0,Canadian Grand Prix,92.826,,,92.826,,,92.826,,,,,,14.0,,,,77.903,,,94.32292857142856,,,98.25999999999999,,,14.085088125389909,,,15.0,,,,73.777,,,86.88742105263158,,,78.74714285714286,,,0.3883994629980114,,,17.0,28.68205128205127,,,25.5,,,32.2,,,18.237179487179485,,,17.2,,,19.3,,,83.57692307692308,,,77.0,,,89.0,,,998.6589743589747,,,998.2,,,999.5,,,0.1794871794871795,,,False,,,True,,,1.2474358974358977,,,0.0,,,2.8,,,226.64102564102564,,,0.0,,,355.0,,,,25.546249999999997,,,23.8,,,27.1,,,18.99625,,,18.1,,,19.6,,,68.5,,,64.0,,,72.0,,,999.23375,,,998.8,,,999.7,,,0.8875,,,False,,,True,,,1.2925,,,0.3,,,2.9,,,151.95,,,0.0,,,337.0,,,,36.4,,,32.2,,,39.1,,,20.854320987654322,,,19.9,,,21.6,,,61.925925925925924,,,59.0,,,64.0,,,1000.5185185185185,,,1000.2,,,1000.8,,,0.0,,,False,,,False,,,1.6790123456790123,,,0.8,,,2.9,,,157.17283950617283,,,0.0,,,348.0,0.0,0.0,0.0,0.0,,,,,,,,,,,,,81.502,91.34544987468671,89.94438095238094,15.333333333333334,87.40833333333333,100.65740368530338,97.72421921296296,12.916666666666666
2024,10,HUL,Haas F1 Team,11.0,0.0,Finished,0,0,0.0,0.0,6.0,0.0,2.0,0.3333333333333333,Spanish Grand Prix,0.0,14.0,11.0,0,0,2,2,5.0,13.0,0.5555555555555556,0.2222222222222222,0.7777777777777778,13.0,0.5555555555555556,0.2222222222222222,,,,7.0,7.0,Spanish Grand Prix,,,,,,,,,,,,,,,,,74.053,,,89.84404761904761,,,81.33091666666667,,,0.32670210460221727,,,12.0,,,,73.975,,,98.59141666666666,,,98.622,,,19.359497449572395,,,13.0,47.092592592592595,,,45.3,,,48.0,,,28.16543209876543,,,27.5,,,28.5,,,33.666666666666664,,,29.0,,,38.0,,,1004.3987654320988,,,1004.1,,,1004.6,,,0.0,,,False,,,False,,,2.0950617283950614,,,0.0,,,3.5,,,214.14814814814815,,,0.0,,,276.0,,,,43.05185185185185,,,41.2,,,44.2,,,24.86543209876543,,,24.5,,,25.6,,,49.901234567901234,,,45.0,,,56.0,,,1004.495061728395,,,1004.3,,,1004.7,,,0.0,,,False,,,False,,,1.8407407407407406,,,0.8,,,2.9,,,205.08641975308643,,,0.0,,,340.0,,,,43.355000000000004,,,38.9,,,46.3,,,26.441250000000004,,,26.0,,,26.9,,,57.7125,,,47.0,,,62.0,,,1004.5975000000001,,,1004.3,,,1005.0,,,0.0,,,False,,,False,,,1.6612500000000001,,,0.4,,,2.7,,,218.975,,,0.0,,,355.0,0.0,0.0,0.0,0.0,,,,,,,,,,,,,74.014,94.21773214285713,89.97645833333334,12.5,86.75207407407407,99.62274215079042,96.85979273956497,13.185185185185185
2024,11,HUL,Haas F1 Team,6.0,8.0,Finished,0,0,4.0,0.0,2.0,4.0,2.4,0.3,Austrian Grand Prix,12.0,7.0,6.0,0,0,2,2,5.0,13.1,0.5,0.2,0.8,13.1,0.5,0.2,,,,8.0,6.0,Austrian Grand Prix,66.966,,,77.21011764705882,,,71.10683333333334,,,0.28053692567408595,,,17.0,,,,,,,,,,,,,,,,,,,,,,,,,,,,,,,,,36.88354430379747,,,30.7,,,42.5,,,23.24430379746836,,,21.9,,,24.5,,,59.54430379746835,,,56.0,,,64.0,,,940.7518987341775,,,940.5,,,940.9,,,0.0,,,False,,,False,,,2.6,,,0.7,,,4.0,,,104.36708860759494,,,0.0,,,142.0,,,,,,,,,,,,,,,,,,,,,,,,,,,,,,,,,,,,,,,,,,,,,,,,,,,,,,,,,,,,,,,,,,,,,,,,,,,,,,,,,,,,,,,,,,,,,,,,,,,,,,,,,,,,,,,,,,,,,,,,,,,,,,,,,1.0,0.0,0.0,0.0,,,,,,,,,,,,,66.966,77.21011764705882,71.10683333333334,17.0,85.47826666666666,99.08224114999709,96.1714592989418,13.116666666666665
2024,12,HUL,Haas F1 Team,6.0,8.0,Finished,0,0,0.0,0.0,6.0,8.0,2.363636363636364,0.6363636363636364,British Grand Prix,8.0,9.0,6.0,0,0,2,2,17.0,12.545454545454543,1.5454545454545454,0.1818181818181818,0.8181818181818181,12.545454545454543,1.5454545454545454,0.1818181818181818,,,,7.0,6.0,British Grand Prix,88.082,,,98.54316666666666,,,98.89542857142858,,,16.73567757673351,,,11.0,,,,86.99,,,106.25683333333333,,,93.28157142857143,,,0.45164840940082024,,,4.0,,,,99.34,,,106.51025000000001,,,105.34642857142856,,,6.549005824223573,,,10.0,24.554320987654318,,,21.2,,,28.1,,,16.386419753086418,,,15.6,,,17.2,,,75.61728395061728,,,72.0,,,81.0,,,989.422222222222,,,989.2,,,989.6,,,0.0,,,False,,,False,,,1.3691358024691358,,,0.3,,,3.2,,,213.44444444444446,,,0.0,,,353.0,,,,29.296296296296298,,,25.0,,,32.7,,,18.319753086419755,,,17.5,,,18.9,,,67.5679012345679,,,61.0,,,74.0,,,987.8740740740741,,,987.4,,,988.5,,,0.1728395061728395,,,False,,,True,,,1.7185185185185183,,,0.5,,,2.9,,,223.8148148148148,,,0.0,,,289.0,,,,16.291463414634144,,,15.7,,,17.7,,,11.173170731707318,,,10.7,,,11.6,,,89.42682926829268,,,87.0,,,92.0,,,984.439024390244,,,983.7,,,985.1,,,0.6585365853658537,,,False,,,True,,,2.296341463414634,,,1.0,,,4.2,,,233.8170731707317,,,0.0,,,277.0,0.0,0.0,0.0,0.0,,,,,,,,,,,,,91.47066666666667,103.77008333333333,99.17447619047618,8.333333333333334,83.79533333333333,97.0938662860936,93.89285693843195,13.469696969696969
2024,13,HUL,Haas F1 Team,13.0,0.0,Lapped,0,1,0.0,0.0,2.0,0.0,2.6666666666666665,1.25,Hungarian Grand Prix,0.0,14.0,13.0,0,0,2,2,25.0,12.25,2.083333333333333,0.1666666666666666,0.8333333333333334,12.25,2.083333333333333,0.1666666666666666,,,,6.0,6.0,Hungarian Grand Prix,,,,,,,,,,,,,,,,,78.791,,,93.13539999999999,,,92.858,,,19.194480687352367,,,15.0,,,,76.696,,,84.2245,,,76.696,,,,,,8.0,58.49878048780489,,,56.9,,,60.6,,,31.00487804878049,,,30.4,,,31.8,,,38.0,,,34.0,,,40.0,,,990.5731707317075,,,990.1,,,991.0,,,0.0,,,False,,,False,,,1.2621951219512195,,,0.3,,,3.8,,,207.78048780487805,,,0.0,,,345.0,,,,45.81975308641975,,,41.5,,,49.8,,,31.196296296296293,,,30.5,,,31.9,,,37.17283950617284,,,35.0,,,40.0,,,988.1012345679012,,,987.7,,,988.6,,,0.0,,,False,,,False,,,1.008641975308642,,,0.0,,,2.5,,,162.4320987654321,,,0.0,,,284.0,,,,39.0575,,,36.9,,,41.3,,,26.839999999999996,,,26.6,,,27.1,,,42.9375,,,42.0,,,44.0,,,984.8787500000001,,,984.6,,,985.2,,,0.0,,,False,,,False,,,0.92875,,,0.0,,,1.9,,,218.125,,,0.0,,,338.0,0.0,0.0,0.0,0.0,,,,,,,,,,,,,77.7435,88.67994999999999,84.777,11.5,84.43494444444444,97.65021770669692,94.3329918761023,13.041666666666666
2024,14,HUL,Haas F1 Team,18.0,0.0,Finished,0,0,0.0,0.0,-4.0,0.0,2.6153846153846154,1.1538461538461535,Belgian Grand Prix,0.0,16.0,14.0,0,0,2,2,25.0,12.384615384615383,1.9230769230769231,0.1538461538461538,0.8461538461538461,12.384615384615383,1.9230769230769231,0.1538461538461538,,,,7.0,6.0,Belgian Grand Prix,105.645,,,112.16810000000001,,,114.53057142857142,,,7.022537762023617,,,17.0,,,,103.846,,,111.85892307692308,,,114.0916,,,10.322299283051668,,,16.0,,,,128.04,,,128.04,,,128.04,,,,,,12.0,38.3867469879518,,,35.2,,,40.9,,,22.012048192771083,,,21.4,,,22.5,,,60.855421686746986,,,58.0,,,65.0,,,964.7867469879518,,,964.5,,,965.0,,,0.012048192771084338,,,False,,,True,,,1.5518072289156624,,,0.0,,,4.0,,,156.0120481927711,,,0.0,,,359.0,,,,35.19024390243902,,,33.3,,,36.9,,,21.78170731707317,,,21.2,,,22.2,,,64.3048780487805,,,62.0,,,67.0,,,965.0170731707318,,,964.8,,,965.2,,,0.0,,,False,,,False,,,1.2378048780487805,,,0.4,,,2.7,,,134.90243902439025,,,0.0,,,358.0,,,,21.782926829268295,,,21.2,,,22.9,,,18.108536585365854,,,17.8,,,18.7,,,92.91463414634147,,,89.0,,,96.0,,,965.8914634146339,,,965.7,,,966.0,,,0.8902439024390244,,,False,,,True,,,1.423170731707317,,,0.5,,,2.4,,,156.6829268292683,,,102.0,,,244.0,0.0,0.0,0.0,0.0,,,,,,,,,,,,,112.51033333333332,117.35567435897435,118.88739047619048,15.0,83.92021794871795,96.96019711387407,93.59791557794058,12.923076923076923
2024,15,HUL,Haas F1 Team,11.0,0.0,Lapped,0,1,0.0,0.0,7.0,0.0,2.142857142857143,1.0714285714285714,Dutch Grand Prix,0.0,14.5,11.0,0,0,2,2,25.0,12.642857142857142,1.7857142857142858,0.1428571428571428,0.8571428571428572,12.642857142857142,1.7857142857142858,0.1428571428571428,,,,7.0,6.0,Dutch Grand Prix,73.563,,,95.5161,,,98.75633333333333,,,30.360876058945777,,,8.0,,,,73.296,,,93.2405,,,86.72033333333333,,,22.939702359301293,,,20.0,,,,82.354,,,82.354,,,82.354,,,,,,9.0,21.725925925925925,,,20.3,,,23.8,,,20.233333333333334,,,19.4,,,21.3,,,83.87654320987654,,,75.0,,,92.0,,,1003.335802469136,,,1002.6,,,1004.1,,,0.14814814814814814,,,False,,,True,,,7.109876543209876,,,4.7,,,9.6,,,223.8395061728395,,,204.0,,,242.0,,,,31.169620253164563,,,29.8,,,31.9,,,21.37721518987342,,,21.1,,,21.6,,,62.51898734177215,,,60.0,,,65.0,,,1006.8721518987339,,,1006.2,,,1007.4,,,0.0,,,False,,,False,,,5.472151898734178,,,4.3,,,7.0,,,207.31645569620252,,,187.0,,,230.0,,,,21.572151898734177,,,19.3,,,25.1,,,19.350632911392406,,,17.5,,,21.4,,,94.20253164556962,,,88.0,,,96.0,,,1004.4113924050635,,,1004.0,,,1004.7,,,0.21518987341772153,,,False,,,True,,,1.9759493670886072,,,0.0,,,3.5,,,209.34177215189874,,,0.0,,,244.0,0.0,0.0,0.0,0.0,,,,,,,,,,,,,76.40433333333334,90.3702,89.27688888888889,12.333333333333334,85.96236904761905,98.41701691709552,95.40430664210128,13.071428571428571
2024,16,HUL,Haas F1 Team,17.0,0.0,Lapped,0,1,1.0,0.0,-7.0,-1.0,2.466666666666667,1.0,Italian Grand Prix,1.0,13.5,10.0,0,0,2,2,25.0,12.766666666666667,1.6666666666666667,0.1333333333333333,0.8666666666666667,12.766666666666667,1.6666666666666667,0.1333333333333333,,,,7.0,6.0,Italian Grand Prix,83.157,,,96.51157142857143,,,92.91760000000001,,,8.779130839667445,,,19.0,,,,81.14,,,88.95276923076923,,,85.998375,,,0.40036659540261754,,,7.0,,,,80.943,,,90.37930000000001,,,90.02883333333334,,,14.007971664972297,,,10.0,50.81358024691359,,,48.7,,,52.1,,,32.7641975308642,,,32.2,,,33.4,,,38.135802469135804,,,36.0,,,40.0,,,996.3456790123457,,,995.9,,,996.7,,,0.0,,,False,,,False,,,1.0333333333333334,,,0.0,,,2.1,,,192.23456790123456,,,0.0,,,357.0,,,,44.350632911392395,,,41.6,,,48.0,,,34.029113924050634,,,33.7,,,34.4,,,32.177215189873415,,,31.0,,,34.0,,,994.7316455696205,,,994.5,,,995.0,,,0.0,,,False,,,False,,,1.092405063291139,,,0.0,,,2.9,,,213.26582278481013,,,0.0,,,357.0,,,,46.333333333333336,,,43.3,,,48.5,,,31.627160493827162,,,30.9,,,32.4,,,41.7037037037037,,,35.0,,,46.0,,,997.4049382716049,,,997.2,,,997.6,,,0.0,,,False,,,False,,,1.1246913580246913,,,0.0,,,2.3,,,206.4814814814815,,,0.0,,,351.0,0.0,0.0,0.0,0.0,,,,,,,,,,,,,81.74666666666667,91.94788021978023,89.64826944444445,12.0,85.32516666666668,97.88056245595583,94.99581212522047,13.022222222222222
2024,17,HUL,Haas F1 Team,11.0,0.0,Finished,0,0,1.0,0.0,-1.0,-1.0,2.2666666666666666,0.9333333333333332,Azerbaijan Grand Prix,1.0,10.5,10.0,0,0,2,2,26.0,12.8125,1.625,0.125,0.875,12.733333333333333,1.7333333333333334,0.1333333333333333,,,,7.0,6.0,Azerbaijan Grand Prix,107.135,,,117.39879999999998,,,118.6688,,,10.866188117274616,,,12.0,,,,104.475,,,114.47131250000001,,,116.68636363636364,,,11.619101043305605,,,8.0,,,,104.164,,,120.41366666666666,,,130.99233333333333,,,23.571007919334573,,,16.0,43.68478260869565,,,39.8,,,46.2,,,29.195652173913032,,,28.0,,,30.6,,,39.09782608695652,,,26.0,,,50.0,,,1015.1771739130434,,,1014.9,,,1015.6,,,0.0,,,False,,,False,,,1.6956521739130432,,,0.5,,,3.5,,,119.3695652173913,,,0.0,,,353.0,,,,36.34878048780487,,,32.9,,,41.2,,,28.52926829268293,,,27.5,,,29.2,,,33.09756097560975,,,27.0,,,47.0,,,1015.0731707317074,,,1014.8,,,1015.3,,,0.0,,,False,,,False,,,1.224390243902439,,,0.0,,,2.6,,,115.8170731707317,,,0.0,,,358.0,,,,31.889024390243897,,,31.0,,,33.1,,,26.991463414634143,,,26.7,,,27.3,,,39.40243902439025,,,35.0,,,44.0,,,1016.6475609756096,,,1016.3,,,1016.9,,,0.35365853658536583,,,False,,,True,,,0.7658536585365854,,,0.0,,,1.7,,,125.02439024390245,,,0.0,,,357.0,0.0,0.0,0.0,0.0,,,,,,,,,,,,,105.258,117.42792638888888,122.11583232323233,12.0,84.5505,96.92835939263513,93.81024119929454,13.022222222222222
2024,18,HUL,Haas F1 Team,9.0,2.0,Lapped,0,1,0.0,0.0,10.0,2.0,2.066666666666667,0.8,Singapore Grand Prix,2.0,14.0,9.0,0,1,1,2,27.0,12.676470588235292,1.588235294117647,0.1176470588235294,0.8823529411764706,12.7,1.7333333333333334,0.1333333333333333,,,,7.0,6.0,Singapore Grand Prix,93.797,,,102.62521428571429,,,102.328625,,,11.974321143149863,,,20.0,,,,91.667,,,100.53631250000001,,,103.05525,,,12.487833913089533,,,10.0,,,,91.187,,,103.134,,,102.33766666666668,,,16.970322369752836,,,12.0,37.114999999999995,,,35.6,,,38.8,,,31.35,,,31.2,,,31.5,,,64.4375,,,63.0,,,67.0,,,1005.6075000000001,,,1005.3,,,1005.9,,,0.0,,,False,,,False,,,2.44875,,,1.2,,,3.4,,,187.9,,,177.0,,,214.0,,,,32.95000000000001,,,32.3,,,33.6,,,30.181707317073165,,,30.0,,,30.3,,,73.98780487804878,,,73.0,,,75.0,,,1008.1158536585366,,,1007.8,,,1008.6,,,0.0,,,False,,,False,,,1.6597560975609755,,,1.1,,,2.4,,,203.09756097560975,,,171.0,,,222.0,,,,37.0670731707317,,,34.9,,,38.6,,,30.06219512195122,,,29.9,,,30.2,,,75.13414634146342,,,74.0,,,77.0,,,1006.7951219512195,,,1006.6,,,1007.0,,,0.0,,,False,,,False,,,0.4817073170731707,,,0.0,,,1.5,,,199.15853658536585,,,0.0,,,323.0,0.0,0.0,0.0,0.0,,,,,,,,,,,,,92.217,102.09850892857143,102.57384722222223,14.0,85.54185555555556,97.74117401384726,95.10352508257175,12.666666666666666
2024,19,HUL,Haas F1 Team,8.0,4.0,Finished,0,0,0.0,0.0,3.0,4.0,2.6666666666666665,0.8666666666666667,United States Grand Prix,4.0,9.5,8.0,0,0,2,2,29.0,12.75,1.6111111111111112,0.1666666666666666,0.8333333333333334,13.0,1.6666666666666667,0.2,,,,6.0,6.0,United States Grand Prix,94.364,,,109.69375000000001,,,101.128125,,,7.973183938992002,,,11.0,,,,,,,,,,,,,,,,,,,,,,,,,,,,,,,,,36.703703703703695,,,33.9,,,38.7,,,25.27777777777778,,,23.5,,,26.4,,,52.24691358024691,,,47.0,,,56.0,,,1004.1839506172839,,,1003.5,,,1005.0,,,0.0,,,False,,,False,,,3.34074074074074,,,1.4,,,5.4,,,158.8641975308642,,,128.0,,,186.0,,,,,,,,,,,,,,,,,,,,,,,,,,,,,,,,,,,,,,,,,,,,,,,,,,,,,,,,,,,,,,,,,,,,,,,,,,,,,,,,,,,,,,,,,,,,,,,,,,,,,,,,,,,,,,,,,,,,,,,,,,,,,,,,,1.0,0.0,0.0,0.0,,,,,,,,,,,,,94.364,109.69375000000001,101.128125,11.0,86.43972222222222,98.28402055400463,95.8436808233125,12.533333333333333
2024,20,HUL,Haas F1 Team,9.0,2.0,Lapped,0,1,6.0,0.0,-2.0,-4.0,2.7333333333333334,1.1333333333333333,Mexico City Grand Prix,8.0,8.0,7.0,0,0,2,2,33.0,12.578947368421051,1.736842105263158,0.1578947368421052,0.8421052631578947,12.833333333333334,1.9333333333333331,0.2,,,,6.0,6.0,Mexico City Grand Prix,78.904,,,92.7617777777778,,,94.9514,,,17.04515106415898,,,5.0,,,,78.621,,,85.15576923076924,,,82.64160000000001,,,0.28696658729235525,,,12.0,,,,77.819,,,89.60964285714287,,,83.00771428571429,,,6.13573751921983,,,16.0,45.61772151898734,,,42.1,,,48.6,,,19.534177215189874,,,17.6,,,21.1,,,45.139240506329116,,,34.0,,,57.0,,,784.5962025316454,,,784.0,,,785.2,,,0.0,,,False,,,False,,,1.6050632911392404,,,0.6,,,3.9,,,208.873417721519,,,0.0,,,344.0,,,,37.789908256880736,,,31.3,,,42.9,,,22.755963302752296,,,22.1,,,23.0,,,27.513761467889907,,,19.0,,,34.0,,,783.3422018348625,,,783.2,,,783.6,,,0.0,,,False,,,False,,,1.4238532110091744,,,0.0,,,3.1,,,255.9724770642202,,,0.0,,,358.0,,,,32.757831325301204,,,29.0,,,38.0,,,18.249397590361443,,,16.9,,,19.7,,,53.855421686746986,,,50.0,,,59.0,,,787.2807228915663,,,786.6,,,787.9,,,0.0,,,False,,,False,,,1.5783132530120483,,,0.0,,,3.8,,,265.90361445783134,,,0.0,,,357.0,0.0,0.0,0.0,0.0,,,,,,,,,,,,,78.448,89.17572995522998,86.86690476190476,11.0,86.1023,98.47810314659722,95.54158248997916,12.444444444444446
2024,21,HUL,Haas F1 Team,20.0,0.0,Disqualified,0,1,0.0,0.0,-8.0,0.0,2.2,0.8,São Paulo Grand Prix,0.0,16.0,12.0,0,1,1,2,41.0,12.35,2.05,0.15,0.85,12.5,2.4,0.2,,,,6.0,6.0,São Paulo Grand Prix,71.124,,,85.7505625,,,80.45383333333332,,,10.661240498491095,,,8.0,,,,,,,,,,,,,,,,,,,,,,,,,,,,,,,,,54.140243902439025,,,49.7,,,57.5,,,26.103658536585368,,,25.7,,,26.4,,,54.9390243902439,,,48.0,,,59.0,,,928.0024390243904,,,927.6,,,928.4,,,0.0,,,False,,,False,,,1.0865853658536584,,,0.0,,,2.1,,,180.59756097560975,,,0.0,,,350.0,,,,,,,,,,,,,,,,,,,,,,,,,,,,,,,,,,,,,,,,,,,,,,,,,,,,,,,,,,,,,,,,,,,,,,,,,,,,,,,,,,,,,,,,,,,,,,,,,,,,,,,,,,,,,,,,,,,,,,,,,,,,,,,,,1.0,0.0,0.0,0.0,,,,,,,,,,,,,71.124,85.7505625,80.45383333333332,8.0,84.85876666666667,97.10938931027923,94.34610947410616,12.844444444444445
2024,22,HUL,Haas F1 Team,8.0,4.0,Finished,0,0,0.0,0.0,4.0,4.0,1.1333333333333333,0.8,Las Vegas Grand Prix,4.0,10.0,8.0,0,0,2,2,41.0,12.523809523809524,1.9523809523809523,0.1904761904761904,0.8095238095238095,12.566666666666666,2.4,0.2666666666666666,,,,7.0,6.0,Las Vegas Grand Prix,97.2,,,107.826375,,,107.43416666666667,,,6.860181613242225,,,15.0,,,,94.818,,,104.76635294117648,,,102.6297,,,9.824507599196348,,,9.0,,,,94.908,,,108.53375,,,108.42857142857143,,,14.494846323862184,,,11.0,15.683132530120483,,,14.9,,,16.5,,,14.065060240963856,,,13.3,,,14.6,,,19.626506024096386,,,17.0,,,22.0,,,947.4734939759037,,,947.2,,,947.7,,,0.0,,,False,,,False,,,0.9951807228915662,,,0.5,,,1.7,,,212.16867469879517,,,146.0,,,242.0,,,,12.870987654320986,,,12.6,,,13.2,,,11.146296296296295,,,10.8,,,11.5,,,24.290123456790123,,,23.0,,,26.0,,,947.783950617284,,,947.6,,,948.0,,,0.0,,,False,,,False,,,0.9117283950617283,,,0.4,,,1.4,,,216.62345679012347,,,184.0,,,260.0,,,,16.830487804878047,,,16.1,,,17.7,,,14.853658536585366,,,14.2,,,15.3,,,18.573170731707318,,,17.0,,,20.0,,,942.1670731707317,,,942.0,,,942.4,,,0.0,,,False,,,False,,,0.6524390243902439,,,0.0,,,1.5,,,178.41463414634146,,,0.0,,,310.0,0.0,0.0,0.0,0.0,,,,,,,,,,,,,95.642,107.04215931372549,106.16414603174604,11.666666666666666,83.64609999999999,95.87315622204392,93.44996502966168,12.511111111111113
2024,23,HUL,Haas F1 Team,16.0,0.0,Retired,0,1,2.0,0.0,-7.0,-2.0,1.3333333333333333,1.0666666666666669,Qatar Grand Prix,2.0,12.5,9.0,0,1,1,2,45.0,12.409090909090908,2.0454545454545454,0.1818181818181818,0.8181818181818181,12.466666666666669,2.6666666666666665,0.2666666666666666,,,,7.0,6.0,,,,,,,,,,,,,,,,,,,,,,,,,,,,,,,,,,,,,,,,,,,,,,,,,,,,,,,,,,,,,,,,,,,,,,,,,,,,,,,,,,,,,,,,,,,,,,,,,,,,,,,,,,,,,,,,,,,,,,,,,,,,,,,,,,,,,,,,,,,,,,,,,,,,,,,,,,,,,,,,,,,,,,,,,,,,,,,,,,,,,,,,,,,,,,,,,,,,,,,,,,,,,,,,,,,,,,,,,,,,,,,,,,,,,,,,,,,,,,,,,,,,,,,,,,,,,,,,,,,
2024,24,HUL,Haas F1 Team,8.0,4.0,Finished,0,0,0.0,0.0,8.0,4.0,0.8,0.9333333333333332,Abu Dhabi Grand Prix,4.0,12.0,8.0,0,0,2,2,47.0,12.41304347826087,2.0434782608695654,0.217391304347826,0.782608695652174,12.0,2.8,0.2,,,,7.0,6.0,,,,,,,,,,,,,,,,,,,,,,,,,,,,,,,,,,,,,,,,,,,,,,,,,,,,,,,,,,,,,,,,,,,,,,,,,,,,,,,,,,,,,,,,,,,,,,,,,,,,,,,,,,,,,,,,,,,,,,,,,,,,,,,,,,,,,,,,,,,,,,,,,,,,,,,,,,,,,,,,,,,,,,,,,,,,,,,,,,,,,,,,,,,,,,,,,,,,,,,,,,,,,,,,,,,,,,,,,,,,,,,,,,,,,,,,,,,,,,,,,,,,,,,,,,,,,,,,,,,
2025,1,HUL,Kick Sauber,7.0,6.0,Finished,0,0,0.0,0.0,9.0,6.0,1.2666666666666666,1.2,Australian Grand Prix,6.0,11.5,7.0,0,1,1,2,0.0,,,,,,,,14.5,0.0,0.0,1.0,,,,,,,,,,,,,,,,,,,,,,,,,,,,,,,,,,,,,,,,,,,,,,,,,,,,,,,,,,,,,,,,,,,,,,,,,,,,,,,,,,,,,,,,,,,,,,,,,,,,,,,,,,,,,,,,,,,,,,,,,,,,,,,,,,,,,,,,,,,,,,,,,,,,,,,,,,,,,,,,,,,,,,,,,,,,,,,,,,,,,,,,,,,,,,,,,,,,,,,,,,,,,,,,,,,,,,,,,,,,,,,,,,,,,,,,,,,,,,,,,,,,,,,,,,,,,,,,,,,,
2025,2,HUL,Kick Sauber,15.0,0.0,Lapped,0,1,0.0,0.0,-1.0,0.0,1.4666666666666666,1.6,Chinese Grand Prix,0.0,14.5,14.0,0,0,2,2,6.0,11.5,6.0,1.0,0.0,11.5,6.0,1.0,17.0,0.0,0.0,6.0,5.0,,,,,,,,,,,,,,,,,,,,,,,,,,,,,,,,,,,,,,,,,,,,,,,,,,,,,,,,,,,,,,,,,,,,,,,,,,,,,,,,,,,,,,,,,,,,,,,,,,,,,,,,,,,,,,,,,,,,,,,,,,,,,,,,,,,,,,,,,,,,,,,,,,,,,,,,,,,,,,,,,,,,,,,,,,,,,,,,,,,,,,,,,,,,,,,,,,,,,,,,,,,,,,,,,,,,,,,,,,,,,,,,,,,,,,,,,,,,,,,,,,,,,,,,,,,,,,,,,,,
2025,3,HUL,Kick Sauber,16.0,0.0,Finished,0,0,0.0,0.0,3.0,0.0,1.2666666666666666,1.3333333333333333,Japanese Grand Prix,0.0,17.5,16.0,0,0,2,2,6.0,13.0,3.0,0.5,0.5,13.0,3.0,0.5,16.0,0.0,0.0,7.0,7.0,,,,,,,,,,,,,,,,,,,,,,,,,,,,,,,,,,,,,,,,,,,,,,,,,,,,,,,,,,,,,,,,,,,,,,,,,,,,,,,,,,,,,,,,,,,,,,,,,,,,,,,,,,,,,,,,,,,,,,,,,,,,,,,,,,,,,,,,,,,,,,,,,,,,,,,,,,,,,,,,,,,,,,,,,,,,,,,,,,,,,,,,,,,,,,,,,,,,,,,,,,,,,,,,,,,,,,,,,,,,,,,,,,,,,,,,,,,,,,,,,,,,,,,,,,,,,,,,,,,
2025,4,HUL,Kick Sauber,20.0,0.0,Disqualified,0,1,0.0,0.0,-2.0,0.0,1.0666666666666669,0.8,Bahrain Grand Prix,0.0,19.0,18.0,0,1,1,2,6.0,14.5,2.0,0.3333333333333333,0.6666666666666667,14.5,2.0,0.3333333333333333,15.0,0.0,0.0,8.0,9.0,,,,,,,,,,,,,,,,,,,,,,,,,,,,,,,,,,,,,,,,,,,,,,,,,,,,,,,,,,,,,,,,,,,,,,,,,,,,,,,,,,,,,,,,,,,,,,,,,,,,,,,,,,,,,,,,,,,,,,,,,,,,,,,,,,,,,,,,,,,,,,,,,,,,,,,,,,,,,,,,,,,,,,,,,,,,,,,,,,,,,,,,,,,,,,,,,,,,,,,,,,,,,,,,,,,,,,,,,,,,,,,,,,,,,,,,,,,,,,,,,,,,,,,,,,,,,,,,,,,
2025,5,HUL,Kick Sauber,15.0,0.0,Lapped,0,1,0.0,0.0,3.0,0.0,0.8,0.8,Saudi Arabian Grand Prix,0.0,16.5,15.0,0,0,2,2,6.0,15.625,1.5,0.5,0.5,15.625,1.5,0.5,17.5,0.0,0.0,8.0,10.0,,,,,,,,,,,,,,,,,,,,,,,,,,,,,,,,,,,,,,,,,,,,,,,,,,,,,,,,,,,,,,,,,,,,,,,,,,,,,,,,,,,,,,,,,,,,,,,,,,,,,,,,,,,,,,,,,,,,,,,,,,,,,,,,,,,,,,,,,,,,,,,,,,,,,,,,,,,,,,,,,,,,,,,,,,,,,,,,,,,,,,,,,,,,,,,,,,,,,,,,,,,,,,,,,,,,,,,,,,,,,,,,,,,,,,,,,,,,,,,,,,,,,,,,,,,,,,,,,,,
2025,6,HUL,Kick Sauber,14.0,0.0,Lapped,0,1,0.0,0.0,4.0,0.0,1.2666666666666666,0.8,Miami Grand Prix,0.0,16.0,14.0,0,1,1,2,6.0,15.8,1.2,0.4,0.6,15.8,1.2,0.4,15.0,0.0,0.0,8.0,10.0,,,,,,,,,,,,,,,,,,,,,,,,,,,,,,,,,,,,,,,,,,,,,,,,,,,,,,,,,,,,,,,,,,,,,,,,,,,,,,,,,,,,,,,,,,,,,,,,,,,,,,,,,,,,,,,,,,,,,,,,,,,,,,,,,,,,,,,,,,,,,,,,,,,,,,,,,,,,,,,,,,,,,,,,,,,,,,,,,,,,,,,,,,,,,,,,,,,,,,,,,,,,,,,,,,,,,,,,,,,,,,,,,,,,,,,,,,,,,,,,,,,,,,,,,,,,,,,,,,,
2025,7,HUL,Kick Sauber,12.0,0.0,Finished,0,0,0.0,0.0,6.0,0.0,1.0666666666666669,0.8,Emilia Romagna Grand Prix,0.0,15.0,12.0,0,0,2,2,6.0,15.833333333333334,1.0,0.5,0.5,15.833333333333334,1.0,0.5,16.5,0.0,0.0,8.0,10.0,,,,,,,,,,,,,,,,,,,,,,,,,,,,,,,,,,,,,,,,,,,,,,,,,,,,,,,,,,,,,,,,,,,,,,,,,,,,,,,,,,,,,,,,,,,,,,,,,,,,,,,,,,,,,,,,,,,,,,,,,,,,,,,,,,,,,,,,,,,,,,,,,,,,,,,,,,,,,,,,,,,,,,,,,,,,,,,,,,,,,,,,,,,,,,,,,,,,,,,,,,,,,,,,,,,,,,,,,,,,,,,,,,,,,,,,,,,,,,,,,,,,,,,,,,,,,,,,,,,
2025,8,HUL,Kick Sauber,16.0,0.0,Lapped,0,1,0.0,0.0,-2.0,0.0,1.9333333333333331,0.8666666666666667,Monaco Grand Prix,0.0,15.0,14.0,0,0,2,2,6.0,15.714285714285714,0.8571428571428571,0.4285714285714285,0.5714285714285714,15.714285714285714,0.8571428571428571,0.4285714285714285,14.5,0.0,0.0,9.0,10.0,,,,,,,,,,,,,,,,,,,,,,,,,,,,,,,,,,,,,,,,,,,,,,,,,,,,,,,,,,,,,,,,,,,,,,,,,,,,,,,,,,,,,,,,,,,,,,,,,,,,,,,,,,,,,,,,,,,,,,,,,,,,,,,,,,,,,,,,,,,,,,,,,,,,,,,,,,,,,,,,,,,,,,,,,,,,,,,,,,,,,,,,,,,,,,,,,,,,,,,,,,,,,,,,,,,,,,,,,,,,,,,,,,,,,,,,,,,,,,,,,,,,,,,,,,,,,,,,,,,
2025,9,HUL,Kick Sauber,5.0,10.0,Finished,0,0,0.0,0.0,7.0,10.0,1.8666666666666667,0.9333333333333332,Spanish Grand Prix,10.0,8.5,5.0,0,0,2,2,6.0,15.625,0.75,0.375,0.625,15.625,0.75,0.375,14.5,0.0,0.0,9.0,10.0,,,,,,,,,,,,,,,,,,,,,,,,,,,,,,,,,,,,,,,,,,,,,,,,,,,,,,,,,,,,,,,,,,,,,,,,,,,,,,,,,,,,,,,,,,,,,,,,,,,,,,,,,,,,,,,,,,,,,,,,,,,,,,,,,,,,,,,,,,,,,,,,,,,,,,,,,,,,,,,,,,,,,,,,,,,,,,,,,,,,,,,,,,,,,,,,,,,,,,,,,,,,,,,,,,,,,,,,,,,,,,,,,,,,,,,,,,,,,,,,,,,,,,,,,,,,,,,,,,,
2024,19,LAW,RB,9.0,2.0,Finished,0,0,0.0,0.0,5.0,2.0,,,United States Grand Prix,2.0,11.5,9.0,0,0,2,2,28.0,13.38888888888889,1.5555555555555556,0.2777777777777778,0.7222222222222222,13.5,1.4666666666666666,0.3333333333333333,,,,7.0,7.0,United States Grand Prix,94.443,,,113.62774999999999,,,119.14963636363636,,,22.158884160863007,,,13.0,,,,,,,,,,,,,,,,,,,,,,,,,,,,,,,,,36.703703703703695,,,33.9,,,38.7,,,25.27777777777778,,,23.5,,,26.4,,,52.24691358024691,,,47.0,,,56.0,,,1004.1839506172839,,,1003.5,,,1005.0,,,0.0,,,False,,,False,,,3.34074074074074,,,1.4,,,5.4,,,158.8641975308642,,,128.0,,,186.0,,,,,,,,,,,,,,,,,,,,,,,,,,,,,,,,,,,,,,,,,,,,,,,,,,,,,,,,,,,,,,,,,,,,,,,,,,,,,,,,,,,,,,,,,,,,,,,,,,,,,,,,,,,,,,,,,,,,,,,,,,,,,,,,,1.0,0.0,0.0,0.0,,,,,,,,,,,,,94.443,113.62774999999999,119.14963636363636,13.0,,,,
2024,20,LAW,RB,16.0,0.0,Lapped,0,1,0.0,0.0,4.0,0.0,5.0,2.0,Mexico City Grand Prix,0.0,18.0,16.0,0,1,1,2,30.0,13.289473684210526,1.5789473684210529,0.2631578947368421,0.736842105263158,13.3,1.5333333333333334,0.2666666666666666,,,,7.0,7.0,Mexico City Grand Prix,79.093,,,95.69818749999999,,,96.41783333333332,,,17.61203333424811,,,9.0,,,,78.56,,,86.2472380952381,,,82.72525,,,0.368110134916949,,,10.0,,,,77.494,,,99.4723076923077,,,103.5134,,,22.41862161909157,,,10.0,45.61772151898734,,,42.1,,,48.6,,,19.534177215189874,,,17.6,,,21.1,,,45.139240506329116,,,34.0,,,57.0,,,784.5962025316454,,,784.0,,,785.2,,,0.0,,,False,,,False,,,1.6050632911392404,,,0.6,,,3.9,,,208.873417721519,,,0.0,,,344.0,,,,37.789908256880736,,,31.3,,,42.9,,,22.755963302752296,,,22.1,,,23.0,,,27.513761467889907,,,19.0,,,34.0,,,783.3422018348625,,,783.2,,,783.6,,,0.0,,,False,,,False,,,1.4238532110091744,,,0.0,,,3.1,,,255.9724770642202,,,0.0,,,358.0,,,,32.757831325301204,,,29.0,,,38.0,,,18.249397590361443,,,16.9,,,19.7,,,53.855421686746986,,,50.0,,,59.0,,,787.2807228915663,,,786.6,,,787.9,,,0.0,,,False,,,False,,,1.5783132530120483,,,0.0,,,3.8,,,265.90361445783134,,,0.0,,,357.0,0.0,0.0,0.0,0.0,,,,,,,,,,,,,78.38233333333334,93.8059110958486,94.21882777777778,9.666666666666666,94.443,113.62774999999999,119.14963636363636,13.0
2024,21,LAW,RB,9.0,2.0,Finished,0,0,6.0,0.0,-2.0,-4.0,4.5,1.0,São Paulo Grand Prix,8.0,8.0,7.0,0,0,2,2,30.0,13.525,1.5,0.3,0.7,13.266666666666667,1.5333333333333334,0.2,,,,7.0,7.0,São Paulo Grand Prix,71.301,,,87.44793333333334,,,96.9705,,,25.780694263343644,,,11.0,,,,,,,,,,,,,,,,,,,,,,,,,,,,,,,,,54.140243902439025,,,49.7,,,57.5,,,26.103658536585368,,,25.7,,,26.4,,,54.9390243902439,,,48.0,,,59.0,,,928.0024390243904,,,927.6,,,928.4,,,0.0,,,False,,,False,,,1.0865853658536584,,,0.0,,,2.1,,,180.59756097560975,,,0.0,,,350.0,,,,,,,,,,,,,,,,,,,,,,,,,,,,,,,,,,,,,,,,,,,,,,,,,,,,,,,,,,,,,,,,,,,,,,,,,,,,,,,,,,,,,,,,,,,,,,,,,,,,,,,,,,,,,,,,,,,,,,,,,,,,,,,,,1.0,0.0,0.0,0.0,,,,,,,,,,,,,71.301,87.44793333333334,96.9705,11.0,86.41266666666667,103.7168305479243,106.68423207070707,11.333333333333332
2024,22,LAW,RB,16.0,0.0,Finished,0,0,2.0,0.0,-7.0,-2.0,2.333333333333333,-0.6666666666666666,Las Vegas Grand Prix,2.0,12.5,9.0,0,0,2,2,38.0,13.261904761904765,1.809523809523809,0.2857142857142857,0.7142857142857143,13.066666666666666,1.6666666666666667,0.2,,,,8.0,8.0,Las Vegas Grand Prix,98.73,,,112.24095454545453,,,111.65646153846153,,,9.89099527023936,,,20.0,,,,95.671,,,107.24227777777779,,,105.852,,,15.024739481934454,,,15.0,,,,96.544,,,110.50120000000001,,,109.076625,,,13.790752781043432,,,18.0,15.683132530120483,,,14.9,,,16.5,,,14.065060240963856,,,13.3,,,14.6,,,19.626506024096386,,,17.0,,,22.0,,,947.4734939759037,,,947.2,,,947.7,,,0.0,,,False,,,False,,,0.9951807228915662,,,0.5,,,1.7,,,212.16867469879517,,,146.0,,,242.0,,,,12.870987654320986,,,12.6,,,13.2,,,11.146296296296295,,,10.8,,,11.5,,,24.290123456790123,,,23.0,,,26.0,,,947.783950617284,,,947.6,,,948.0,,,0.0,,,False,,,False,,,0.9117283950617283,,,0.4,,,1.4,,,216.62345679012347,,,184.0,,,260.0,,,,16.830487804878047,,,16.1,,,17.7,,,14.853658536585366,,,14.2,,,15.3,,,18.573170731707318,,,17.0,,,20.0,,,942.1670731707317,,,942.0,,,942.4,,,0.0,,,False,,,False,,,0.6524390243902439,,,0.0,,,1.5,,,178.41463414634146,,,0.0,,,310.0,0.0,0.0,0.0,0.0,,,,,,,,,,,,,96.98166666666667,109.99481077441078,108.8616955128205,17.666666666666668,81.37544444444444,98.29386480972731,103.44632138047137,11.222222222222221
2024,23,LAW,RB,14.0,0.0,Finished,0,0,0.0,0.0,-1.0,0.0,0.0,-1.0,Qatar Grand Prix,0.0,13.5,13.0,0,0,2,2,40.0,13.227272727272728,1.818181818181818,0.2727272727272727,0.7272727272727273,13.133333333333333,1.7333333333333334,0.2,,,,8.0,7.0,,,,,,,,,,,,,,,,,,,,,,,,,,,,,,,,,,,,,,,,,,,,,,,,,,,,,,,,,,,,,,,,,,,,,,,,,,,,,,,,,,,,,,,,,,,,,,,,,,,,,,,,,,,,,,,,,,,,,,,,,,,,,,,,,,,,,,,,,,,,,,,,,,,,,,,,,,,,,,,,,,,,,,,,,,,,,,,,,,,,,,,,,,,,,,,,,,,,,,,,,,,,,,,,,,,,,,,,,,,,,,,,,,,,,,,,,,,,,,,,,,,,,,,,,,,,,,,,,,,
2024,24,LAW,RB,17.0,0.0,Retired,0,1,0.0,0.0,-5.0,0.0,-0.2,-0.8,Abu Dhabi Grand Prix,0.0,14.5,12.0,0,1,1,2,40.0,13.23913043478261,1.7391304347826086,0.2608695652173913,0.7391304347826086,13.366666666666667,1.4666666666666666,0.2,,,,8.0,7.0,,,,,,,,,,,,,,,,,,,,,,,,,,,,,,,,,,,,,,,,,,,,,,,,,,,,,,,,,,,,,,,,,,,,,,,,,,,,,,,,,,,,,,,,,,,,,,,,,,,,,,,,,,,,,,,,,,,,,,,,,,,,,,,,,,,,,,,,,,,,,,,,,,,,,,,,,,,,,,,,,,,,,,,,,,,,,,,,,,,,,,,,,,,,,,,,,,,,,,,,,,,,,,,,,,,,,,,,,,,,,,,,,,,,,,,,,,,,,,,,,,,,,,,,,,,,,,,,,,,
2025,1,LAW,Red Bull Racing,15.0,0.0,Retired,0,1,18.0,1.0,-13.0,-18.0,-1.0,-0.6666666666666666,Australian Grand Prix,18.0,8.5,2.0,1,1,1,2,0.0,,,,,,,,12.0,10.0,0.0,1.0,,,,,,,,,,,,,,,,,,,,,,,,,,,,,,,,,,,,,,,,,,,,,,,,,,,,,,,,,,,,,,,,,,,,,,,,,,,,,,,,,,,,,,,,,,,,,,,,,,,,,,,,,,,,,,,,,,,,,,,,,,,,,,,,,,,,,,,,,,,,,,,,,,,,,,,,,,,,,,,,,,,,,,,,,,,,,,,,,,,,,,,,,,,,,,,,,,,,,,,,,,,,,,,,,,,,,,,,,,,,,,,,,,,,,,,,,,,,,,,,,,,,,,,,,,,,,,,,,,,,
2025,2,LAW,Red Bull Racing,12.0,0.0,Finished,0,0,12.0,0.0,-8.0,-12.0,-2.7142857142857144,-3.142857142857143,Chinese Grand Prix,12.0,8.0,4.0,0,0,2,2,18.0,8.5,18.0,1.0,0.0,8.5,18.0,1.0,2.0,40.0,2.0,3.0,3.0,,,,,,,,,,,,,,,,,,,,,,,,,,,,,,,,,,,,,,,,,,,,,,,,,,,,,,,,,,,,,,,,,,,,,,,,,,,,,,,,,,,,,,,,,,,,,,,,,,,,,,,,,,,,,,,,,,,,,,,,,,,,,,,,,,,,,,,,,,,,,,,,,,,,,,,,,,,,,,,,,,,,,,,,,,,,,,,,,,,,,,,,,,,,,,,,,,,,,,,,,,,,,,,,,,,,,,,,,,,,,,,,,,,,,,,,,,,,,,,,,,,,,,,,,,,,,,,,,,,
2025,3,LAW,Racing Bulls,17.0,0.0,Finished,0,0,4.0,0.0,-9.0,-4.0,-3.375,-4.25,Japanese Grand Prix,4.0,12.5,8.0,0,0,2,2,0.0,14.75,0.0,0.5,0.5,14.75,0.0,0.5,,,,9.0,9.0,,,,,,,,,,,,,,,,,,,,,,,,,,,,,,,,,,,,,,,,,,,,,,,,,,,,,,,,,,,,,,,,,,,,,,,,,,,,,,,,,,,,,,,,,,,,,,,,,,,,,,,,,,,,,,,,,,,,,,,,,,,,,,,,,,,,,,,,,,,,,,,,,,,,,,,,,,,,,,,,,,,,,,,,,,,,,,,,,,,,,,,,,,,,,,,,,,,,,,,,,,,,,,,,,,,,,,,,,,,,,,,,,,,,,,,,,,,,,,,,,,,,,,,,,,,,,,,,,,,
2025,4,LAW,Racing Bulls,16.0,0.0,Finished,0,0,0.0,0.0,-3.0,0.0,-4.0,-4.222222222222222,Bahrain Grand Prix,0.0,14.5,13.0,0,0,2,2,4.0,14.0,1.3333333333333333,0.3333333333333333,0.6666666666666667,14.0,1.3333333333333333,0.3333333333333333,,,,9.0,8.0,,,,,,,,,,,,,,,,,,,,,,,,,,,,,,,,,,,,,,,,,,,,,,,,,,,,,,,,,,,,,,,,,,,,,,,,,,,,,,,,,,,,,,,,,,,,,,,,,,,,,,,,,,,,,,,,,,,,,,,,,,,,,,,,,,,,,,,,,,,,,,,,,,,,,,,,,,,,,,,,,,,,,,,,,,,,,,,,,,,,,,,,,,,,,,,,,,,,,,,,,,,,,,,,,,,,,,,,,,,,,,,,,,,,,,,,,,,,,,,,,,,,,,,,,,,,,,,,,,,
2025,5,LAW,Racing Bulls,12.0,0.0,Finished,0,0,1.0,0.0,-2.0,-1.0,-3.9,-3.8,Saudi Arabian Grand Prix,1.0,11.0,10.0,0,0,2,2,4.0,14.125,1.0,0.25,0.75,14.125,1.0,0.25,,,,10.0,9.0,,,,,,,,,,,,,,,,,,,,,,,,,,,,,,,,,,,,,,,,,,,,,,,,,,,,,,,,,,,,,,,,,,,,,,,,,,,,,,,,,,,,,,,,,,,,,,,,,,,,,,,,,,,,,,,,,,,,,,,,,,,,,,,,,,,,,,,,,,,,,,,,,,,,,,,,,,,,,,,,,,,,,,,,,,,,,,,,,,,,,,,,,,,,,,,,,,,,,,,,,,,,,,,,,,,,,,,,,,,,,,,,,,,,,,,,,,,,,,,,,,,,,,,,,,,,,,,,,,,
2025,6,LAW,Racing Bulls,17.0,0.0,Retired,0,1,0.0,0.0,-6.0,0.0,-3.727272727272727,-3.5454545454545454,Miami Grand Prix,0.0,14.0,11.0,0,1,1,2,5.0,13.5,1.0,0.2,0.8,13.5,1.0,0.2,,,,10.0,7.0,,,,,,,,,,,,,,,,,,,,,,,,,,,,,,,,,,,,,,,,,,,,,,,,,,,,,,,,,,,,,,,,,,,,,,,,,,,,,,,,,,,,,,,,,,,,,,,,,,,,,,,,,,,,,,,,,,,,,,,,,,,,,,,,,,,,,,,,,,,,,,,,,,,,,,,,,,,,,,,,,,,,,,,,,,,,,,,,,,,,,,,,,,,,,,,,,,,,,,,,,,,,,,,,,,,,,,,,,,,,,,,,,,,,,,,,,,,,,,,,,,,,,,,,,,,,,,,,,,,
2025,7,LAW,Racing Bulls,14.0,0.0,Finished,0,0,2.0,0.0,-5.0,-2.0,-3.9166666666666665,-3.25,Emilia Romagna Grand Prix,2.0,11.5,9.0,0,0,2,2,5.0,13.583333333333334,0.8333333333333334,0.3333333333333333,0.6666666666666667,13.583333333333334,0.8333333333333334,0.3333333333333333,,,,10.0,7.0,,,,,,,,,,,,,,,,,,,,,,,,,,,,,,,,,,,,,,,,,,,,,,,,,,,,,,,,,,,,,,,,,,,,,,,,,,,,,,,,,,,,,,,,,,,,,,,,,,,,,,,,,,,,,,,,,,,,,,,,,,,,,,,,,,,,,,,,,,,,,,,,,,,,,,,,,,,,,,,,,,,,,,,,,,,,,,,,,,,,,,,,,,,,,,,,,,,,,,,,,,,,,,,,,,,,,,,,,,,,,,,,,,,,,,,,,,,,,,,,,,,,,,,,,,,,,,,,,,,
2025,8,LAW,Racing Bulls,8.0,4.0,Lapped,0,1,8.0,0.0,-2.0,-4.0,-4.0,-3.1538461538461537,Monaco Grand Prix,12.0,7.0,6.0,0,0,2,2,7.0,13.285714285714286,1.0,0.2857142857142857,0.7142857142857143,13.285714285714286,1.0,0.2857142857142857,,,,8.0,7.0,,,,,,,,,,,,,,,,,,,,,,,,,,,,,,,,,,,,,,,,,,,,,,,,,,,,,,,,,,,,,,,,,,,,,,,,,,,,,,,,,,,,,,,,,,,,,,,,,,,,,,,,,,,,,,,,,,,,,,,,,,,,,,,,,,,,,,,,,,,,,,,,,,,,,,,,,,,,,,,,,,,,,,,,,,,,,,,,,,,,,,,,,,,,,,,,,,,,,,,,,,,,,,,,,,,,,,,,,,,,,,,,,,,,,,,,,,,,,,,,,,,,,,,,,,,,,,,,,,,
2025,9,LAW,Racing Bulls,11.0,0.0,Finished,0,0,6.0,0.0,-4.0,-6.0,-3.857142857142857,-3.2142857142857144,Spanish Grand Prix,6.0,9.0,7.0,0,0,2,2,19.0,12.5,2.375,0.25,0.75,12.5,2.375,0.25,,,,7.0,6.0,,,,,,,,,,,,,,,,,,,,,,,,,,,,,,,,,,,,,,,,,,,,,,,,,,,,,,,,,,,,,,,,,,,,,,,,,,,,,,,,,,,,,,,,,,,,,,,,,,,,,,,,,,,,,,,,,,,,,,,,,,,,,,,,,,,,,,,,,,,,,,,,,,,,,,,,,,,,,,,,,,,,,,,,,,,,,,,,,,,,,,,,,,,,,,,,,,,,,,,,,,,,,,,,,,,,,,,,,,,,,,,,,,,,,,,,,,,,,,,,,,,,,,,,,,,,,,,,,,,
2024,1,LEC,Ferrari,4.0,12.0,Finished,0,0,15.0,1.0,-1.0,-3.0,,,Bahrain Grand Prix,27.0,3.5,3.0,1,0,2,2,0.0,,,,,,,,,,,1.0,,Bahrain Grand Prix,93.268,,,106.22126666666665,,,100.60114285714285,,,7.477650264367173,,,8.0,,,,91.113,,,102.85538888888888,,,100.4815,,,10.484872969274264,,,9.0,,,,91.094,,,109.07133333333334,,,114.483,,,27.378698861219345,,,4.0,34.21585365853659,,,31.9,,,36.0,,,19.373170731707315,,,19.0,,,19.8,,,38.74390243902439,,,36.0,,,41.0,,,1016.1012195121951,,,1015.9,,,1016.3,,,0.0,,,False,,,False,,,3.3780487804878048,,,2.1,,,4.7,,,66.45121951219512,,,35.0,,,109.0,,,,22.098780487804877,,,21.1,,,23.4,,,17.24756097560976,,,17.1,,,17.4,,,39.02439024390244,,,34.0,,,46.0,,,1017.2317073170732,,,1017.0,,,1017.6,,,0.0,,,False,,,False,,,2.2817073170731708,,,1.2,,,3.5,,,82.76829268292683,,,41.0,,,134.0,,,,32.01341463414634,,,29.2,,,35.2,,,20.259756097560977,,,19.9,,,20.6,,,35.71951219512195,,,30.0,,,41.0,,,1017.720731707317,,,1017.4,,,1018.0,,,0.0,,,False,,,False,,,2.778048780487805,,,1.6,,,4.0,,,54.5,,,28.0,,,85.0,0.0,0.0,0.0,0.0,,,,,,,,,,,,,91.825,106.04932962962964,105.18854761904761,7.0,,,,
2024,2,LEC,Ferrari,3.0,16.0,Finished,1,0,6.0,0.0,4.0,10.0,-1.0,-3.0,Saudi Arabian Grand Prix,22.0,5.0,3.0,1,0,2,2,27.0,3.5,27.0,0.0,1.0,3.5,27.0,0.0,,,,2.0,2.0,Saudi Arabian Grand Prix,90.03,,,95.51575000000001,,,101.30019999999999,,,15.19495925298913,,,5.0,,,,89.18,,,98.56571428571431,,,94.50875,,,0.39875260858976563,,,4.0,,,,88.608,,,101.33612500000001,,,92.61200000000001,,,0.2922721334646859,,,2.0,39.70125,,,38.2,,,41.9,,,26.754999999999995,,,26.4,,,27.1,,,57.575,,,53.0,,,61.0,,,1012.2375,,,1012.0,,,1012.5,,,0.0,,,False,,,False,,,4.80625,,,3.2,,,6.8,,,24.6125,,,1.0,,,41.0,,,,30.59677419354838,,,29.2,,,31.5,,,25.370967741935488,,,25.2,,,25.6,,,59.784946236559136,,,58.0,,,63.0,,,1013.7204301075269,,,1013.2,,,1014.1,,,0.0,,,False,,,False,,,2.4010752688172046,,,0.6,,,4.1,,,92.86021505376344,,,0.0,,,360.0,,,,39.558536585365864,,,37.3,,,43.5,,,25.98414634146341,,,25.6,,,26.3,,,60.34146341463415,,,57.0,,,63.0,,,1012.940243902439,,,1012.7,,,1013.4,,,0.0,,,False,,,False,,,4.16219512195122,,,2.1,,,5.8,,,23.451219512195124,,,0.0,,,54.0,0.0,0.0,0.0,0.0,,,,,,,,,,,,,89.27266666666667,98.4725297619048,96.14031666666666,3.6666666666666665,91.825,106.04932962962964,105.18854761904761,7.0
2024,3,LEC,Ferrari,2.0,19.0,Finished,1,0,25.0,1.0,-1.0,-6.0,1.5,3.5,Australian Grand Prix,44.0,1.5,1.0,2,0,2,2,49.0,4.25,24.5,0.0,1.0,4.25,24.5,0.0,,,,2.0,2.0,Australian Grand Prix,78.599,,,92.706,,,93.08049999999999,,,25.618670533421525,,,4.0,,,,77.277,,,92.75283333333333,,,89.61522222222223,,,16.666383296757708,,,1.0,,,,76.714,,,100.08992307692307,,,103.85000000000001,,,28.528047139613328,,,1.0,33.70987654320987,,,29.9,,,36.8,,,18.469135802469136,,,18.0,,,19.0,,,61.01234567901235,,,55.0,,,64.0,,,1023.5641975308641,,,1023.2,,,1023.9,,,0.0,,,False,,,False,,,1.262962962962963,,,0.5,,,2.7,,,142.54320987654322,,,0.0,,,342.0,,,,36.15731707317073,,,34.0,,,38.3,,,20.157317073170734,,,20.0,,,20.4,,,56.926829268292686,,,55.0,,,58.0,,,1022.0512195121953,,,1021.8,,,1022.2,,,0.0,,,False,,,False,,,1.803658536585366,,,0.7,,,3.0,,,147.47560975609755,,,0.0,,,354.0,,,,27.669135802469132,,,25.2,,,31.0,,,18.27283950617284,,,17.9,,,18.8,,,59.39506172839506,,,56.0,,,62.0,,,1025.324691358025,,,1025.0,,,1025.6,,,0.0,,,False,,,False,,,1.4333333333333333,,,0.5,,,2.8,,,133.25925925925927,,,0.0,,,346.0,0.0,0.0,0.0,0.0,,,,,,,,,,,,,77.53,95.18291880341879,95.51524074074075,2.0,90.54883333333333,102.26092969576722,100.66443214285714,5.333333333333333
2024,4,LEC,Ferrari,4.0,12.0,Finished,0,0,15.0,1.0,-1.0,-3.0,0.6666666666666666,0.3333333333333333,Japanese Grand Prix,27.0,3.5,3.0,1,0,2,2,93.0,3.333333333333333,31.0,0.0,1.0,3.333333333333333,31.0,0.0,,,,2.0,1.0,Japanese Grand Prix,90.558,,,106.07150000000001,,,102.879,,,14.508927431068088,,,6.0,,,,98.76,,,115.571,,,115.571,,,23.774344197054106,,,3.0,,,,90.383,,,100.54882352941176,,,97.21763636363636,,,2.3158943098823532,,,10.0,24.296249999999997,,,22.9,,,25.8,,,16.566250000000004,,,15.4,,,17.2,,,42.6875,,,35.0,,,53.0,,,1013.31125,,,1012.9,,,1013.6,,,0.0,,,False,,,False,,,1.3625,,,0.4,,,3.0,,,178.175,,,10.0,,,359.0,,,,16.752325581395347,,,16.2,,,18.1,,,13.02093023255814,,,12.5,,,14.1,,,72.95348837209302,,,60.0,,,80.0,,,1013.4674418604648,,,1013.3,,,1013.7,,,0.20930232558139536,,,False,,,True,,,1.0046511627906978,,,0.0,,,1.9,,,157.5,,,0.0,,,218.0,,,,26.660759493670884,,,24.2,,,29.6,,,17.38227848101266,,,16.7,,,17.9,,,66.10126582278481,,,62.0,,,69.0,,,1015.8417721518989,,,1015.0,,,1016.5,,,0.0,,,False,,,False,,,1.3746835443037975,,,0.4,,,2.5,,,171.72151898734177,,,0.0,,,358.0,0.0,0.0,0.0,0.0,,,,,,,,,,,,,93.23366666666668,107.39710784313725,105.22254545454545,6.333333333333333,86.20922222222221,99.90159273165108,98.94803500881835,4.222222222222222
2024,5,LEC,Ferrari,4.0,12.0,Finished,0,0,10.0,0.0,1.0,2.0,0.25,-0.5,Chinese Grand Prix,22.0,4.5,4.0,0,0,2,2,120.0,3.375,30.0,0.0,1.0,3.375,30.0,0.0,,,,2.0,1.0,Chinese Grand Prix,98.09,,,112.44999999999999,,,112.75471428571429,,,15.76933584222119,,,13.0,,,,,,,,,,,,,,,,,,,,,,,,,,,,,,,,,39.46829268292684,,,38.2,,,42.1,,,23.142682926829266,,,22.3,,,23.8,,,22.865853658536587,,,21.0,,,25.0,,,1009.3329268292683,,,1008.5,,,1010.1,,,0.0,,,False,,,False,,,1.3536585365853657,,,0.0,,,3.2,,,146.96341463414635,,,0.0,,,356.0,,,,,,,,,,,,,,,,,,,,,,,,,,,,,,,,,,,,,,,,,,,,,,,,,,,,,,,,,,,,,,,,,,,,,,,,,,,,,,,,,,,,,,,,,,,,,,,,,,,,,,,,,,,,,,,,,,,,,,,,,,,,,,,,,1.0,0.0,0.0,0.0,,,,,,,,,,,,,98.09,112.44999999999999,112.75471428571429,13.0,87.96533333333333,101.77547150952262,100.51666262025012,4.75
2024,6,LEC,Ferrari,3.0,15.0,Finished,1,0,10.0,0.0,2.0,5.0,0.4,0.0,Miami Grand Prix,25.0,4.0,3.0,1,0,2,2,142.0,3.6,28.4,0.0,1.0,3.6,28.4,0.0,,,,2.0,1.0,Miami Grand Prix,92.099,,,92.099,,,92.099,,,,,,20.0,,,,,,,,,,,,,,,,,,,,,,,,,,,,,,,,,49.958441558441564,,,43.4,,,54.9,,,28.780519480519484,,,28.3,,,29.3,,,56.27272727272727,,,53.0,,,59.0,,,1015.31038961039,,,1015.0,,,1015.6,,,0.0,,,False,,,False,,,3.0090909090909084,,,1.3,,,4.7,,,160.14285714285714,,,99.0,,,197.0,,,,,,,,,,,,,,,,,,,,,,,,,,,,,,,,,,,,,,,,,,,,,,,,,,,,,,,,,,,,,,,,,,,,,,,,,,,,,,,,,,,,,,,,,,,,,,,,,,,,,,,,,,,,,,,,,,,,,,,,,,,,,,,,,1.0,0.0,0.0,0.0,,,,,,,,,,,,,92.099,92.099,92.099,20.0,89.99026666666667,103.9103772076181,102.96427295334294,6.4
2024,7,LEC,Ferrari,3.0,15.0,Finished,1,0,10.0,0.0,2.0,5.0,0.6666666666666666,0.8333333333333334,Emilia Romagna Grand Prix,25.0,4.0,3.0,1,0,2,2,167.0,3.6666666666666665,27.83333333333333,0.0,1.0,3.6666666666666665,27.83333333333333,0.0,,,,2.0,2.0,Emilia Romagna Grand Prix,76.99,,,87.82490909090907,,,85.42954545454546,,,12.797920287012543,,,1.0,,,,75.906,,,89.3552380952381,,,86.2376923076923,,,16.382664279580283,,,1.0,,,,76.087,,,84.08344444444444,,,79.44966666666666,,,0.8446776505468389,,,4.0,43.45443037974684,,,42.6,,,44.5,,,23.972151898734175,,,23.3,,,24.6,,,32.53164556962025,,,30.0,,,35.0,,,1006.8518987341771,,,1006.6,,,1007.1,,,0.0,,,False,,,False,,,3.951898734177215,,,2.3,,,5.3,,,301.0506329113924,,,239.0,,,338.0,,,,36.84230769230769,,,35.1,,,39.0,,,24.379487179487178,,,24.0,,,24.7,,,33.94871794871795,,,29.0,,,36.0,,,1006.4525641025638,,,1006.2,,,1006.7,,,0.0,,,False,,,False,,,2.5230769230769234,,,0.5,,,4.6,,,284.1923076923077,,,2.0,,,350.0,,,,44.48076923076923,,,42.4,,,45.9,,,23.603846153846156,,,23.0,,,24.3,,,41.32051282051282,,,39.0,,,44.0,,,1009.2435897435897,,,1008.9,,,1009.5,,,0.0,,,False,,,False,,,1.9025641025641027,,,0.7,,,3.8,,,137.17948717948718,,,0.0,,,354.0,0.0,0.0,0.0,0.0,,,,,,,,,,,,,76.32766666666667,87.08786387686386,83.70563480963482,2.0,90.34172222222223,101.94181433968174,101.1533941277858,8.666666666666666
2024,8,LEC,Ferrari,1.0,25.0,Finished,1,0,15.0,1.0,2.0,10.0,0.8571428571428571,1.4285714285714286,Monaco Grand Prix,40.0,2.0,1.0,2,0,2,2,192.0,3.7142857142857135,27.428571428571427,0.0,1.0,3.7142857142857135,27.428571428571427,0.0,,,,2.0,1.0,Monaco Grand Prix,72.397,,,84.17091666666666,,,81.28500000000001,,,9.4094509622913,,,5.0,,,,71.278,,,83.2341724137931,,,81.407,,,11.194232771089464,,,1.0,,,,71.369,,,91.19077777777778,,,89.39783333333332,,,18.612740259556002,,,1.0,35.56103896103896,,,32.5,,,38.6,,,20.71688311688312,,,19.9,,,21.5,,,66.72727272727273,,,61.0,,,72.0,,,1018.2766233766234,,,1017.7,,,1018.7,,,0.09090909090909091,,,False,,,True,,,0.7467532467532466,,,0.0,,,1.5,,,156.16883116883116,,,0.0,,,359.0,,,,31.30246913580247,,,29.9,,,32.5,,,20.76172839506173,,,20.2,,,21.3,,,66.44444444444444,,,63.0,,,70.0,,,1017.1432098765433,,,1016.8,,,1017.5,,,0.0,,,False,,,False,,,0.7901234567901234,,,0.0,,,1.7,,,144.09876543209876,,,0.0,,,348.0,,,,46.86202531645569,,,45.0,,,48.5,,,21.67468354430379,,,21.3,,,22.0,,,57.40506329113924,,,55.0,,,61.0,,,1017.5379746835443,,,1017.4,,,1017.7,,,0.0,,,False,,,False,,,0.8240506329113924,,,0.0,,,1.6,,,190.30379746835442,,,0.0,,,359.0,0.0,0.0,0.0,0.0,,,,,,,,,,,,,71.68133333333334,86.19862228607917,84.02994444444444,2.3333333333333335,88.3397142857143,99.81982141642204,98.66085708233565,7.714285714285714
2024,9,LEC,Ferrari,19.0,0.0,Retired,0,1,0.0,0.0,-3.0,0.0,1.0,2.5,Canadian Grand Prix,0.0,17.5,16.0,0,2,0,2,232.0,3.5,29.0,0.0,1.0,3.5,29.0,0.0,,,,2.0,1.0,Canadian Grand Prix,85.306,,,88.9655,,,89.19874999999999,,,2.8710701111838675,,,3.0,,,,76.556,,,91.26370588235295,,,86.00372727272728,,,7.926845451892057,,,4.0,,,,73.349,,,84.23443750000001,,,91.81349999999999,,,22.32259734663509,,,10.0,28.68205128205127,,,25.5,,,32.2,,,18.237179487179485,,,17.2,,,19.3,,,83.57692307692308,,,77.0,,,89.0,,,998.6589743589747,,,998.2,,,999.5,,,0.1794871794871795,,,False,,,True,,,1.2474358974358977,,,0.0,,,2.8,,,226.64102564102564,,,0.0,,,355.0,,,,25.546249999999997,,,23.8,,,27.1,,,18.99625,,,18.1,,,19.6,,,68.5,,,64.0,,,72.0,,,999.23375,,,998.8,,,999.7,,,0.8875,,,False,,,True,,,1.2925,,,0.3,,,2.9,,,151.95,,,0.0,,,337.0,,,,36.4,,,32.2,,,39.1,,,20.854320987654322,,,19.9,,,21.6,,,61.925925925925924,,,59.0,,,64.0,,,1000.5185185185185,,,1000.2,,,1000.8,,,0.0,,,False,,,False,,,1.6790123456790123,,,0.8,,,2.9,,,157.17283950617283,,,0.0,,,348.0,0.0,0.0,0.0,0.0,,,,,,,,,,,,,78.40366666666667,88.15454779411766,89.00532575757575,5.666666666666667,86.25741666666667,98.11717152512918,96.83199300259925,7.041666666666667
2024,10,LEC,Ferrari,5.0,10.0,Finished,0,0,8.0,0.0,1.0,2.0,0.5555555555555556,2.2222222222222223,Spanish Grand Prix,18.0,5.5,5.0,0,0,2,2,232.0,5.055555555555555,25.77777777777778,0.2222222222222222,0.7777777777777778,5.055555555555555,25.77777777777778,0.2222222222222222,,,,2.0,2.0,Spanish Grand Prix,75.434,,,84.47066666666667,,,80.1835,,,0.20790622886291488,,,11.0,,,,73.597,,,88.16624999999999,,,86.87914285714285,,,16.0052562035994,,,6.0,,,,73.05,,,76.47275,,,78.264,,,0.6632627684409906,,,3.0,47.092592592592595,,,45.3,,,48.0,,,28.16543209876543,,,27.5,,,28.5,,,33.666666666666664,,,29.0,,,38.0,,,1004.3987654320988,,,1004.1,,,1004.6,,,0.0,,,False,,,False,,,2.0950617283950614,,,0.0,,,3.5,,,214.14814814814815,,,0.0,,,276.0,,,,43.05185185185185,,,41.2,,,44.2,,,24.86543209876543,,,24.5,,,25.6,,,49.901234567901234,,,45.0,,,56.0,,,1004.495061728395,,,1004.3,,,1004.7,,,0.0,,,False,,,False,,,1.8407407407407406,,,0.8,,,2.9,,,205.08641975308643,,,0.0,,,340.0,,,,43.355000000000004,,,38.9,,,46.3,,,26.441250000000004,,,26.0,,,26.9,,,57.7125,,,47.0,,,62.0,,,1004.5975000000001,,,1004.3,,,1005.0,,,0.0,,,False,,,False,,,1.6612500000000001,,,0.4,,,2.7,,,218.975,,,0.0,,,355.0,0.0,0.0,0.0,0.0,,,,,,,,,,,,,74.027,83.03655555555555,81.77554761904763,6.666666666666667,85.38477777777778,97.01021333279456,95.96236330870775,6.888888888888889
2024,11,LEC,Ferrari,11.0,0.0,Finished,0,0,15.0,1.0,-8.0,-15.0,0.6,2.2,Austrian Grand Prix,15.0,7.0,3.0,1,0,2,2,250.0,5.1,25.0,0.2,0.8,5.1,25.0,0.2,,,,2.0,2.0,Austrian Grand Prix,66.055,,,78.49884210526317,,,69.1925,,,0.232876576752582,,,3.0,,,,,,,,,,,,,,,,,,,,,,,,,,,,,,,,,36.88354430379747,,,30.7,,,42.5,,,23.24430379746836,,,21.9,,,24.5,,,59.54430379746835,,,56.0,,,64.0,,,940.7518987341775,,,940.5,,,940.9,,,0.0,,,False,,,False,,,2.6,,,0.7,,,4.0,,,104.36708860759494,,,0.0,,,142.0,,,,,,,,,,,,,,,,,,,,,,,,,,,,,,,,,,,,,,,,,,,,,,,,,,,,,,,,,,,,,,,,,,,,,,,,,,,,,,,,,,,,,,,,,,,,,,,,,,,,,,,,,,,,,,,,,,,,,,,,,,,,,,,,,1.0,0.0,0.0,0.0,,,,,,,,,,,,,66.055,78.49884210526317,69.1925,3.0,84.249,95.61284755507067,94.54368173974174,6.866666666666667
2024,12,LEC,Ferrari,14.0,0.0,Lapped,0,1,11.0,0.0,-9.0,-11.0,-0.1818181818181818,0.6363636363636364,British Grand Prix,11.0,9.5,5.0,0,0,2,2,265.0,5.2727272727272725,24.09090909090909,0.1818181818181818,0.8181818181818181,5.2727272727272725,24.09090909090909,0.1818181818181818,,,,2.0,1.0,British Grand Prix,87.903,,,96.4724705882353,,,98.105125,,,16.39574173321057,,,8.0,,,,87.15,,,103.07015789473684,,,92.55855555555556,,,0.5145845681496656,,,5.0,,,,98.454,,,106.39905555555555,,,103.73162500000001,,,9.646624219864988,,,6.0,24.554320987654318,,,21.2,,,28.1,,,16.386419753086418,,,15.6,,,17.2,,,75.61728395061728,,,72.0,,,81.0,,,989.422222222222,,,989.2,,,989.6,,,0.0,,,False,,,False,,,1.3691358024691358,,,0.3,,,3.2,,,213.44444444444446,,,0.0,,,353.0,,,,29.296296296296298,,,25.0,,,32.7,,,18.319753086419755,,,17.5,,,18.9,,,67.5679012345679,,,61.0,,,74.0,,,987.8740740740741,,,987.4,,,988.5,,,0.1728395061728395,,,False,,,True,,,1.7185185185185183,,,0.5,,,2.9,,,223.8148148148148,,,0.0,,,289.0,,,,16.291463414634144,,,15.7,,,17.7,,,11.173170731707318,,,10.7,,,11.6,,,89.42682926829268,,,87.0,,,92.0,,,984.439024390244,,,983.7,,,985.1,,,0.6585365853658537,,,False,,,True,,,2.296341463414634,,,1.0,,,4.2,,,233.8170731707317,,,0.0,,,277.0,0.0,0.0,0.0,0.0,,,,,,,,,,,,,91.169,101.98056134617589,98.13176851851853,6.333333333333333,82.59500000000001,94.05702887781544,92.23902885431067,6.515151515151516
2024,13,LEC,Ferrari,4.0,12.0,Finished,0,0,8.0,0.0,2.0,4.0,-0.9166666666666666,-0.3333333333333333,Hungarian Grand Prix,20.0,5.0,4.0,0,0,2,2,276.0,5.625,23.0,0.1666666666666666,0.8333333333333334,5.625,23.0,0.1666666666666666,,,,2.0,2.0,Hungarian Grand Prix,79.011,,,92.23935294117646,,,89.46366666666667,,,12.353090220669486,,,3.0,,,,79.286,,,102.39975,,,110.10433333333333,,,24.067431465225646,,,18.0,,,,76.803,,,91.34057142857144,,,95.142,,,23.76868734280461,,,11.0,58.49878048780489,,,56.9,,,60.6,,,31.00487804878049,,,30.4,,,31.8,,,38.0,,,34.0,,,40.0,,,990.5731707317075,,,990.1,,,991.0,,,0.0,,,False,,,False,,,1.2621951219512195,,,0.3,,,3.8,,,207.78048780487805,,,0.0,,,345.0,,,,45.81975308641975,,,41.5,,,49.8,,,31.196296296296293,,,30.5,,,31.9,,,37.17283950617284,,,35.0,,,40.0,,,988.1012345679012,,,987.7,,,988.6,,,0.0,,,False,,,False,,,1.008641975308642,,,0.0,,,2.5,,,162.4320987654321,,,0.0,,,284.0,,,,39.0575,,,36.9,,,41.3,,,26.839999999999996,,,26.6,,,27.1,,,42.9375,,,42.0,,,44.0,,,984.8787500000001,,,984.6,,,985.2,,,0.0,,,False,,,False,,,0.92875,,,0.0,,,1.9,,,218.125,,,0.0,,,338.0,0.0,0.0,0.0,0.0,,,,,,,,,,,,,78.36666666666666,95.3265581232493,98.23666666666666,10.666666666666666,83.3095,94.71732325017882,92.73009049299465,6.5
2024,14,LEC,Ferrari,3.0,15.0,Finished,1,0,8.0,0.0,3.0,7.0,-0.6923076923076923,0.0,Belgian Grand Prix,23.0,4.5,3.0,1,0,2,2,296.0,5.576923076923077,22.76923076923077,0.1538461538461538,0.8461538461538461,5.576923076923077,22.76923076923077,0.1538461538461538,,,,3.0,2.0,Belgian Grand Prix,104.306,,,114.27793333333331,,,113.3485,,,7.425230405275555,,,6.0,,,,102.837,,,110.81775,,,110.61957142857143,,,1.1760045148925282,,,4.0,,,,126.033,,,126.511,,,126.511,,,0.6759940828143366,,,6.0,38.3867469879518,,,35.2,,,40.9,,,22.012048192771083,,,21.4,,,22.5,,,60.855421686746986,,,58.0,,,65.0,,,964.7867469879518,,,964.5,,,965.0,,,0.012048192771084338,,,False,,,True,,,1.5518072289156624,,,0.0,,,4.0,,,156.0120481927711,,,0.0,,,359.0,,,,35.19024390243902,,,33.3,,,36.9,,,21.78170731707317,,,21.2,,,22.2,,,64.3048780487805,,,62.0,,,67.0,,,965.0170731707318,,,964.8,,,965.2,,,0.0,,,False,,,False,,,1.2378048780487805,,,0.4,,,2.7,,,134.90243902439025,,,0.0,,,358.0,,,,21.782926829268295,,,21.2,,,22.9,,,18.108536585365854,,,17.8,,,18.7,,,92.91463414634147,,,89.0,,,96.0,,,965.8914634146339,,,965.7,,,966.0,,,0.8902439024390244,,,False,,,True,,,1.423170731707317,,,0.5,,,2.4,,,156.6829268292683,,,102.0,,,244.0,0.0,0.0,0.0,0.0,,,,,,,,,,,,,111.05866666666667,117.20222777777776,116.82635714285713,5.333333333333333,82.92928205128206,94.76418747118424,93.15367327558481,6.820512820512821
2024,15,LEC,Ferrari,3.0,15.0,Finished,1,0,10.0,0.0,2.0,5.0,-0.4285714285714285,0.5,Dutch Grand Prix,25.0,4.0,3.0,1,0,2,2,319.0,5.5,22.785714285714285,0.1428571428571428,0.8571428571428572,5.5,22.785714285714285,0.1428571428571428,,,,3.0,2.0,Dutch Grand Prix,74.306,,,90.696,,,96.1615,,,35.01437299643297,,,13.0,,,,71.443,,,84.28947826086956,,,81.70566666666667,,,18.918239395079127,,,9.0,,,,84.158,,,84.158,,,84.158,,,,,,16.0,21.725925925925925,,,20.3,,,23.8,,,20.233333333333334,,,19.4,,,21.3,,,83.87654320987654,,,75.0,,,92.0,,,1003.335802469136,,,1002.6,,,1004.1,,,0.14814814814814814,,,False,,,True,,,7.109876543209876,,,4.7,,,9.6,,,223.8395061728395,,,204.0,,,242.0,,,,31.169620253164563,,,29.8,,,31.9,,,21.37721518987342,,,21.1,,,21.6,,,62.51898734177215,,,60.0,,,65.0,,,1006.8721518987339,,,1006.2,,,1007.4,,,0.0,,,False,,,False,,,5.472151898734178,,,4.3,,,7.0,,,207.31645569620252,,,187.0,,,230.0,,,,21.572151898734177,,,19.3,,,25.1,,,19.350632911392406,,,17.5,,,21.4,,,94.20253164556962,,,88.0,,,96.0,,,1004.4113924050635,,,1004.0,,,1004.7,,,0.21518987341772153,,,False,,,True,,,1.9759493670886072,,,0.0,,,3.5,,,209.34177215189874,,,0.0,,,244.0,0.0,0.0,0.0,0.0,,,,,,,,,,,,,76.63566666666667,86.38115942028986,87.34172222222223,12.666666666666666,84.9385238095238,96.36690463594093,94.84457926610426,6.714285714285714
2024,16,LEC,Ferrari,1.0,25.0,Finished,1,0,12.0,0.0,3.0,13.0,-0.2666666666666666,0.8,Italian Grand Prix,37.0,2.5,1.0,1,0,2,2,344.0,5.4,22.933333333333334,0.1333333333333333,0.8666666666666667,5.4,22.933333333333334,0.1333333333333333,,,,3.0,2.0,Italian Grand Prix,81.904,,,98.37138461538463,,,98.09775,,,23.84722213557238,,,2.0,,,,80.892,,,90.89764705882352,,,89.52266666666667,,,13.564691923139913,,,5.0,,,,80.226,,,100.90020000000001,,,105.41166666666668,,,27.66636659074214,,,3.0,50.81358024691359,,,48.7,,,52.1,,,32.7641975308642,,,32.2,,,33.4,,,38.135802469135804,,,36.0,,,40.0,,,996.3456790123457,,,995.9,,,996.7,,,0.0,,,False,,,False,,,1.0333333333333334,,,0.0,,,2.1,,,192.23456790123456,,,0.0,,,357.0,,,,44.350632911392395,,,41.6,,,48.0,,,34.029113924050634,,,33.7,,,34.4,,,32.177215189873415,,,31.0,,,34.0,,,994.7316455696205,,,994.5,,,995.0,,,0.0,,,False,,,False,,,1.092405063291139,,,0.0,,,2.9,,,213.26582278481013,,,0.0,,,357.0,,,,46.333333333333336,,,43.3,,,48.5,,,31.627160493827162,,,30.9,,,32.4,,,41.7037037037037,,,35.0,,,46.0,,,997.4049382716049,,,997.2,,,997.6,,,0.0,,,False,,,False,,,1.1246913580246913,,,0.0,,,2.3,,,206.4814814814815,,,0.0,,,351.0,0.0,0.0,0.0,0.0,,,,,,,,,,,,,81.00733333333334,96.72307722473606,97.67736111111111,3.3333333333333335,84.385,95.70118828823085,94.34438879651212,7.111111111111111
2024,17,LEC,Ferrari,2.0,18.0,Finished,1,0,0.0,0.0,16.0,18.0,0.0,1.8666666666666667,Azerbaijan Grand Prix,18.0,10.0,2.0,1,1,1,2,381.0,5.21875,23.8125,0.125,0.875,5.333333333333333,23.6,0.1333333333333333,,,,3.0,2.0,Azerbaijan Grand Prix,106.608,,,116.48733333333332,,,108.527,,,1.1311529516382741,,,9.0,,,,103.484,,,112.29369999999999,,,108.21933333333334,,,1.4103865900288894,,,1.0,,,,102.527,,,109.678,,,118.49950000000001,,,22.58852612500426,,,2.0,43.68478260869565,,,39.8,,,46.2,,,29.195652173913032,,,28.0,,,30.6,,,39.09782608695652,,,26.0,,,50.0,,,1015.1771739130434,,,1014.9,,,1015.6,,,0.0,,,False,,,False,,,1.6956521739130432,,,0.5,,,3.5,,,119.3695652173913,,,0.0,,,353.0,,,,36.34878048780487,,,32.9,,,41.2,,,28.52926829268293,,,27.5,,,29.2,,,33.09756097560975,,,27.0,,,47.0,,,1015.0731707317074,,,1014.8,,,1015.3,,,0.0,,,False,,,False,,,1.224390243902439,,,0.0,,,2.6,,,115.8170731707317,,,0.0,,,358.0,,,,31.889024390243897,,,31.0,,,33.1,,,26.991463414634143,,,26.7,,,27.3,,,39.40243902439025,,,35.0,,,44.0,,,1016.6475609756096,,,1016.3,,,1016.9,,,0.35365853658536583,,,False,,,True,,,0.7658536585365854,,,0.0,,,1.7,,,125.02439024390245,,,0.0,,,357.0,0.0,0.0,0.0,0.0,,,,,,,,,,,,,104.20633333333332,112.81967777777777,111.74861111111112,4.0,83.66382222222222,95.0794381279046,93.84364302931637,6.866666666666666
2024,18,LEC,Ferrari,5.0,10.0,Finished,0,0,6.0,0.0,2.0,4.0,0.8,2.4,Singapore Grand Prix,16.0,6.0,5.0,0,0,2,2,399.0,5.5,23.47058823529412,0.1764705882352941,0.8235294117647058,5.666666666666667,23.33333333333333,0.2,,,,3.0,2.0,Singapore Grand Prix,91.763,,,95.45191666666665,,,94.68379999999999,,,1.9692553668836357,,,1.0,,,,90.785,,,100.0954705882353,,,102.30254545454545,,,10.878958565631518,,,2.0,,,,90.559,,,108.67250000000001,,,113.94183333333332,,,25.419098822866765,,,5.0,37.114999999999995,,,35.6,,,38.8,,,31.35,,,31.2,,,31.5,,,64.4375,,,63.0,,,67.0,,,1005.6075000000001,,,1005.3,,,1005.9,,,0.0,,,False,,,False,,,2.44875,,,1.2,,,3.4,,,187.9,,,177.0,,,214.0,,,,32.95000000000001,,,32.3,,,33.6,,,30.181707317073165,,,30.0,,,30.3,,,73.98780487804878,,,73.0,,,75.0,,,1008.1158536585366,,,1007.8,,,1008.6,,,0.0,,,False,,,False,,,1.6597560975609755,,,1.1,,,2.4,,,203.09756097560975,,,171.0,,,222.0,,,,37.0670731707317,,,34.9,,,38.6,,,30.06219512195122,,,29.9,,,30.2,,,75.13414634146342,,,74.0,,,77.0,,,1006.7951219512195,,,1006.6,,,1007.0,,,0.0,,,False,,,False,,,0.4817073170731707,,,0.0,,,1.5,,,199.15853658536585,,,0.0,,,323.0,0.0,0.0,0.0,0.0,,,,,,,,,,,,,91.03566666666666,101.40662908496732,103.64272626262625,2.6666666666666665,84.65939999999999,96.03591466229614,94.88419599227933,6.888888888888888
2024,19,LEC,Ferrari,1.0,25.0,Finished,1,0,18.0,1.0,1.0,7.0,1.0,3.066666666666667,United States Grand Prix,43.0,1.5,1.0,2,0,2,2,415.0,5.527777777777778,23.05555555555556,0.1666666666666666,0.8333333333333334,5.966666666666667,21.466666666666665,0.2,,,,3.0,2.0,United States Grand Prix,93.623,,,111.34172222222222,,,107.47699999999999,,,19.983533563078044,,,2.0,,,,,,,,,,,,,,,,,,,,,,,,,,,,,,,,,36.703703703703695,,,33.9,,,38.7,,,25.27777777777778,,,23.5,,,26.4,,,52.24691358024691,,,47.0,,,56.0,,,1004.1839506172839,,,1003.5,,,1005.0,,,0.0,,,False,,,False,,,3.34074074074074,,,1.4,,,5.4,,,158.8641975308642,,,128.0,,,186.0,,,,,,,,,,,,,,,,,,,,,,,,,,,,,,,,,,,,,,,,,,,,,,,,,,,,,,,,,,,,,,,,,,,,,,,,,,,,,,,,,,,,,,,,,,,,,,,,,,,,,,,,,,,,,,,,,,,,,,,,,,,,,,,,,1.0,0.0,0.0,0.0,,,,,,,,,,,,,93.623,111.34172222222222,107.47699999999999,2.0,85.55977777777777,96.45082868106604,95.42602836040503,6.933333333333334
2024,20,LEC,Ferrari,3.0,16.0,Finished,1,0,25.0,1.0,-2.0,-9.0,1.1333333333333333,3.733333333333333,Mexico City Grand Prix,41.0,2.0,1.0,2,0,2,2,458.0,5.315789473684211,24.105263157894736,0.1578947368421052,0.8421052631578947,5.833333333333333,22.53333333333333,0.2,,,,3.0,2.0,Mexico City Grand Prix,,,,,,,,,,,,,,,,,77.887,,,86.83947619047619,,,81.77657142857143,,,0.39776452713586713,,,4.0,,,,77.232,,,91.43391666666668,,,94.7042,,,17.155726965069128,,,6.0,45.61772151898734,,,42.1,,,48.6,,,19.534177215189874,,,17.6,,,21.1,,,45.139240506329116,,,34.0,,,57.0,,,784.5962025316454,,,784.0,,,785.2,,,0.0,,,False,,,False,,,1.6050632911392404,,,0.6,,,3.9,,,208.873417721519,,,0.0,,,344.0,,,,37.789908256880736,,,31.3,,,42.9,,,22.755963302752296,,,22.1,,,23.0,,,27.513761467889907,,,19.0,,,34.0,,,783.3422018348625,,,783.2,,,783.6,,,0.0,,,False,,,False,,,1.4238532110091744,,,0.0,,,3.1,,,255.9724770642202,,,0.0,,,358.0,,,,32.757831325301204,,,29.0,,,38.0,,,18.249397590361443,,,16.9,,,19.7,,,53.855421686746986,,,50.0,,,59.0,,,787.2807228915663,,,786.6,,,787.9,,,0.0,,,False,,,False,,,1.5783132530120483,,,0.0,,,3.8,,,265.90361445783134,,,0.0,,,357.0,0.0,0.0,0.0,0.0,,,,,,,,,,,,,77.5595,89.13669642857144,88.24038571428571,5.0,85.58573333333334,96.71380297300503,95.576325330102,6.644444444444444
2024,21,LEC,Ferrari,5.0,10.0,Finished,0,0,0.0,0.0,11.0,10.0,0.9333333333333332,3.0,São Paulo Grand Prix,10.0,10.5,5.0,0,1,1,2,499.0,5.15,24.95,0.15,0.85,5.666666666666667,23.8,0.2,,,,2.0,2.0,São Paulo Grand Prix,71.038,,,91.28347826086956,,,97.68225,,,18.162851347501263,,,6.0,,,,,,,,,,,,,,,,,,,,,,,,,,,,,,,,,54.140243902439025,,,49.7,,,57.5,,,26.103658536585368,,,25.7,,,26.4,,,54.9390243902439,,,48.0,,,59.0,,,928.0024390243904,,,927.6,,,928.4,,,0.0,,,False,,,False,,,1.0865853658536584,,,0.0,,,2.1,,,180.59756097560975,,,0.0,,,350.0,,,,,,,,,,,,,,,,,,,,,,,,,,,,,,,,,,,,,,,,,,,,,,,,,,,,,,,,,,,,,,,,,,,,,,,,,,,,,,,,,,,,,,,,,,,,,,,,,,,,,,,,,,,,,,,,,,,,,,,,,,,,,,,,,1.0,0.0,0.0,0.0,,,,,,,,,,,,,71.038,91.28347826086956,97.68225,6.0,84.21703333333333,95.15958273490979,93.94203675867341,6.111111111111111
2024,22,LEC,Ferrari,4.0,12.0,Finished,0,0,15.0,1.0,-1.0,-3.0,1.5333333333333334,3.333333333333333,Las Vegas Grand Prix,27.0,3.5,3.0,1,0,2,2,509.0,5.404761904761905,24.23809523809524,0.1904761904761904,0.8095238095238095,6.1,22.8,0.2666666666666666,,,,2.0,2.0,Las Vegas Grand Prix,96.007,,,109.4097142857143,,,107.18820000000001,,,9.354809645904673,,,4.0,,,,94.313,,,104.56486956521738,,,102.43411111111112,,,7.182603835734719,,,5.0,,,,94.941,,,104.74042857142857,,,102.02674999999999,,,9.181171725330051,,,12.0,15.683132530120483,,,14.9,,,16.5,,,14.065060240963856,,,13.3,,,14.6,,,19.626506024096386,,,17.0,,,22.0,,,947.4734939759037,,,947.2,,,947.7,,,0.0,,,False,,,False,,,0.9951807228915662,,,0.5,,,1.7,,,212.16867469879517,,,146.0,,,242.0,,,,12.870987654320986,,,12.6,,,13.2,,,11.146296296296295,,,10.8,,,11.5,,,24.290123456790123,,,23.0,,,26.0,,,947.783950617284,,,947.6,,,948.0,,,0.0,,,False,,,False,,,0.9117283950617283,,,0.4,,,1.4,,,216.62345679012347,,,184.0,,,260.0,,,,16.830487804878047,,,16.1,,,17.7,,,14.853658536585366,,,14.2,,,15.3,,,18.573170731707318,,,17.0,,,20.0,,,942.1670731707317,,,942.0,,,942.4,,,0.0,,,False,,,False,,,0.6524390243902439,,,0.0,,,1.5,,,178.41463414634146,,,0.0,,,310.0,0.0,0.0,0.0,0.0,,,,,,,,,,,,,95.08699999999999,106.23833747412009,103.88302037037037,7.0,82.81296666666667,95.10521461896776,94.31425342534008,5.177777777777777
2024,23,LEC,Ferrari,2.0,18.0,Finished,1,0,8.0,0.0,4.0,10.0,1.3333333333333333,2.8,Qatar Grand Prix,26.0,4.0,2.0,1,0,2,2,536.0,5.318181818181818,24.363636363636363,0.1818181818181818,0.8181818181818181,6.066666666666666,22.933333333333334,0.2666666666666666,,,,2.0,2.0,,,,,,,,,,,,,,,,,,,,,,,,,,,,,,,,,,,,,,,,,,,,,,,,,,,,,,,,,,,,,,,,,,,,,,,,,,,,,,,,,,,,,,,,,,,,,,,,,,,,,,,,,,,,,,,,,,,,,,,,,,,,,,,,,,,,,,,,,,,,,,,,,,,,,,,,,,,,,,,,,,,,,,,,,,,,,,,,,,,,,,,,,,,,,,,,,,,,,,,,,,,,,,,,,,,,,,,,,,,,,,,,,,,,,,,,,,,,,,,,,,,,,,,,,,,,,,,,,,,
2024,24,LEC,Ferrari,3.0,15.0,Finished,1,0,18.0,1.0,-1.0,-3.0,1.4666666666666666,2.8,Abu Dhabi Grand Prix,33.0,2.5,2.0,2,0,2,2,562.0,5.260869565217392,24.43478260869565,0.1739130434782608,0.8260869565217391,6.2,22.0,0.2666666666666666,,,,2.0,2.0,,,,,,,,,,,,,,,,,,,,,,,,,,,,,,,,,,,,,,,,,,,,,,,,,,,,,,,,,,,,,,,,,,,,,,,,,,,,,,,,,,,,,,,,,,,,,,,,,,,,,,,,,,,,,,,,,,,,,,,,,,,,,,,,,,,,,,,,,,,,,,,,,,,,,,,,,,,,,,,,,,,,,,,,,,,,,,,,,,,,,,,,,,,,,,,,,,,,,,,,,,,,,,,,,,,,,,,,,,,,,,,,,,,,,,,,,,,,,,,,,,,,,,,,,,,,,,,,,,,
2025,1,LEC,Ferrari,8.0,4.0,Finished,0,0,1.0,0.0,2.0,3.0,1.6,2.6,Australian Grand Prix,5.0,9.0,8.0,0,0,2,2,0.0,,,,,,,,1.5,44.0,2.0,1.0,,,,,,,,,,,,,,,,,,,,,,,,,,,,,,,,,,,,,,,,,,,,,,,,,,,,,,,,,,,,,,,,,,,,,,,,,,,,,,,,,,,,,,,,,,,,,,,,,,,,,,,,,,,,,,,,,,,,,,,,,,,,,,,,,,,,,,,,,,,,,,,,,,,,,,,,,,,,,,,,,,,,,,,,,,,,,,,,,,,,,,,,,,,,,,,,,,,,,,,,,,,,,,,,,,,,,,,,,,,,,,,,,,,,,,,,,,,,,,,,,,,,,,,,,,,,,,,,,,,,
2025,2,LEC,Ferrari,18.0,0.0,Disqualified,0,1,0.0,0.0,1.0,0.0,1.6666666666666667,2.6666666666666665,Chinese Grand Prix,0.0,18.5,18.0,0,2,0,2,5.0,9.0,5.0,0.0,1.0,9.0,5.0,0.0,4.5,22.0,0.0,7.0,4.0,,,,,,,,,,,,,,,,,,,,,,,,,,,,,,,,,,,,,,,,,,,,,,,,,,,,,,,,,,,,,,,,,,,,,,,,,,,,,,,,,,,,,,,,,,,,,,,,,,,,,,,,,,,,,,,,,,,,,,,,,,,,,,,,,,,,,,,,,,,,,,,,,,,,,,,,,,,,,,,,,,,,,,,,,,,,,,,,,,,,,,,,,,,,,,,,,,,,,,,,,,,,,,,,,,,,,,,,,,,,,,,,,,,,,,,,,,,,,,,,,,,,,,,,,,,,,,,,,,,
2025,3,LEC,Ferrari,4.0,12.0,Finished,0,0,6.0,0.0,3.0,6.0,2.2666666666666666,3.6666666666666665,Japanese Grand Prix,18.0,5.5,4.0,0,0,2,2,5.0,13.75,2.5,1.0,0.0,13.75,2.5,1.0,3.5,27.0,1.0,8.0,8.0,,,,,,,,,,,,,,,,,,,,,,,,,,,,,,,,,,,,,,,,,,,,,,,,,,,,,,,,,,,,,,,,,,,,,,,,,,,,,,,,,,,,,,,,,,,,,,,,,,,,,,,,,,,,,,,,,,,,,,,,,,,,,,,,,,,,,,,,,,,,,,,,,,,,,,,,,,,,,,,,,,,,,,,,,,,,,,,,,,,,,,,,,,,,,,,,,,,,,,,,,,,,,,,,,,,,,,,,,,,,,,,,,,,,,,,,,,,,,,,,,,,,,,,,,,,,,,,,,,,
2025,4,LEC,Ferrari,4.0,12.0,Finished,0,0,10.0,0.0,1.0,2.0,3.066666666666667,4.8,Bahrain Grand Prix,22.0,4.5,4.0,0,0,2,2,23.0,11.0,7.666666666666667,0.6666666666666666,0.3333333333333333,11.0,7.666666666666667,0.6666666666666666,3.5,27.0,1.0,4.0,5.0,,,,,,,,,,,,,,,,,,,,,,,,,,,,,,,,,,,,,,,,,,,,,,,,,,,,,,,,,,,,,,,,,,,,,,,,,,,,,,,,,,,,,,,,,,,,,,,,,,,,,,,,,,,,,,,,,,,,,,,,,,,,,,,,,,,,,,,,,,,,,,,,,,,,,,,,,,,,,,,,,,,,,,,,,,,,,,,,,,,,,,,,,,,,,,,,,,,,,,,,,,,,,,,,,,,,,,,,,,,,,,,,,,,,,,,,,,,,,,,,,,,,,,,,,,,,,,,,,,,
2025,5,LEC,Ferrari,3.0,15.0,Finished,1,0,6.0,0.0,4.0,9.0,3.0,4.666666666666667,Saudi Arabian Grand Prix,21.0,5.0,3.0,1,0,2,2,45.0,9.375,11.25,0.5,0.5,9.375,11.25,0.5,5.0,22.0,1.0,4.0,4.0,,,,,,,,,,,,,,,,,,,,,,,,,,,,,,,,,,,,,,,,,,,,,,,,,,,,,,,,,,,,,,,,,,,,,,,,,,,,,,,,,,,,,,,,,,,,,,,,,,,,,,,,,,,,,,,,,,,,,,,,,,,,,,,,,,,,,,,,,,,,,,,,,,,,,,,,,,,,,,,,,,,,,,,,,,,,,,,,,,,,,,,,,,,,,,,,,,,,,,,,,,,,,,,,,,,,,,,,,,,,,,,,,,,,,,,,,,,,,,,,,,,,,,,,,,,,,,,,,,,
2025,6,LEC,Ferrari,7.0,6.0,Finished,0,0,4.0,0.0,1.0,2.0,3.066666666666667,4.8,Miami Grand Prix,10.0,7.5,7.0,0,0,2,2,66.0,8.5,13.2,0.4,0.6,8.5,13.2,0.4,4.0,25.0,1.0,4.0,4.0,,,,,,,,,,,,,,,,,,,,,,,,,,,,,,,,,,,,,,,,,,,,,,,,,,,,,,,,,,,,,,,,,,,,,,,,,,,,,,,,,,,,,,,,,,,,,,,,,,,,,,,,,,,,,,,,,,,,,,,,,,,,,,,,,,,,,,,,,,,,,,,,,,,,,,,,,,,,,,,,,,,,,,,,,,,,,,,,,,,,,,,,,,,,,,,,,,,,,,,,,,,,,,,,,,,,,,,,,,,,,,,,,,,,,,,,,,,,,,,,,,,,,,,,,,,,,,,,,,,
2025,7,LEC,Ferrari,6.0,8.0,Finished,0,0,12.0,0.0,-2.0,-4.0,3.0,4.6,Emilia Romagna Grand Prix,20.0,5.0,4.0,0,0,2,2,76.0,8.333333333333334,12.666666666666666,0.3333333333333333,0.6666666666666667,8.333333333333334,12.666666666666666,0.3333333333333333,4.0,25.0,1.0,4.0,4.0,,,,,,,,,,,,,,,,,,,,,,,,,,,,,,,,,,,,,,,,,,,,,,,,,,,,,,,,,,,,,,,,,,,,,,,,,,,,,,,,,,,,,,,,,,,,,,,,,,,,,,,,,,,,,,,,,,,,,,,,,,,,,,,,,,,,,,,,,,,,,,,,,,,,,,,,,,,,,,,,,,,,,,,,,,,,,,,,,,,,,,,,,,,,,,,,,,,,,,,,,,,,,,,,,,,,,,,,,,,,,,,,,,,,,,,,,,,,,,,,,,,,,,,,,,,,,,,,,,,
2025,8,LEC,Ferrari,2.0,18.0,Finished,1,0,10.0,0.0,3.0,8.0,2.6666666666666665,3.466666666666667,Monaco Grand Prix,28.0,3.5,2.0,1,0,2,2,96.0,7.857142857142857,13.714285714285714,0.2857142857142857,0.7142857142857143,7.857142857142857,13.714285714285714,0.2857142857142857,2.0,40.0,2.0,4.0,4.0,,,,,,,,,,,,,,,,,,,,,,,,,,,,,,,,,,,,,,,,,,,,,,,,,,,,,,,,,,,,,,,,,,,,,,,,,,,,,,,,,,,,,,,,,,,,,,,,,,,,,,,,,,,,,,,,,,,,,,,,,,,,,,,,,,,,,,,,,,,,,,,,,,,,,,,,,,,,,,,,,,,,,,,,,,,,,,,,,,,,,,,,,,,,,,,,,,,,,,,,,,,,,,,,,,,,,,,,,,,,,,,,,,,,,,,,,,,,,,,,,,,,,,,,,,,,,,,,,,,
2025,9,LEC,Ferrari,3.0,15.0,Finished,1,0,8.0,0.0,3.0,7.0,1.8,2.8,Spanish Grand Prix,23.0,4.5,3.0,1,0,2,2,124.0,7.3125,15.5,0.25,0.75,7.3125,15.5,0.25,5.5,18.0,0.0,4.0,3.0,,,,,,,,,,,,,,,,,,,,,,,,,,,,,,,,,,,,,,,,,,,,,,,,,,,,,,,,,,,,,,,,,,,,,,,,,,,,,,,,,,,,,,,,,,,,,,,,,,,,,,,,,,,,,,,,,,,,,,,,,,,,,,,,,,,,,,,,,,,,,,,,,,,,,,,,,,,,,,,,,,,,,,,,,,,,,,,,,,,,,,,,,,,,,,,,,,,,,,,,,,,,,,,,,,,,,,,,,,,,,,,,,,,,,,,,,,,,,,,,,,,,,,,,,,,,,,,,,,,
2024,1,MAG,Haas F1 Team,12.0,0.0,Lapped,0,1,0.0,0.0,4.0,0.0,,,Bahrain Grand Prix,0.0,14.0,12.0,0,0,2,2,0.0,,,,,,,,,,,1.0,,Bahrain Grand Prix,97.477,,,100.18045,,,100.59233333333333,,,8.511350318139609,,,19.0,,,,91.764,,,103.8063,,,99.49484615384615,,,5.029494256320308,,,14.0,,,,91.671,,,101.052,,,95.9182,,,0.12719355329575716,,,14.0,34.21585365853659,,,31.9,,,36.0,,,19.373170731707315,,,19.0,,,19.8,,,38.74390243902439,,,36.0,,,41.0,,,1016.1012195121951,,,1015.9,,,1016.3,,,0.0,,,False,,,False,,,3.3780487804878048,,,2.1,,,4.7,,,66.45121951219512,,,35.0,,,109.0,,,,22.098780487804877,,,21.1,,,23.4,,,17.24756097560976,,,17.1,,,17.4,,,39.02439024390244,,,34.0,,,46.0,,,1017.2317073170732,,,1017.0,,,1017.6,,,0.0,,,False,,,False,,,2.2817073170731708,,,1.2,,,3.5,,,82.76829268292683,,,41.0,,,134.0,,,,32.01341463414634,,,29.2,,,35.2,,,20.259756097560977,,,19.9,,,20.6,,,35.71951219512195,,,30.0,,,41.0,,,1017.720731707317,,,1017.4,,,1018.0,,,0.0,,,False,,,False,,,2.778048780487805,,,1.6,,,4.0,,,54.5,,,28.0,,,85.0,0.0,0.0,0.0,0.0,,,,,,,,,,,,,93.63733333333333,101.67958333333333,98.66845982905983,15.666666666666666,,,,
2024,2,MAG,Haas F1 Team,12.0,0.0,Finished,0,0,1.0,0.0,-2.0,-1.0,4.0,0.0,Saudi Arabian Grand Prix,1.0,11.0,10.0,0,0,2,2,0.0,14.0,0.0,0.0,1.0,14.0,0.0,0.0,,,,6.0,7.0,Saudi Arabian Grand Prix,91.577,,,97.3596,,,101.986,,,15.43370867614132,,,20.0,,,,89.985,,,97.54918749999999,,,99.75441666666666,,,14.957307812317834,,,17.0,,,,89.485,,,107.95300000000002,,,101.37366666666667,,,20.08298646450108,,,11.0,39.70125,,,38.2,,,41.9,,,26.754999999999995,,,26.4,,,27.1,,,57.575,,,53.0,,,61.0,,,1012.2375,,,1012.0,,,1012.5,,,0.0,,,False,,,False,,,4.80625,,,3.2,,,6.8,,,24.6125,,,1.0,,,41.0,,,,30.59677419354838,,,29.2,,,31.5,,,25.370967741935488,,,25.2,,,25.6,,,59.784946236559136,,,58.0,,,63.0,,,1013.7204301075269,,,1013.2,,,1014.1,,,0.0,,,False,,,False,,,2.4010752688172046,,,0.6,,,4.1,,,92.86021505376344,,,0.0,,,360.0,,,,39.558536585365864,,,37.3,,,43.5,,,25.98414634146341,,,25.6,,,26.3,,,60.34146341463415,,,57.0,,,63.0,,,1012.940243902439,,,1012.7,,,1013.4,,,0.0,,,False,,,False,,,4.16219512195122,,,2.1,,,5.8,,,23.451219512195124,,,0.0,,,54.0,0.0,0.0,0.0,0.0,,,,,,,,,,,,,90.349,100.95392916666667,101.03802777777777,16.0,93.63733333333333,101.67958333333333,98.66845982905983,15.666666666666666
2024,3,MAG,Haas F1 Team,10.0,1.0,Lapped,0,1,2.0,0.0,-1.0,-1.0,1.0,-0.5,Australian Grand Prix,3.0,9.5,9.0,0,0,2,2,1.0,12.5,0.5,0.0,1.0,12.5,0.5,0.0,,,,6.0,6.0,Australian Grand Prix,79.489,,,98.14746666666666,,,95.09933333333333,,,26.480923229122247,,,13.0,,,,79.275,,,92.40204,,,88.23414285714286,,,12.784336611393119,,,19.0,,,,77.961,,,98.91481818181819,,,96.8758,,,18.80401221016409,,,17.0,33.70987654320987,,,29.9,,,36.8,,,18.469135802469136,,,18.0,,,19.0,,,61.01234567901235,,,55.0,,,64.0,,,1023.5641975308641,,,1023.2,,,1023.9,,,0.0,,,False,,,False,,,1.262962962962963,,,0.5,,,2.7,,,142.54320987654322,,,0.0,,,342.0,,,,36.15731707317073,,,34.0,,,38.3,,,20.157317073170734,,,20.0,,,20.4,,,56.926829268292686,,,55.0,,,58.0,,,1022.0512195121953,,,1021.8,,,1022.2,,,0.0,,,False,,,False,,,1.803658536585366,,,0.7,,,3.0,,,147.47560975609755,,,0.0,,,354.0,,,,27.669135802469132,,,25.2,,,31.0,,,18.27283950617284,,,17.9,,,18.8,,,59.39506172839506,,,56.0,,,62.0,,,1025.324691358025,,,1025.0,,,1025.6,,,0.0,,,False,,,False,,,1.4333333333333333,,,0.5,,,2.8,,,133.25925925925927,,,0.0,,,346.0,0.0,0.0,0.0,0.0,,,,,,,,,,,,,78.90833333333335,96.48810828282829,93.40309206349207,16.333333333333332,91.99316666666667,101.31675625,99.85324380341879,15.833333333333332
2024,4,MAG,Haas F1 Team,13.0,0.0,Lapped,0,1,0.0,0.0,-2.0,0.0,0.3333333333333333,-0.6666666666666666,Japanese Grand Prix,0.0,12.0,11.0,0,0,2,2,4.0,11.5,1.3333333333333333,0.0,1.0,11.5,1.3333333333333333,0.0,,,,7.0,6.0,Japanese Grand Prix,92.803,,,107.11107692307692,,,109.0235,,,22.794739417242745,,,19.0,,,,,,,,,,,,,,,,,,,,91.462,,,105.1214,,,98.07414285714286,,,0.3051745012127939,,,20.0,24.296249999999997,,,22.9,,,25.8,,,16.566250000000004,,,15.4,,,17.2,,,42.6875,,,35.0,,,53.0,,,1013.31125,,,1012.9,,,1013.6,,,0.0,,,False,,,False,,,1.3625,,,0.4,,,3.0,,,178.175,,,10.0,,,359.0,,,,16.752325581395347,,,16.2,,,18.1,,,13.02093023255814,,,12.5,,,14.1,,,72.95348837209302,,,60.0,,,80.0,,,1013.4674418604648,,,1013.3,,,1013.7,,,0.20930232558139536,,,False,,,True,,,1.0046511627906978,,,0.0,,,1.9,,,157.5,,,0.0,,,218.0,,,,26.660759493670884,,,24.2,,,29.6,,,17.38227848101266,,,16.7,,,17.9,,,66.10126582278481,,,62.0,,,69.0,,,1015.8417721518989,,,1015.0,,,1016.5,,,0.0,,,False,,,False,,,1.3746835443037975,,,0.4,,,2.5,,,171.72151898734177,,,0.0,,,358.0,0.0,0.0,0.0,0.0,,,,,,,,,,,,,92.1325,106.11623846153846,103.54882142857143,19.5,87.63155555555556,99.70720692760943,97.70319322344322,16.0
2024,5,MAG,Haas F1 Team,16.0,0.0,Finished,0,0,1.0,0.0,-6.0,-1.0,-0.25,-0.5,Chinese Grand Prix,1.0,13.0,10.0,0,0,2,2,4.0,11.625,1.0,0.0,1.0,11.625,1.0,0.0,,,,7.0,6.0,Chinese Grand Prix,97.118,,,108.0966,,,105.49585714285715,,,0.951374519414133,,,6.0,,,,,,,,,,,,,,,,,,,,,,,,,,,,,,,,,39.46829268292684,,,38.2,,,42.1,,,23.142682926829266,,,22.3,,,23.8,,,22.865853658536587,,,21.0,,,25.0,,,1009.3329268292683,,,1008.5,,,1010.1,,,0.0,,,False,,,False,,,1.3536585365853657,,,0.0,,,3.2,,,146.96341463414635,,,0.0,,,356.0,,,,,,,,,,,,,,,,,,,,,,,,,,,,,,,,,,,,,,,,,,,,,,,,,,,,,,,,,,,,,,,,,,,,,,,,,,,,,,,,,,,,,,,,,,,,,,,,,,,,,,,,,,,,,,,,,,,,,,,,,,,,,,,,,1.0,0.0,0.0,0.0,,,,,,,,,,,,,97.118,108.0966,105.49585714285715,6.0,88.75679166666667,101.30946481109169,99.16460027472527,16.875
2024,6,MAG,Haas F1 Team,19.0,0.0,Finished,0,0,0.0,0.0,-8.0,0.0,-1.4,-0.6,Miami Grand Prix,0.0,15.0,11.0,0,0,2,2,5.0,11.9,1.0,0.0,1.0,11.9,1.0,0.0,,,,7.0,6.0,Miami Grand Prix,89.189,,,96.41933333333333,,,93.77816666666666,,,0.3112423298312575,,,12.0,,,,,,,,,,,,,,,,,,,,,,,,,,,,,,,,,49.958441558441564,,,43.4,,,54.9,,,28.780519480519484,,,28.3,,,29.3,,,56.27272727272727,,,53.0,,,59.0,,,1015.31038961039,,,1015.0,,,1015.6,,,0.0,,,False,,,False,,,3.0090909090909084,,,1.3,,,4.7,,,160.14285714285714,,,99.0,,,197.0,,,,,,,,,,,,,,,,,,,,,,,,,,,,,,,,,,,,,,,,,,,,,,,,,,,,,,,,,,,,,,,,,,,,,,,,,,,,,,,,,,,,,,,,,,,,,,,,,,,,,,,,,,,,,,,,,,,,,,,,,,,,,,,,,1.0,0.0,0.0,0.0,,,,,,,,,,,,,89.189,96.41933333333333,93.77816666666666,12.0,90.42903333333334,102.66689184887335,100.43085164835165,14.7
2024,7,MAG,Haas F1 Team,12.0,0.0,Lapped,0,1,0.0,0.0,-1.0,0.0,-2.5,-0.5,Emilia Romagna Grand Prix,0.0,11.5,11.0,0,0,2,2,5.0,12.416666666666666,0.8333333333333334,0.0,1.0,12.416666666666666,0.8333333333333334,0.0,,,,7.0,6.0,Emilia Romagna Grand Prix,,,,,,,,,,,,,,,,,77.129,,,89.32712499999998,,,84.62266666666666,,,9.012283907983326,,,17.0,,,,76.923,,,97.26216666666669,,,103.02674999999999,,,29.652323589391766,,,16.0,43.45443037974684,,,42.6,,,44.5,,,23.972151898734175,,,23.3,,,24.6,,,32.53164556962025,,,30.0,,,35.0,,,1006.8518987341771,,,1006.6,,,1007.1,,,0.0,,,False,,,False,,,3.951898734177215,,,2.3,,,5.3,,,301.0506329113924,,,239.0,,,338.0,,,,36.84230769230769,,,35.1,,,39.0,,,24.379487179487178,,,24.0,,,24.7,,,33.94871794871795,,,29.0,,,36.0,,,1006.4525641025638,,,1006.2,,,1006.7,,,0.0,,,False,,,False,,,2.5230769230769234,,,0.5,,,4.6,,,284.1923076923077,,,2.0,,,350.0,,,,44.48076923076923,,,42.4,,,45.9,,,23.603846153846156,,,23.0,,,24.3,,,41.32051282051282,,,39.0,,,44.0,,,1009.2435897435897,,,1008.9,,,1009.5,,,0.0,,,False,,,False,,,1.9025641025641027,,,0.7,,,3.8,,,137.17948717948718,,,0.0,,,354.0,0.0,0.0,0.0,0.0,,,,,,,,,,,,,77.02600000000001,93.29464583333333,93.82470833333332,16.5,90.22236111111111,101.62563209628335,99.32207081807081,14.25
2024,8,MAG,Haas F1 Team,20.0,0.0,Retired,0,1,0.0,0.0,-1.0,0.0,-2.2857142857142856,-0.4285714285714285,Monaco Grand Prix,0.0,19.5,19.0,0,2,0,2,5.0,12.285714285714286,0.7142857142857143,0.0,1.0,12.285714285714286,0.7142857142857143,0.0,,,,7.0,6.0,Monaco Grand Prix,73.39,,,81.08027999999999,,,81.95863636363636,,,8.89834963656438,,,14.0,,,,72.473,,,84.46340000000001,,,87.62144444444444,,,15.365012488695799,,,13.0,,,,72.216,,,95.6138,,,98.09966666666666,,,22.805909929160244,,,14.0,35.56103896103896,,,32.5,,,38.6,,,20.71688311688312,,,19.9,,,21.5,,,66.72727272727273,,,61.0,,,72.0,,,1018.2766233766234,,,1017.7,,,1018.7,,,0.09090909090909091,,,False,,,True,,,0.7467532467532466,,,0.0,,,1.5,,,156.16883116883116,,,0.0,,,359.0,,,,31.30246913580247,,,29.9,,,32.5,,,20.76172839506173,,,20.2,,,21.3,,,66.44444444444444,,,63.0,,,70.0,,,1017.1432098765433,,,1016.8,,,1017.5,,,0.0,,,False,,,False,,,0.7901234567901234,,,0.0,,,1.7,,,144.09876543209876,,,0.0,,,348.0,,,,46.86202531645569,,,45.0,,,48.5,,,21.67468354430379,,,21.3,,,22.0,,,57.40506329113924,,,55.0,,,61.0,,,1017.5379746835443,,,1017.4,,,1017.7,,,0.0,,,False,,,False,,,0.8240506329113924,,,0.0,,,1.6,,,190.30379746835442,,,0.0,,,359.0,0.0,0.0,0.0,0.0,,,,,,,,,,,,,72.693,87.05249333333332,89.22658249158248,13.666666666666666,88.33716666666668,100.4354912015762,98.53673332025117,14.571428571428571
2024,9,MAG,Haas F1 Team,12.0,0.0,Finished,0,0,0.0,0.0,-1.0,0.0,-2.125,-0.375,Canadian Grand Prix,0.0,11.5,11.0,0,0,2,2,5.0,13.1875,0.625,0.25,0.75,13.1875,0.625,0.25,,,,7.0,7.0,Canadian Grand Prix,89.052,,,90.1015,,,90.1015,,,1.4842171337105559,,,13.0,,,,76.773,,,88.97890909090908,,,83.296,,,4.9799774653662405,,,6.0,,,,73.439,,,84.63695454545454,,,78.07936363636364,,,0.5668365324725061,,,11.0,28.68205128205127,,,25.5,,,32.2,,,18.237179487179485,,,17.2,,,19.3,,,83.57692307692308,,,77.0,,,89.0,,,998.6589743589747,,,998.2,,,999.5,,,0.1794871794871795,,,False,,,True,,,1.2474358974358977,,,0.0,,,2.8,,,226.64102564102564,,,0.0,,,355.0,,,,25.546249999999997,,,23.8,,,27.1,,,18.99625,,,18.1,,,19.6,,,68.5,,,64.0,,,72.0,,,999.23375,,,998.8,,,999.7,,,0.8875,,,False,,,True,,,1.2925,,,0.3,,,2.9,,,151.95,,,0.0,,,337.0,,,,36.4,,,32.2,,,39.1,,,20.854320987654322,,,19.9,,,21.6,,,61.925925925925924,,,59.0,,,64.0,,,1000.5185185185185,,,1000.2,,,1000.8,,,0.0,,,False,,,False,,,1.6790123456790123,,,0.8,,,2.9,,,157.17283950617283,,,0.0,,,348.0,0.0,0.0,0.0,0.0,,,,,,,,,,,,,79.75466666666667,87.90578787878788,83.82562121212122,10.0,86.38164583333334,98.76261646804583,97.37296446666758,14.458333333333334
2024,10,MAG,Haas F1 Team,17.0,0.0,Lapped,0,1,0.0,0.0,-6.0,0.0,-2.0,-0.3333333333333333,Spanish Grand Prix,0.0,14.0,11.0,0,0,2,2,5.0,13.0,0.5555555555555556,0.2222222222222222,0.7777777777777778,13.0,0.5555555555555556,0.2222222222222222,,,,7.0,7.0,Spanish Grand Prix,75.644,,,86.60455555555556,,,88.50357142857142,,,15.87592759344729,,,17.0,,,,74.021,,,91.02829166666668,,,84.66686666666666,,,13.137216588579108,,,11.0,,,,74.074,,,82.57138888888889,,,78.97921428571429,,,0.6599258907776604,,,15.0,47.092592592592595,,,45.3,,,48.0,,,28.16543209876543,,,27.5,,,28.5,,,33.666666666666664,,,29.0,,,38.0,,,1004.3987654320988,,,1004.1,,,1004.6,,,0.0,,,False,,,False,,,2.0950617283950614,,,0.0,,,3.5,,,214.14814814814815,,,0.0,,,276.0,,,,43.05185185185185,,,41.2,,,44.2,,,24.86543209876543,,,24.5,,,25.6,,,49.901234567901234,,,45.0,,,56.0,,,1004.495061728395,,,1004.3,,,1004.7,,,0.0,,,False,,,False,,,1.8407407407407406,,,0.8,,,2.9,,,205.08641975308643,,,0.0,,,340.0,,,,43.355000000000004,,,38.9,,,46.3,,,26.441250000000004,,,26.0,,,26.9,,,57.7125,,,47.0,,,62.0,,,1004.5975000000001,,,1004.3,,,1005.0,,,0.0,,,False,,,False,,,1.6612500000000001,,,0.4,,,2.7,,,218.975,,,0.0,,,355.0,0.0,0.0,0.0,0.0,,,,,,,,,,,,,74.57966666666668,86.73474537037038,84.04988412698413,14.333333333333334,85.64531481481481,97.55630218035051,95.86770410505133,13.962962962962964
2024,11,MAG,Haas F1 Team,8.0,4.0,Finished,0,0,8.0,0.0,-2.0,-4.0,-2.4,-0.3,Austrian Grand Prix,12.0,7.0,6.0,0,0,2,2,5.0,13.1,0.5,0.2,0.8,13.1,0.5,0.2,,,,8.0,6.0,Austrian Grand Prix,67.145,,,81.35452380952381,,,72.4525,,,1.641833578655284,,,19.0,,,,,,,,,,,,,,,,,,,,,,,,,,,,,,,,,36.88354430379747,,,30.7,,,42.5,,,23.24430379746836,,,21.9,,,24.5,,,59.54430379746835,,,56.0,,,64.0,,,940.7518987341775,,,940.5,,,940.9,,,0.0,,,False,,,False,,,2.6,,,0.7,,,4.0,,,104.36708860759494,,,0.0,,,142.0,,,,,,,,,,,,,,,,,,,,,,,,,,,,,,,,,,,,,,,,,,,,,,,,,,,,,,,,,,,,,,,,,,,,,,,,,,,,,,,,,,,,,,,,,,,,,,,,,,,,,,,,,,,,,,,,,,,,,,,,,,,,,,,,,1.0,0.0,0.0,0.0,,,,,,,,,,,,,67.145,81.35452380952381,72.4525,19.0,84.53875000000001,96.47414649935249,94.68592210724461,14.0
2024,12,MAG,Haas F1 Team,12.0,0.0,Finished,0,0,8.0,0.0,-6.0,-8.0,-2.363636363636364,-0.6363636363636364,British Grand Prix,8.0,9.0,6.0,0,0,2,2,17.0,12.545454545454543,1.5454545454545454,0.1818181818181818,0.8181818181818181,12.545454545454543,1.5454545454545454,0.1818181818181818,,,,7.0,6.0,British Grand Prix,,,,,,,,,,,,,,,,,88.122,,,110.84963636363636,,,114.446,,,24.15419839972615,,,20.0,,,,100.539,,,111.77407692307693,,,109.33614285714285,,,9.235220470722785,,,17.0,24.554320987654318,,,21.2,,,28.1,,,16.386419753086418,,,15.6,,,17.2,,,75.61728395061728,,,72.0,,,81.0,,,989.422222222222,,,989.2,,,989.6,,,0.0,,,False,,,False,,,1.3691358024691358,,,0.3,,,3.2,,,213.44444444444446,,,0.0,,,353.0,,,,29.296296296296298,,,25.0,,,32.7,,,18.319753086419755,,,17.5,,,18.9,,,67.5679012345679,,,61.0,,,74.0,,,987.8740740740741,,,987.4,,,988.5,,,0.1728395061728395,,,False,,,True,,,1.7185185185185183,,,0.5,,,2.9,,,223.8148148148148,,,0.0,,,289.0,,,,16.291463414634144,,,15.7,,,17.7,,,11.173170731707318,,,10.7,,,11.6,,,89.42682926829268,,,87.0,,,92.0,,,984.439024390244,,,983.7,,,985.1,,,0.6585365853658537,,,False,,,True,,,2.296341463414634,,,1.0,,,4.2,,,233.8170731707317,,,0.0,,,277.0,0.0,0.0,0.0,0.0,,,,,,,,,,,,,94.3305,111.31185664335665,111.89107142857142,18.5,82.9575,95.09963534573171,92.66470191567691,14.454545454545455
2024,13,MAG,Haas F1 Team,15.0,0.0,Lapped,0,1,0.0,0.0,-2.0,0.0,-2.6666666666666665,-1.25,Hungarian Grand Prix,0.0,14.0,13.0,0,0,2,2,25.0,12.25,2.083333333333333,0.1666666666666666,0.8333333333333334,12.25,2.083333333333333,0.1666666666666666,,,,6.0,6.0,Hungarian Grand Prix,80.295,,,94.997,,,92.30114285714285,,,15.36116881868663,,,19.0,,,,78.315,,,91.452375,,,87.64618181818182,,,9.241700945369116,,,6.0,,,,77.507,,,93.27600000000001,,,108.69733333333333,,,13.898281992150446,,,19.0,58.49878048780489,,,56.9,,,60.6,,,31.00487804878049,,,30.4,,,31.8,,,38.0,,,34.0,,,40.0,,,990.5731707317075,,,990.1,,,991.0,,,0.0,,,False,,,False,,,1.2621951219512195,,,0.3,,,3.8,,,207.78048780487805,,,0.0,,,345.0,,,,45.81975308641975,,,41.5,,,49.8,,,31.196296296296293,,,30.5,,,31.9,,,37.17283950617284,,,35.0,,,40.0,,,988.1012345679012,,,987.7,,,988.6,,,0.0,,,False,,,False,,,1.008641975308642,,,0.0,,,2.5,,,162.4320987654321,,,0.0,,,284.0,,,,39.0575,,,36.9,,,41.3,,,26.839999999999996,,,26.6,,,27.1,,,42.9375,,,42.0,,,44.0,,,984.8787500000001,,,984.6,,,985.2,,,0.0,,,False,,,False,,,0.92875,,,0.0,,,1.9,,,218.125,,,0.0,,,338.0,0.0,0.0,0.0,0.0,,,,,,,,,,,,,78.70566666666667,93.24179166666666,96.21488600288599,14.666666666666666,83.90525000000001,96.45065378720045,94.26689937508479,14.791666666666666
2024,14,MAG,Haas F1 Team,14.0,0.0,Finished,0,0,0.0,0.0,4.0,0.0,-2.6153846153846154,-1.1538461538461535,Belgian Grand Prix,0.0,16.0,14.0,0,0,2,2,25.0,12.384615384615383,1.9230769230769231,0.1538461538461538,0.8461538461538461,12.384615384615383,1.9230769230769231,0.1538461538461538,,,,7.0,6.0,Belgian Grand Prix,105.812,,,108.634,,,110.69825,,,0.39402400519088066,,,18.0,,,,103.485,,,110.89676923076924,,,113.81711111111112,,,7.93852960951278,,,8.0,,,,,,,,,,,,,,,,,38.3867469879518,,,35.2,,,40.9,,,22.012048192771083,,,21.4,,,22.5,,,60.855421686746986,,,58.0,,,65.0,,,964.7867469879518,,,964.5,,,965.0,,,0.012048192771084338,,,False,,,True,,,1.5518072289156624,,,0.0,,,4.0,,,156.0120481927711,,,0.0,,,359.0,,,,35.19024390243902,,,33.3,,,36.9,,,21.78170731707317,,,21.2,,,22.2,,,64.3048780487805,,,62.0,,,67.0,,,965.0170731707318,,,964.8,,,965.2,,,0.0,,,False,,,False,,,1.2378048780487805,,,0.4,,,2.7,,,134.90243902439025,,,0.0,,,358.0,,,,21.782926829268295,,,21.2,,,22.9,,,18.108536585365854,,,17.8,,,18.7,,,92.91463414634147,,,89.0,,,96.0,,,965.8914634146339,,,965.7,,,966.0,,,0.8902439024390244,,,False,,,True,,,1.423170731707317,,,0.5,,,2.4,,,156.6829268292683,,,102.0,,,244.0,0.0,0.0,0.0,0.0,,,,,,,,,,,,,104.6485,109.76538461538462,112.25768055555557,13.0,83.50528205128207,96.20381823946708,94.41674450030027,14.782051282051281
2024,15,MAG,Haas F1 Team,18.0,0.0,Lapped,0,1,0.0,0.0,-7.0,0.0,-2.142857142857143,-1.0714285714285714,Dutch Grand Prix,0.0,14.5,11.0,0,0,2,2,25.0,12.642857142857142,1.7857142857142858,0.1428571428571428,0.8571428571428572,12.642857142857142,1.7857142857142858,0.1428571428571428,,,,7.0,6.0,Dutch Grand Prix,73.597,,,94.86714285714285,,,96.95320000000001,,,29.85512644756341,,,9.0,,,,71.43,,,89.54577777777777,,,81.643125,,,16.595386603410798,,,8.0,,,,80.45,,,86.12124999999999,,,88.01166666666666,,,6.188253900199421,,,2.0,21.725925925925925,,,20.3,,,23.8,,,20.233333333333334,,,19.4,,,21.3,,,83.87654320987654,,,75.0,,,92.0,,,1003.335802469136,,,1002.6,,,1004.1,,,0.14814814814814814,,,False,,,True,,,7.109876543209876,,,4.7,,,9.6,,,223.8395061728395,,,204.0,,,242.0,,,,31.169620253164563,,,29.8,,,31.9,,,21.37721518987342,,,21.1,,,21.6,,,62.51898734177215,,,60.0,,,65.0,,,1006.8721518987339,,,1006.2,,,1007.4,,,0.0,,,False,,,False,,,5.472151898734178,,,4.3,,,7.0,,,207.31645569620252,,,187.0,,,230.0,,,,21.572151898734177,,,19.3,,,25.1,,,19.350632911392406,,,17.5,,,21.4,,,94.20253164556962,,,88.0,,,96.0,,,1004.4113924050635,,,1004.0,,,1004.7,,,0.21518987341772153,,,False,,,True,,,1.9759493670886072,,,0.0,,,3.5,,,209.34177215189874,,,0.0,,,244.0,0.0,0.0,0.0,0.0,,,,,,,,,,,,,75.15899999999999,90.17805687830686,88.86933055555555,6.333333333333333,85.01551190476191,97.17250155203261,95.69109707567564,14.654761904761903
2024,16,MAG,Haas F1 Team,10.0,1.0,Finished,0,0,0.0,0.0,7.0,1.0,-2.466666666666667,-1.0,Italian Grand Prix,1.0,13.5,10.0,0,0,2,2,25.0,12.766666666666667,1.6666666666666667,0.1333333333333333,0.8666666666666667,12.766666666666667,1.6666666666666667,0.1333333333333333,,,,7.0,6.0,Italian Grand Prix,82.572,,,95.44791666666667,,,91.14925,,,9.063551451647783,,,11.0,,,,81.499,,,95.32575,,,99.93466666666666,,,29.72494313423212,,,12.0,,,,81.208,,,88.00854545454546,,,86.06766666666665,,,0.7203798072313384,,,16.0,50.81358024691359,,,48.7,,,52.1,,,32.7641975308642,,,32.2,,,33.4,,,38.135802469135804,,,36.0,,,40.0,,,996.3456790123457,,,995.9,,,996.7,,,0.0,,,False,,,False,,,1.0333333333333334,,,0.0,,,2.1,,,192.23456790123456,,,0.0,,,357.0,,,,44.350632911392395,,,41.6,,,48.0,,,34.029113924050634,,,33.7,,,34.4,,,32.177215189873415,,,31.0,,,34.0,,,994.7316455696205,,,994.5,,,995.0,,,0.0,,,False,,,False,,,1.092405063291139,,,0.0,,,2.9,,,213.26582278481013,,,0.0,,,357.0,,,,46.333333333333336,,,43.3,,,48.5,,,31.627160493827162,,,30.9,,,32.4,,,41.7037037037037,,,35.0,,,46.0,,,997.4049382716049,,,997.2,,,997.6,,,0.0,,,False,,,False,,,1.1246913580246913,,,0.0,,,2.3,,,206.4814814814815,,,0.0,,,351.0,0.0,0.0,0.0,0.0,,,,,,,,,,,,,81.75966666666666,92.92740404040404,92.3838611111111,13.0,84.35841111111111,96.7062052404509,95.23631264100096,14.1
2024,18,MAG,Haas F1 Team,19.0,0.0,Retired,0,1,2.0,0.0,-10.0,-2.0,-2.2666666666666666,-0.9333333333333332,Singapore Grand Prix,2.0,14.0,9.0,0,1,1,2,27.0,12.676470588235292,1.588235294117647,0.1176470588235294,0.8823529411764706,12.7,1.7333333333333334,0.1333333333333333,,,,7.0,6.0,Singapore Grand Prix,93.377,,,103.36399999999999,,,104.4855,,,15.755548619454668,,,17.0,,,,91.793,,,102.35758823529412,,,102.9670909090909,,,10.69903946580762,,,13.0,,,,91.265,,,102.36233333333332,,,112.625,,,20.329633272639246,,,13.0,37.114999999999995,,,35.6,,,38.8,,,31.35,,,31.2,,,31.5,,,64.4375,,,63.0,,,67.0,,,1005.6075000000001,,,1005.3,,,1005.9,,,0.0,,,False,,,False,,,2.44875,,,1.2,,,3.4,,,187.9,,,177.0,,,214.0,,,,32.95000000000001,,,32.3,,,33.6,,,30.181707317073165,,,30.0,,,30.3,,,73.98780487804878,,,73.0,,,75.0,,,1008.1158536585366,,,1007.8,,,1008.6,,,0.0,,,False,,,False,,,1.6597560975609755,,,1.1,,,2.4,,,203.09756097560975,,,171.0,,,222.0,,,,37.0670731707317,,,34.9,,,38.6,,,30.06219512195122,,,29.9,,,30.2,,,75.13414634146342,,,74.0,,,77.0,,,1006.7951219512195,,,1006.6,,,1007.0,,,0.0,,,False,,,False,,,0.4817073170731707,,,0.0,,,1.5,,,199.15853658536585,,,0.0,,,323.0,0.0,0.0,0.0,0.0,,,,,,,,,,,,,92.145,102.69464052287582,106.6925303030303,14.333333333333334,83.56656666666666,96.1227266209223,94.81733939313771,13.922222222222222
2024,19,MAG,Haas F1 Team,11.0,0.0,Finished,0,0,4.0,0.0,-3.0,-4.0,-2.8,-1.0,United States Grand Prix,4.0,9.5,8.0,0,0,2,2,29.0,12.75,1.6111111111111112,0.1666666666666666,0.8333333333333334,13.0,1.6666666666666667,0.2,,,,6.0,6.0,United States Grand Prix,94.096,,,103.12746153846153,,,98.31014285714286,,,1.0218529621185566,,,8.0,,,,,,,,,,,,,,,,,,,,,,,,,,,,,,,,,36.703703703703695,,,33.9,,,38.7,,,25.27777777777778,,,23.5,,,26.4,,,52.24691358024691,,,47.0,,,56.0,,,1004.1839506172839,,,1003.5,,,1005.0,,,0.0,,,False,,,False,,,3.34074074074074,,,1.4,,,5.4,,,158.8641975308642,,,128.0,,,186.0,,,,,,,,,,,,,,,,,,,,,,,,,,,,,,,,,,,,,,,,,,,,,,,,,,,,,,,,,,,,,,,,,,,,,,,,,,,,,,,,,,,,,,,,,,,,,,,,,,,,,,,,,,,,,,,,,,,,,,,,,,,,,,,,,1.0,0.0,0.0,0.0,,,,,,,,,,,,,94.096,103.12746153846153,98.31014285714286,8.0,83.6863,96.23877404466955,95.19430622815456,13.811111111111112
2024,20,MAG,Haas F1 Team,7.0,6.0,Finished,0,0,2.0,0.0,2.0,4.0,-2.933333333333333,-1.2,Mexico City Grand Prix,8.0,8.0,7.0,0,0,2,2,33.0,12.578947368421051,1.736842105263158,0.1578947368421052,0.8421052631578947,12.833333333333334,1.9333333333333331,0.2,,,,6.0,6.0,Mexico City Grand Prix,79.335,,,92.58907142857142,,,86.56700000000001,,,8.227710252555086,,,14.0,,,,78.239,,,85.88538461538464,,,83.1062,,,1.2389551870651148,,,6.0,,,,77.474,,,94.49692857142857,,,90.706875,,,16.688188529936813,,,9.0,45.61772151898734,,,42.1,,,48.6,,,19.534177215189874,,,17.6,,,21.1,,,45.139240506329116,,,34.0,,,57.0,,,784.5962025316454,,,784.0,,,785.2,,,0.0,,,False,,,False,,,1.6050632911392404,,,0.6,,,3.9,,,208.873417721519,,,0.0,,,344.0,,,,37.789908256880736,,,31.3,,,42.9,,,22.755963302752296,,,22.1,,,23.0,,,27.513761467889907,,,19.0,,,34.0,,,783.3422018348625,,,783.2,,,783.6,,,0.0,,,False,,,False,,,1.4238532110091744,,,0.0,,,3.1,,,255.9724770642202,,,0.0,,,358.0,,,,32.757831325301204,,,29.0,,,38.0,,,18.249397590361443,,,16.9,,,19.7,,,53.855421686746986,,,50.0,,,59.0,,,787.2807228915663,,,786.6,,,787.9,,,0.0,,,False,,,False,,,1.5783132530120483,,,0.0,,,3.8,,,265.90361445783134,,,0.0,,,357.0,0.0,0.0,0.0,0.0,,,,,,,,,,,,,78.34933333333333,90.99046153846155,86.79335833333334,9.666666666666666,84.69881111111111,96.68139759504511,95.52144294773127,13.255555555555556
2024,22,MAG,Haas F1 Team,12.0,0.0,Finished,0,0,4.0,0.0,-4.0,-4.0,-2.6666666666666665,-0.9333333333333332,Las Vegas Grand Prix,4.0,10.0,8.0,0,0,2,2,41.0,12.523809523809524,1.9523809523809523,0.1904761904761904,0.8095238095238095,12.566666666666666,2.4,0.2666666666666666,,,,7.0,6.0,Las Vegas Grand Prix,96.811,,,107.82526666666668,,,104.93379999999999,,,10.855141233535388,,,11.0,,,,94.686,,,108.46791666666667,,,105.6066,,,10.702886914286248,,,7.0,,,,94.883,,,109.45916666666666,,,110.5445,,,20.70225716357196,,,9.0,15.683132530120483,,,14.9,,,16.5,,,14.065060240963856,,,13.3,,,14.6,,,19.626506024096386,,,17.0,,,22.0,,,947.4734939759037,,,947.2,,,947.7,,,0.0,,,False,,,False,,,0.9951807228915662,,,0.5,,,1.7,,,212.16867469879517,,,146.0,,,242.0,,,,12.870987654320986,,,12.6,,,13.2,,,11.146296296296295,,,10.8,,,11.5,,,24.290123456790123,,,23.0,,,26.0,,,947.783950617284,,,947.6,,,948.0,,,0.0,,,False,,,False,,,0.9117283950617283,,,0.4,,,1.4,,,216.62345679012347,,,184.0,,,260.0,,,,16.830487804878047,,,16.1,,,17.7,,,14.853658536585366,,,14.2,,,15.3,,,18.573170731707318,,,17.0,,,20.0,,,942.1670731707317,,,942.0,,,942.4,,,0.0,,,False,,,False,,,0.6524390243902439,,,0.0,,,1.5,,,178.41463414634146,,,0.0,,,310.0,0.0,0.0,0.0,0.0,,,,,,,,,,,,,95.46,108.58411666666666,107.02829999999999,9.0,83.77993333333332,95.67301246683998,94.4044120747154,12.6
2024,23,MAG,Haas F1 Team,9.0,2.0,Finished,0,0,0.0,0.0,7.0,2.0,-2.533333333333333,-1.1333333333333333,Qatar Grand Prix,2.0,12.5,9.0,0,1,1,2,45.0,12.409090909090908,2.0454545454545454,0.1818181818181818,0.8181818181818181,12.466666666666669,2.6666666666666665,0.2666666666666666,,,,7.0,6.0,,,,,,,,,,,,,,,,,,,,,,,,,,,,,,,,,,,,,,,,,,,,,,,,,,,,,,,,,,,,,,,,,,,,,,,,,,,,,,,,,,,,,,,,,,,,,,,,,,,,,,,,,,,,,,,,,,,,,,,,,,,,,,,,,,,,,,,,,,,,,,,,,,,,,,,,,,,,,,,,,,,,,,,,,,,,,,,,,,,,,,,,,,,,,,,,,,,,,,,,,,,,,,,,,,,,,,,,,,,,,,,,,,,,,,,,,,,,,,,,,,,,,,,,,,,,,,,,,,,
2024,24,MAG,Haas F1 Team,16.0,0.0,Lapped,0,1,4.0,0.0,-8.0,-4.0,-1.5333333333333334,-1.0,Abu Dhabi Grand Prix,4.0,12.0,8.0,0,0,2,2,47.0,12.41304347826087,2.0434782608695654,0.217391304347826,0.782608695652174,12.0,2.8,0.2,,,,7.0,6.0,,,,,,,,,,,,,,,,,,,,,,,,,,,,,,,,,,,,,,,,,,,,,,,,,,,,,,,,,,,,,,,,,,,,,,,,,,,,,,,,,,,,,,,,,,,,,,,,,,,,,,,,,,,,,,,,,,,,,,,,,,,,,,,,,,,,,,,,,,,,,,,,,,,,,,,,,,,,,,,,,,,,,,,,,,,,,,,,,,,,,,,,,,,,,,,,,,,,,,,,,,,,,,,,,,,,,,,,,,,,,,,,,,,,,,,,,,,,,,,,,,,,,,,,,,,,,,,,,,,
2024,1,NOR,McLaren,6.0,8.0,Finished,0,0,4.0,0.0,2.0,4.0,,,Bahrain Grand Prix,12.0,7.0,6.0,0,0,2,2,0.0,,,,,,,,,,,1.0,,Bahrain Grand Prix,92.901,,,107.03174999999999,,,101.39788888888889,,,8.297083304457724,,,2.0,,,,92.608,,,101.51094117647058,,,97.08218181818182,,,0.2130055483699059,,,20.0,,,,91.118,,,99.312,,,91.118,,,,,,5.0,34.21585365853659,,,31.9,,,36.0,,,19.373170731707315,,,19.0,,,19.8,,,38.74390243902439,,,36.0,,,41.0,,,1016.1012195121951,,,1015.9,,,1016.3,,,0.0,,,False,,,False,,,3.3780487804878048,,,2.1,,,4.7,,,66.45121951219512,,,35.0,,,109.0,,,,22.098780487804877,,,21.1,,,23.4,,,17.24756097560976,,,17.1,,,17.4,,,39.02439024390244,,,34.0,,,46.0,,,1017.2317073170732,,,1017.0,,,1017.6,,,0.0,,,False,,,False,,,2.2817073170731708,,,1.2,,,3.5,,,82.76829268292683,,,41.0,,,134.0,,,,32.01341463414634,,,29.2,,,35.2,,,20.259756097560977,,,19.9,,,20.6,,,35.71951219512195,,,30.0,,,41.0,,,1017.720731707317,,,1017.4,,,1018.0,,,0.0,,,False,,,False,,,2.778048780487805,,,1.6,,,4.0,,,54.5,,,28.0,,,85.0,0.0,0.0,0.0,0.0,,,,,,,,,,,,,92.209,102.61823039215686,96.53269023569023,9.0,,,,
2024,2,NOR,McLaren,8.0,4.0,Finished,0,0,12.0,0.0,-4.0,-8.0,2.0,4.0,Saudi Arabian Grand Prix,16.0,6.0,4.0,0,0,2,2,12.0,7.0,12.0,0.0,1.0,7.0,12.0,0.0,,,,4.0,4.0,Saudi Arabian Grand Prix,90.231,,,104.29317647058824,,,94.8585,,,0.45303984372238043,,,7.0,,,,89.758,,,105.188,,,100.12916666666666,,,13.41745337113815,,,12.0,,,,88.971,,,108.06559999999999,,,108.34566666666666,,,31.962754345227086,,,5.0,39.70125,,,38.2,,,41.9,,,26.754999999999995,,,26.4,,,27.1,,,57.575,,,53.0,,,61.0,,,1012.2375,,,1012.0,,,1012.5,,,0.0,,,False,,,False,,,4.80625,,,3.2,,,6.8,,,24.6125,,,1.0,,,41.0,,,,30.59677419354838,,,29.2,,,31.5,,,25.370967741935488,,,25.2,,,25.6,,,59.784946236559136,,,58.0,,,63.0,,,1013.7204301075269,,,1013.2,,,1014.1,,,0.0,,,False,,,False,,,2.4010752688172046,,,0.6,,,4.1,,,92.86021505376344,,,0.0,,,360.0,,,,39.558536585365864,,,37.3,,,43.5,,,25.98414634146341,,,25.6,,,26.3,,,60.34146341463415,,,57.0,,,63.0,,,1012.940243902439,,,1012.7,,,1013.4,,,0.0,,,False,,,False,,,4.16219512195122,,,2.1,,,5.8,,,23.451219512195124,,,0.0,,,54.0,0.0,0.0,0.0,0.0,,,,,,,,,,,,,89.65333333333332,105.8489254901961,101.1111111111111,8.0,92.209,102.61823039215686,96.53269023569023,9.0
2024,3,NOR,McLaren,3.0,15.0,Finished,1,0,12.0,0.0,1.0,3.0,-1.0,-2.0,Australian Grand Prix,27.0,3.5,3.0,1,0,2,2,28.0,6.5,14.0,0.0,1.0,6.5,14.0,0.0,,,,3.0,3.0,Australian Grand Prix,78.564,,,91.19885714285714,,,91.34385714285713,,,18.94373776413173,,,1.0,,,,78.155,,,90.26106666666668,,,88.60455555555556,,,16.395320141057866,,,9.0,,,,77.49,,,91.59814285714285,,,87.43585714285715,,,18.276032669670325,,,10.0,33.70987654320987,,,29.9,,,36.8,,,18.469135802469136,,,18.0,,,19.0,,,61.01234567901235,,,55.0,,,64.0,,,1023.5641975308641,,,1023.2,,,1023.9,,,0.0,,,False,,,False,,,1.262962962962963,,,0.5,,,2.7,,,142.54320987654322,,,0.0,,,342.0,,,,36.15731707317073,,,34.0,,,38.3,,,20.157317073170734,,,20.0,,,20.4,,,56.926829268292686,,,55.0,,,58.0,,,1022.0512195121953,,,1021.8,,,1022.2,,,0.0,,,False,,,False,,,1.803658536585366,,,0.7,,,3.0,,,147.47560975609755,,,0.0,,,354.0,,,,27.669135802469132,,,25.2,,,31.0,,,18.27283950617284,,,17.9,,,18.8,,,59.39506172839506,,,56.0,,,62.0,,,1025.324691358025,,,1025.0,,,1025.6,,,0.0,,,False,,,False,,,1.4333333333333333,,,0.5,,,2.8,,,133.25925925925927,,,0.0,,,346.0,0.0,0.0,0.0,0.0,,,,,,,,,,,,,78.06966666666666,91.01935555555555,89.12808994708996,6.666666666666667,90.93116666666666,104.23357794117648,98.82190067340066,8.5
2024,4,NOR,McLaren,5.0,10.0,Finished,0,0,4.0,0.0,3.0,6.0,-0.3333333333333333,-0.3333333333333333,Japanese Grand Prix,14.0,6.5,5.0,0,0,2,2,55.0,5.5,18.33333333333333,0.0,1.0,5.5,18.33333333333333,0.0,,,,3.0,3.0,Japanese Grand Prix,91.24,,,100.24815384615385,,,98.258,,,10.448627250915377,,,10.0,,,,104.977,,,104.977,,,104.977,,,,,,6.0,,,,90.137,,,110.4475,,,120.26666666666665,,,27.824656625614146,,,6.0,24.296249999999997,,,22.9,,,25.8,,,16.566250000000004,,,15.4,,,17.2,,,42.6875,,,35.0,,,53.0,,,1013.31125,,,1012.9,,,1013.6,,,0.0,,,False,,,False,,,1.3625,,,0.4,,,3.0,,,178.175,,,10.0,,,359.0,,,,16.752325581395347,,,16.2,,,18.1,,,13.02093023255814,,,12.5,,,14.1,,,72.95348837209302,,,60.0,,,80.0,,,1013.4674418604648,,,1013.3,,,1013.7,,,0.20930232558139536,,,False,,,True,,,1.0046511627906978,,,0.0,,,1.9,,,157.5,,,0.0,,,218.0,,,,26.660759493670884,,,24.2,,,29.6,,,17.38227848101266,,,16.7,,,17.9,,,66.10126582278481,,,62.0,,,69.0,,,1015.8417721518989,,,1015.0,,,1016.5,,,0.0,,,False,,,False,,,1.3746835443037975,,,0.4,,,2.5,,,171.72151898734177,,,0.0,,,358.0,0.0,0.0,0.0,0.0,,,,,,,,,,,,,95.45133333333332,105.22421794871796,107.8338888888889,7.333333333333333,86.644,99.8288371459695,95.59063043129709,7.888888888888889
2024,5,NOR,McLaren,2.0,18.0,Finished,1,0,4.0,0.0,6.0,14.0,0.5,1.25,Chinese Grand Prix,22.0,5.0,2.0,1,0,2,2,69.0,5.75,17.25,0.0,1.0,5.75,17.25,0.0,,,,3.0,3.0,Chinese Grand Prix,98.63,,,108.17933333333333,,,101.51985714285715,,,2.188509494958573,,,16.0,,,,,,,,,,,,,,,,,,,,,,,,,,,,,,,,,39.46829268292684,,,38.2,,,42.1,,,23.142682926829266,,,22.3,,,23.8,,,22.865853658536587,,,21.0,,,25.0,,,1009.3329268292683,,,1008.5,,,1010.1,,,0.0,,,False,,,False,,,1.3536585365853657,,,0.0,,,3.2,,,146.96341463414635,,,0.0,,,356.0,,,,,,,,,,,,,,,,,,,,,,,,,,,,,,,,,,,,,,,,,,,,,,,,,,,,,,,,,,,,,,,,,,,,,,,,,,,,,,,,,,,,,,,,,,,,,,,,,,,,,,,,,,,,,,,,,,,,,,,,,,,,,,,,,1.0,0.0,0.0,0.0,,,,,,,,,,,,,98.63,108.17933333333333,101.51985714285715,16.0,88.84583333333333,101.17768234665661,98.65144504569504,7.75
2024,6,NOR,McLaren,1.0,25.0,Finished,1,0,0.0,0.0,12.0,25.0,1.6,3.8,Miami Grand Prix,25.0,7.0,1.0,1,0,2,2,91.0,5.6,18.2,0.0,1.0,5.6,18.2,0.0,,,,3.0,3.0,Miami Grand Prix,89.495,,,101.01033333333334,,,96.79675,,,13.453610049244887,,,16.0,,,,,,,,,,,,,,,,,,,,,,,,,,,,,,,,,49.958441558441564,,,43.4,,,54.9,,,28.780519480519484,,,28.3,,,29.3,,,56.27272727272727,,,53.0,,,59.0,,,1015.31038961039,,,1015.0,,,1015.6,,,0.0,,,False,,,False,,,3.0090909090909084,,,1.3,,,4.7,,,160.14285714285714,,,99.0,,,197.0,,,,,,,,,,,,,,,,,,,,,,,,,,,,,,,,,,,,,,,,,,,,,,,,,,,,,,,,,,,,,,,,,,,,,,,,,,,,,,,,,,,,,,,,,,,,,,,,,,,,,,,,,,,,,,,,,,,,,,,,,,,,,,,,,1.0,0.0,0.0,0.0,,,,,,,,,,,,,89.495,101.01033333333334,96.79675,16.0,90.80266666666667,102.57801254399196,99.22512746512747,9.4
2024,7,NOR,McLaren,2.0,18.0,Finished,1,0,12.0,0.0,2.0,6.0,3.333333333333333,7.333333333333333,Emilia Romagna Grand Prix,30.0,3.0,2.0,1,0,2,2,116.0,5.833333333333333,19.33333333333333,0.0,1.0,5.833333333333333,19.33333333333333,0.0,,,,3.0,3.0,Emilia Romagna Grand Prix,77.602,,,92.65575,,,94.0788,,,21.770924307433525,,,8.0,,,,76.98,,,88.04836363636365,,,80.84733333333334,,,0.3098814673540875,,,12.0,,,,75.829,,,95.72266666666667,,,102.71666666666665,,,26.72629526016155,,,2.0,43.45443037974684,,,42.6,,,44.5,,,23.972151898734175,,,23.3,,,24.6,,,32.53164556962025,,,30.0,,,35.0,,,1006.8518987341771,,,1006.6,,,1007.1,,,0.0,,,False,,,False,,,3.951898734177215,,,2.3,,,5.3,,,301.0506329113924,,,239.0,,,338.0,,,,36.84230769230769,,,35.1,,,39.0,,,24.379487179487178,,,24.0,,,24.7,,,33.94871794871795,,,29.0,,,36.0,,,1006.4525641025638,,,1006.2,,,1006.7,,,0.0,,,False,,,False,,,2.5230769230769234,,,0.5,,,4.6,,,284.1923076923077,,,2.0,,,350.0,,,,44.48076923076923,,,42.4,,,45.9,,,23.603846153846156,,,23.0,,,24.3,,,41.32051282051282,,,39.0,,,44.0,,,1009.2435897435897,,,1008.9,,,1009.5,,,0.0,,,False,,,False,,,1.9025641025641027,,,0.7,,,3.8,,,137.17948717948718,,,0.0,,,354.0,0.0,0.0,0.0,0.0,,,,,,,,,,,,,76.80366666666667,92.14226010101011,92.54759999999999,7.333333333333333,90.58472222222223,102.31673267554885,98.82039788760623,10.5
2024,8,NOR,McLaren,4.0,12.0,Finished,0,0,18.0,1.0,-2.0,-6.0,3.142857142857143,7.142857142857143,Monaco Grand Prix,30.0,3.0,2.0,1,0,2,2,146.0,5.428571428571429,20.857142857142858,0.0,1.0,5.428571428571429,20.857142857142858,0.0,,,,3.0,3.0,Monaco Grand Prix,72.396,,,82.56,,,83.11209090909091,,,10.257109802030449,,,4.0,,,,71.953,,,83.51866666666668,,,77.23163636363637,,,2.0766204406548274,,,5.0,,,,71.988,,,91.10012499999999,,,90.19422222222222,,,20.393414965239256,,,8.0,35.56103896103896,,,32.5,,,38.6,,,20.71688311688312,,,19.9,,,21.5,,,66.72727272727273,,,61.0,,,72.0,,,1018.2766233766234,,,1017.7,,,1018.7,,,0.09090909090909091,,,False,,,True,,,0.7467532467532466,,,0.0,,,1.5,,,156.16883116883116,,,0.0,,,359.0,,,,31.30246913580247,,,29.9,,,32.5,,,20.76172839506173,,,20.2,,,21.3,,,66.44444444444444,,,63.0,,,70.0,,,1017.1432098765433,,,1016.8,,,1017.5,,,0.0,,,False,,,False,,,0.7901234567901234,,,0.0,,,1.7,,,144.09876543209876,,,0.0,,,348.0,,,,46.86202531645569,,,45.0,,,48.5,,,21.67468354430379,,,21.3,,,22.0,,,57.40506329113924,,,55.0,,,61.0,,,1017.5379746835443,,,1017.4,,,1017.7,,,0.0,,,False,,,False,,,0.8240506329113924,,,0.0,,,1.6,,,190.30379746835442,,,0.0,,,359.0,0.0,0.0,0.0,0.0,,,,,,,,,,,,,72.11233333333332,85.72626388888888,83.51264983164982,5.666666666666667,88.616,100.8632365934719,97.92428390366248,10.047619047619047
2024,9,NOR,McLaren,2.0,18.0,Finished,1,0,10.0,0.0,3.0,8.0,2.5,5.5,Canadian Grand Prix,28.0,3.5,2.0,1,0,2,2,176.0,5.125,22.0,0.0,1.0,5.125,22.0,0.0,,,,3.0,3.0,Canadian Grand Prix,84.435,,,89.72333333333334,,,89.72333333333334,,,4.992495201132737,,,1.0,,,,80.843,,,94.2102,,,96.61883333333333,,,16.069475088068703,,,20.0,,,,73.293,,,83.51695652173913,,,79.7016,,,7.4932022408461805,,,7.0,28.68205128205127,,,25.5,,,32.2,,,18.237179487179485,,,17.2,,,19.3,,,83.57692307692308,,,77.0,,,89.0,,,998.6589743589747,,,998.2,,,999.5,,,0.1794871794871795,,,False,,,True,,,1.2474358974358977,,,0.0,,,2.8,,,226.64102564102564,,,0.0,,,355.0,,,,25.546249999999997,,,23.8,,,27.1,,,18.99625,,,18.1,,,19.6,,,68.5,,,64.0,,,72.0,,,999.23375,,,998.8,,,999.7,,,0.8875,,,False,,,True,,,1.2925,,,0.3,,,2.9,,,151.95,,,0.0,,,337.0,,,,36.4,,,32.2,,,39.1,,,20.854320987654322,,,19.9,,,21.6,,,61.925925925925924,,,59.0,,,64.0,,,1000.5185185185185,,,1000.2,,,1000.8,,,0.0,,,False,,,False,,,1.6790123456790123,,,0.8,,,2.9,,,157.17283950617283,,,0.0,,,348.0,0.0,0.0,0.0,0.0,,,,,,,,,,,,,79.52366666666667,89.15016328502416,88.68125555555555,9.333333333333334,86.55304166666666,98.97111500539901,96.1228296446609,9.5
2024,10,NOR,McLaren,2.0,19.0,Finished,1,0,6.0,0.0,5.0,13.0,2.555555555555556,5.777777777777778,Spanish Grand Prix,25.0,4.5,2.0,1,0,2,2,204.0,4.944444444444445,22.666666666666668,0.0,1.0,4.944444444444445,22.666666666666668,0.0,,,,3.0,1.0,Spanish Grand Prix,74.228,,,83.66749999999999,,,78.9419,,,0.6035442449030157,,,1.0,,,,73.319,,,83.96604347826086,,,80.16799999999999,,,0.21120803330681534,,,3.0,,,,73.043,,,94.42583333333334,,,95.4105,,,24.47370029916468,,,2.0,47.092592592592595,,,45.3,,,48.0,,,28.16543209876543,,,27.5,,,28.5,,,33.666666666666664,,,29.0,,,38.0,,,1004.3987654320988,,,1004.1,,,1004.6,,,0.0,,,False,,,False,,,2.0950617283950614,,,0.0,,,3.5,,,214.14814814814815,,,0.0,,,276.0,,,,43.05185185185185,,,41.2,,,44.2,,,24.86543209876543,,,24.5,,,25.6,,,49.901234567901234,,,45.0,,,56.0,,,1004.495061728395,,,1004.3,,,1004.7,,,0.0,,,False,,,False,,,1.8407407407407406,,,0.8,,,2.9,,,205.08641975308643,,,0.0,,,340.0,,,,43.355000000000004,,,38.9,,,46.3,,,26.441250000000004,,,26.0,,,26.9,,,57.7125,,,47.0,,,62.0,,,1004.5975000000001,,,1004.3,,,1005.0,,,0.0,,,False,,,False,,,1.6612500000000001,,,0.4,,,2.7,,,218.975,,,0.0,,,355.0,0.0,0.0,0.0,0.0,,,,,,,,,,,,,73.53,87.35312560386473,84.84013333333333,2.0,85.77199999999999,97.87989814757958,95.29598807920473,9.481481481481481
2024,11,NOR,McLaren,20.0,0.0,Lapped,0,1,18.0,1.0,-18.0,-18.0,2.8,6.5,Austrian Grand Prix,18.0,11.0,2.0,1,0,2,2,229.0,4.9,22.9,0.0,1.0,4.9,22.9,0.0,,,,3.0,1.0,Austrian Grand Prix,66.88,,,78.82884210526313,,,72.853375,,,9.886416322228627,,,13.0,,,,,,,,,,,,,,,,,,,,,,,,,,,,,,,,,36.88354430379747,,,30.7,,,42.5,,,23.24430379746836,,,21.9,,,24.5,,,59.54430379746835,,,56.0,,,64.0,,,940.7518987341775,,,940.5,,,940.9,,,0.0,,,False,,,False,,,2.6,,,0.7,,,4.0,,,104.36708860759494,,,0.0,,,142.0,,,,,,,,,,,,,,,,,,,,,,,,,,,,,,,,,,,,,,,,,,,,,,,,,,,,,,,,,,,,,,,,,,,,,,,,,,,,,,,,,,,,,,,,,,,,,,,,,,,,,,,,,,,,,,,,,,,,,,,,,,,,,,,,,1.0,0.0,0.0,0.0,,,,,,,,,,,,,66.88,78.82884210526313,72.853375,13.0,84.5478,96.82722089320809,94.2504026046176,8.733333333333333
2024,12,NOR,McLaren,3.0,15.0,Finished,1,0,12.0,0.0,1.0,3.0,0.9090909090909092,4.2727272727272725,British Grand Prix,27.0,3.5,3.0,1,0,2,2,247.0,5.454545454545454,22.454545454545453,0.0,1.0,5.454545454545454,22.454545454545453,0.0,,,,3.0,3.0,British Grand Prix,87.42,,,102.15444444444444,,,101.44361538461538,,,20.970533817472162,,,1.0,,,,86.549,,,99.10295,,,92.36136363636363,,,0.929781401483942,,,1.0,,,,97.714,,,105.8626666666667,,,107.382125,,,10.512586462189027,,,3.0,24.554320987654318,,,21.2,,,28.1,,,16.386419753086418,,,15.6,,,17.2,,,75.61728395061728,,,72.0,,,81.0,,,989.422222222222,,,989.2,,,989.6,,,0.0,,,False,,,False,,,1.3691358024691358,,,0.3,,,3.2,,,213.44444444444446,,,0.0,,,353.0,,,,29.296296296296298,,,25.0,,,32.7,,,18.319753086419755,,,17.5,,,18.9,,,67.5679012345679,,,61.0,,,74.0,,,987.8740740740741,,,987.4,,,988.5,,,0.1728395061728395,,,False,,,True,,,1.7185185185185183,,,0.5,,,2.9,,,223.8148148148148,,,0.0,,,289.0,,,,16.291463414634144,,,15.7,,,17.7,,,11.173170731707318,,,10.7,,,11.6,,,89.42682926829268,,,87.0,,,92.0,,,984.439024390244,,,983.7,,,985.1,,,0.6585365853658537,,,False,,,True,,,2.296341463414634,,,1.0,,,4.2,,,233.8170731707317,,,0.0,,,277.0,0.0,0.0,0.0,0.0,,,,,,,,,,,,,90.56099999999999,102.37335370370373,100.39570134032635,1.6666666666666667,82.94163636363636,95.19100463975856,92.30521827692509,9.121212121212121
2024,13,NOR,McLaren,2.0,18.0,Finished,1,0,25.0,1.0,-1.0,-7.0,0.9166666666666666,4.166666666666667,Hungarian Grand Prix,43.0,1.5,1.0,2,0,2,2,274.0,5.291666666666667,22.83333333333333,0.0,1.0,5.291666666666667,22.83333333333333,0.0,,,,3.0,1.0,Hungarian Grand Prix,79.211,,,94.22387499999999,,,92.443,,,18.31697084283159,,,6.0,,,,77.788,,,89.24785714285714,,,84.14575,,,0.31921231179263887,,,1.0,,,,76.098,,,86.55420000000001,,,76.098,,,,,,1.0,58.49878048780489,,,56.9,,,60.6,,,31.00487804878049,,,30.4,,,31.8,,,38.0,,,34.0,,,40.0,,,990.5731707317075,,,990.1,,,991.0,,,0.0,,,False,,,False,,,1.2621951219512195,,,0.3,,,3.8,,,207.78048780487805,,,0.0,,,345.0,,,,45.81975308641975,,,41.5,,,49.8,,,31.196296296296293,,,30.5,,,31.9,,,37.17283950617284,,,35.0,,,40.0,,,988.1012345679012,,,987.7,,,988.6,,,0.0,,,False,,,False,,,1.008641975308642,,,0.0,,,2.5,,,162.4320987654321,,,0.0,,,284.0,,,,39.0575,,,36.9,,,41.3,,,26.839999999999996,,,26.6,,,27.1,,,42.9375,,,42.0,,,44.0,,,984.8787500000001,,,984.6,,,985.2,,,0.0,,,False,,,False,,,0.92875,,,0.0,,,1.9,,,218.125,,,0.0,,,338.0,0.0,0.0,0.0,0.0,,,,,,,,,,,,,77.699,90.00864404761906,84.22891666666668,2.6666666666666665,83.57658333333333,95.78953372842066,92.9794251988752,8.5
2024,14,NOR,McLaren,5.0,10.0,Finished,0,0,18.0,1.0,-3.0,-8.0,0.7692307692307693,3.3076923076923075,Belgian Grand Prix,28.0,3.5,2.0,1,0,2,2,317.0,5.0,24.384615384615383,0.0,1.0,5.0,24.384615384615383,0.0,,,,2.0,1.0,Belgian Grand Prix,104.415,,,112.85392307692307,,,109.57875,,,0.2886524727072341,,,8.0,,,,102.26,,,109.17333333333335,,,112.19266666666665,,,7.1473054689628785,,,1.0,,,,123.372,,,125.69300000000001,,,125.69300000000001,,,3.282389678267956,,,4.0,38.3867469879518,,,35.2,,,40.9,,,22.012048192771083,,,21.4,,,22.5,,,60.855421686746986,,,58.0,,,65.0,,,964.7867469879518,,,964.5,,,965.0,,,0.012048192771084338,,,False,,,True,,,1.5518072289156624,,,0.0,,,4.0,,,156.0120481927711,,,0.0,,,359.0,,,,35.19024390243902,,,33.3,,,36.9,,,21.78170731707317,,,21.2,,,22.2,,,64.3048780487805,,,62.0,,,67.0,,,965.0170731707318,,,964.8,,,965.2,,,0.0,,,False,,,False,,,1.2378048780487805,,,0.4,,,2.7,,,134.90243902439025,,,0.0,,,358.0,,,,21.782926829268295,,,21.2,,,22.9,,,18.108536585365854,,,17.8,,,18.7,,,92.91463414634147,,,89.0,,,96.0,,,965.8914634146339,,,965.7,,,966.0,,,0.8902439024390244,,,False,,,True,,,1.423170731707317,,,0.5,,,2.4,,,156.6829268292683,,,102.0,,,244.0,0.0,0.0,0.0,0.0,,,,,,,,,,,,,110.01566666666668,115.90675213675213,115.82147222222223,4.333333333333333,83.12446153846153,95.34484990682054,92.30630915793608,8.051282051282051
2024,15,NOR,McLaren,1.0,26.0,Finished,1,0,12.0,0.0,3.0,14.0,0.5,2.5,Dutch Grand Prix,38.0,2.5,1.0,1,0,2,2,345.0,4.892857142857143,24.642857142857142,0.0,1.0,4.892857142857143,24.642857142857142,0.0,,,,2.0,1.0,Dutch Grand Prix,72.322,,,89.47211111111112,,,90.607125,,,18.21774068975859,,,1.0,,,,70.961,,,81.11445833333333,,,75.5569,,,0.19679004604456543,,,4.0,,,,81.387,,,82.5795,,,81.387,,,,,,4.0,21.725925925925925,,,20.3,,,23.8,,,20.233333333333334,,,19.4,,,21.3,,,83.87654320987654,,,75.0,,,92.0,,,1003.335802469136,,,1002.6,,,1004.1,,,0.14814814814814814,,,False,,,True,,,7.109876543209876,,,4.7,,,9.6,,,223.8395061728395,,,204.0,,,242.0,,,,31.169620253164563,,,29.8,,,31.9,,,21.37721518987342,,,21.1,,,21.6,,,62.51898734177215,,,60.0,,,65.0,,,1006.8721518987339,,,1006.2,,,1007.4,,,0.0,,,False,,,False,,,5.472151898734178,,,4.3,,,7.0,,,207.31645569620252,,,187.0,,,230.0,,,,21.572151898734177,,,19.3,,,25.1,,,19.350632911392406,,,17.5,,,21.4,,,94.20253164556962,,,88.0,,,96.0,,,1004.4113924050635,,,1004.0,,,1004.7,,,0.21518987341772153,,,False,,,True,,,1.9759493670886072,,,0.0,,,3.5,,,209.34177215189874,,,0.0,,,244.0,0.0,0.0,0.0,0.0,,,,,,,,,,,,,74.89,84.38868981481481,82.51700833333332,3.0,85.0452619047619,96.8135572089585,93.98596366252795,7.785714285714286
2024,16,NOR,McLaren,3.0,16.0,Finished,1,0,18.0,1.0,-1.0,-2.0,0.6666666666666666,3.2666666666666666,Italian Grand Prix,34.0,2.5,2.0,2,0,2,2,383.0,4.733333333333333,25.53333333333333,0.0,1.0,4.733333333333333,25.53333333333333,0.0,,,,2.0,1.0,Italian Grand Prix,81.917,,,93.669375,,,90.61742857142858,,,10.85213345932714,,,3.0,,,,80.741,,,87.94446666666666,,,89.66416666666667,,,9.917771742348853,,,2.0,,,,80.262,,,87.8412,,,80.262,,,,,,5.0,50.81358024691359,,,48.7,,,52.1,,,32.7641975308642,,,32.2,,,33.4,,,38.135802469135804,,,36.0,,,40.0,,,996.3456790123457,,,995.9,,,996.7,,,0.0,,,False,,,False,,,1.0333333333333334,,,0.0,,,2.1,,,192.23456790123456,,,0.0,,,357.0,,,,44.350632911392395,,,41.6,,,48.0,,,34.029113924050634,,,33.7,,,34.4,,,32.177215189873415,,,31.0,,,34.0,,,994.7316455696205,,,994.5,,,995.0,,,0.0,,,False,,,False,,,1.092405063291139,,,0.0,,,2.9,,,213.26582278481013,,,0.0,,,357.0,,,,46.333333333333336,,,43.3,,,48.5,,,31.627160493827162,,,30.9,,,32.4,,,41.7037037037037,,,35.0,,,46.0,,,997.4049382716049,,,997.2,,,997.6,,,0.0,,,False,,,False,,,1.1246913580246913,,,0.0,,,2.3,,,206.4814814814815,,,0.0,,,351.0,0.0,0.0,0.0,0.0,,,,,,,,,,,,,80.97333333333334,89.81834722222222,86.84786507936508,3.3333333333333335,84.36824444444444,95.98523271601559,93.22136664058164,7.466666666666667
2024,17,NOR,McLaren,4.0,13.0,Finished,0,0,25.0,1.0,-3.0,-12.0,0.4666666666666667,2.8666666666666667,Azerbaijan Grand Prix,38.0,2.5,1.0,1,0,2,2,417.0,4.59375,26.0625,0.0,1.0,4.433333333333334,27.0,0.0,,,,1.0,1.0,Azerbaijan Grand Prix,106.027,,,113.76855555555557,,,117.01433333333334,,,14.65199493129405,,,4.0,,,,105.156,,,113.896375,,,109.51816666666666,,,0.5573370314869385,,,17.0,,,,102.737,,,112.58425,,,107.1695,,,6.26850161521875,,,3.0,43.68478260869565,,,39.8,,,46.2,,,29.195652173913032,,,28.0,,,30.6,,,39.09782608695652,,,26.0,,,50.0,,,1015.1771739130434,,,1014.9,,,1015.6,,,0.0,,,False,,,False,,,1.6956521739130432,,,0.5,,,3.5,,,119.3695652173913,,,0.0,,,353.0,,,,36.34878048780487,,,32.9,,,41.2,,,28.52926829268293,,,27.5,,,29.2,,,33.09756097560975,,,27.0,,,47.0,,,1015.0731707317074,,,1014.8,,,1015.3,,,0.0,,,False,,,False,,,1.224390243902439,,,0.0,,,2.6,,,115.8170731707317,,,0.0,,,358.0,,,,31.889024390243897,,,31.0,,,33.1,,,26.991463414634143,,,26.7,,,27.3,,,39.40243902439025,,,35.0,,,44.0,,,1016.6475609756096,,,1016.3,,,1016.9,,,0.35365853658536583,,,False,,,True,,,0.7658536585365854,,,0.0,,,1.7,,,125.02439024390245,,,0.0,,,357.0,0.0,0.0,0.0,0.0,,,,,,,,,,,,,104.63999999999999,113.41639351851852,111.234,8.0,83.6192,95.13190717135328,92.57571163015996,7.088888888888889
2024,18,NOR,McLaren,1.0,25.0,Finished,1,0,15.0,1.0,2.0,10.0,0.5333333333333333,2.6,Singapore Grand Prix,40.0,2.0,1.0,2,0,2,2,455.0,4.470588235294118,26.764705882352946,0.0,1.0,4.2,28.466666666666665,0.0,,,,1.0,1.0,Singapore Grand Prix,91.839,,,99.1082,,,101.9995,,,9.642283158049242,,,2.0,,,,90.727,,,98.99506666666666,,,97.62128571428572,,,0.9715233252107615,,,1.0,,,,89.646,,,97.51766666666667,,,91.995,,,0.3264398872686954,,,1.0,37.114999999999995,,,35.6,,,38.8,,,31.35,,,31.2,,,31.5,,,64.4375,,,63.0,,,67.0,,,1005.6075000000001,,,1005.3,,,1005.9,,,0.0,,,False,,,False,,,2.44875,,,1.2,,,3.4,,,187.9,,,177.0,,,214.0,,,,32.95000000000001,,,32.3,,,33.6,,,30.181707317073165,,,30.0,,,30.3,,,73.98780487804878,,,73.0,,,75.0,,,1008.1158536585366,,,1007.8,,,1008.6,,,0.0,,,False,,,False,,,1.6597560975609755,,,1.1,,,2.4,,,203.09756097560975,,,171.0,,,222.0,,,,37.0670731707317,,,34.9,,,38.6,,,30.06219512195122,,,29.9,,,30.2,,,75.13414634146342,,,74.0,,,77.0,,,1006.7951219512195,,,1006.6,,,1007.0,,,0.0,,,False,,,False,,,0.4817073170731707,,,0.0,,,1.5,,,199.15853658536585,,,0.0,,,323.0,0.0,0.0,0.0,0.0,,,,,,,,,,,,,90.73733333333332,98.54031111111111,97.20526190476191,1.3333333333333333,84.61831111111111,95.63640503990811,93.25057088941921,7.088888888888889
2024,19,NOR,McLaren,4.0,12.0,Finished,0,0,10.0,0.0,1.0,2.0,0.6,3.066666666666667,United States Grand Prix,22.0,4.5,4.0,0,0,2,2,495.0,4.333333333333333,27.5,0.0,1.0,4.1,29.33333333333333,0.0,,,,1.0,1.0,United States Grand Prix,93.868,,,109.68929411764705,,,99.63885714285713,,,5.603202757607221,,,4.0,,,,,,,,,,,,,,,,,,,,,,,,,,,,,,,,,36.703703703703695,,,33.9,,,38.7,,,25.27777777777778,,,23.5,,,26.4,,,52.24691358024691,,,47.0,,,56.0,,,1004.1839506172839,,,1003.5,,,1005.0,,,0.0,,,False,,,False,,,3.34074074074074,,,1.4,,,5.4,,,158.8641975308642,,,128.0,,,186.0,,,,,,,,,,,,,,,,,,,,,,,,,,,,,,,,,,,,,,,,,,,,,,,,,,,,,,,,,,,,,,,,,,,,,,,,,,,,,,,,,,,,,,,,,,,,,,,,,,,,,,,,,,,,,,,,,,,,,,,,,,,,,,,,,1.0,0.0,0.0,0.0,,,,,,,,,,,,,93.868,109.68929411764705,99.63885714285713,4.0,85.46282222222221,96.13780207694514,93.78904901993069,6.733333333333333
2024,20,NOR,McLaren,2.0,18.0,Finished,1,0,4.0,0.0,6.0,14.0,0.4666666666666667,2.8,Mexico City Grand Prix,22.0,5.0,2.0,1,0,2,2,517.0,4.342105263157895,27.210526315789476,0.0,1.0,3.966666666666667,29.866666666666667,0.0,,,,1.0,1.0,Mexico City Grand Prix,,,,,,,,,,,,,,,,,77.948,,,86.32361538461538,,,81.799875,,,0.19593325211845225,,,5.0,,,,76.551,,,95.6053,,,102.92025,,,31.771823254523287,,,2.0,45.61772151898734,,,42.1,,,48.6,,,19.534177215189874,,,17.6,,,21.1,,,45.139240506329116,,,34.0,,,57.0,,,784.5962025316454,,,784.0,,,785.2,,,0.0,,,False,,,False,,,1.6050632911392404,,,0.6,,,3.9,,,208.873417721519,,,0.0,,,344.0,,,,37.789908256880736,,,31.3,,,42.9,,,22.755963302752296,,,22.1,,,23.0,,,27.513761467889907,,,19.0,,,34.0,,,783.3422018348625,,,783.2,,,783.6,,,0.0,,,False,,,False,,,1.4238532110091744,,,0.0,,,3.1,,,255.9724770642202,,,0.0,,,358.0,,,,32.757831325301204,,,29.0,,,38.0,,,18.249397590361443,,,16.9,,,19.7,,,53.855421686746986,,,50.0,,,59.0,,,787.2807228915663,,,786.6,,,787.9,,,0.0,,,False,,,False,,,1.5783132530120483,,,0.0,,,3.8,,,265.90361445783134,,,0.0,,,357.0,0.0,0.0,0.0,0.0,,,,,,,,,,,,,77.2495,90.96445769230769,92.3600625,3.5,85.35726666666667,96.43547382154041,93.24271357019525,6.511111111111111
2024,21,NOR,McLaren,6.0,8.0,Finished,0,0,4.0,0.0,2.0,4.0,0.4666666666666667,2.8,São Paulo Grand Prix,12.0,7.0,6.0,0,0,2,2,539.0,4.375,26.95,0.0,1.0,3.966666666666667,29.866666666666667,0.0,,,,1.0,1.0,São Paulo Grand Prix,70.61,,,87.35757894736841,,,88.1465,,,17.9412936705085,,,1.0,,,,,,,,,,,,,,,,,,,,,,,,,,,,,,,,,54.140243902439025,,,49.7,,,57.5,,,26.103658536585368,,,25.7,,,26.4,,,54.9390243902439,,,48.0,,,59.0,,,928.0024390243904,,,927.6,,,928.4,,,0.0,,,False,,,False,,,1.0865853658536584,,,0.0,,,2.1,,,180.59756097560975,,,0.0,,,350.0,,,,,,,,,,,,,,,,,,,,,,,,,,,,,,,,,,,,,,,,,,,,,,,,,,,,,,,,,,,,,,,,,,,,,,,,,,,,,,,,,,,,,,,,,,,,,,,,,,,,,,,,,,,,,,,,,,,,,,,,,,,,,,,,,1.0,0.0,0.0,0.0,,,,,,,,,,,,,70.61,87.35757894736841,88.1465,1.0,83.9319,95.28781544547203,92.63206059400476,5.677777777777778
2024,22,NOR,McLaren,6.0,9.0,Finished,0,0,6.0,0.0,1.0,3.0,-0.2,1.4,Las Vegas Grand Prix,15.0,6.5,6.0,0,0,2,2,551.0,4.5,26.23809523809524,0.0,1.0,3.966666666666667,29.0,0.0,,,,1.0,1.0,Las Vegas Grand Prix,95.954,,,105.90463157894737,,,106.03871428571428,,,7.066428157475455,,,3.0,,,,93.836,,,107.80680000000001,,,101.15442857142857,,,3.036522839100826,,,2.0,,,,94.008,,,106.47085714285716,,,106.1172,,,12.21744585418736,,,4.0,15.683132530120483,,,14.9,,,16.5,,,14.065060240963856,,,13.3,,,14.6,,,19.626506024096386,,,17.0,,,22.0,,,947.4734939759037,,,947.2,,,947.7,,,0.0,,,False,,,False,,,0.9951807228915662,,,0.5,,,1.7,,,212.16867469879517,,,146.0,,,242.0,,,,12.870987654320986,,,12.6,,,13.2,,,11.146296296296295,,,10.8,,,11.5,,,24.290123456790123,,,23.0,,,26.0,,,947.783950617284,,,947.6,,,948.0,,,0.0,,,False,,,False,,,0.9117283950617283,,,0.4,,,1.4,,,216.62345679012347,,,184.0,,,260.0,,,,16.830487804878047,,,16.1,,,17.7,,,14.853658536585366,,,14.2,,,15.3,,,18.573170731707318,,,17.0,,,20.0,,,942.1670731707317,,,942.0,,,942.4,,,0.0,,,False,,,False,,,0.6524390243902439,,,0.0,,,1.5,,,178.41463414634146,,,0.0,,,310.0,0.0,0.0,0.0,0.0,,,,,,,,,,,,,94.59933333333333,106.72742957393484,104.43678095238094,3.0,82.67290000000001,94.37763181974104,92.05537726067142,4.677777777777778
2024,23,NOR,McLaren,10.0,2.0,Finished,0,0,15.0,1.0,-7.0,-13.0,-0.2666666666666666,1.2,Qatar Grand Prix,17.0,6.5,3.0,1,0,2,2,566.0,4.590909090909091,25.727272727272727,0.0,1.0,4.2,28.0,0.0,,,,1.0,1.0,,,,,,,,,,,,,,,,,,,,,,,,,,,,,,,,,,,,,,,,,,,,,,,,,,,,,,,,,,,,,,,,,,,,,,,,,,,,,,,,,,,,,,,,,,,,,,,,,,,,,,,,,,,,,,,,,,,,,,,,,,,,,,,,,,,,,,,,,,,,,,,,,,,,,,,,,,,,,,,,,,,,,,,,,,,,,,,,,,,,,,,,,,,,,,,,,,,,,,,,,,,,,,,,,,,,,,,,,,,,,,,,,,,,,,,,,,,,,,,,,,,,,,,,,,,,,,,,,,,
2024,24,NOR,McLaren,1.0,25.0,Finished,1,0,1.0,0.0,9.0,24.0,-0.6,0.7333333333333333,Abu Dhabi Grand Prix,26.0,5.5,1.0,1,0,2,2,583.0,4.673913043478261,25.347826086956523,0.0,1.0,4.433333333333334,27.133333333333333,0.0,,,,1.0,1.0,,,,,,,,,,,,,,,,,,,,,,,,,,,,,,,,,,,,,,,,,,,,,,,,,,,,,,,,,,,,,,,,,,,,,,,,,,,,,,,,,,,,,,,,,,,,,,,,,,,,,,,,,,,,,,,,,,,,,,,,,,,,,,,,,,,,,,,,,,,,,,,,,,,,,,,,,,,,,,,,,,,,,,,,,,,,,,,,,,,,,,,,,,,,,,,,,,,,,,,,,,,,,,,,,,,,,,,,,,,,,,,,,,,,,,,,,,,,,,,,,,,,,,,,,,,,,,,,,,,
2025,1,NOR,McLaren,1.0,25.0,Finished,1,0,2.0,0.0,8.0,23.0,-0.2,1.8,Australian Grand Prix,27.0,5.0,1.0,1,0,2,2,0.0,,,,,,,,3.5,27.0,1.0,1.0,,,,,,,,,,,,,,,,,,,,,,,,,,,,,,,,,,,,,,,,,,,,,,,,,,,,,,,,,,,,,,,,,,,,,,,,,,,,,,,,,,,,,,,,,,,,,,,,,,,,,,,,,,,,,,,,,,,,,,,,,,,,,,,,,,,,,,,,,,,,,,,,,,,,,,,,,,,,,,,,,,,,,,,,,,,,,,,,,,,,,,,,,,,,,,,,,,,,,,,,,,,,,,,,,,,,,,,,,,,,,,,,,,,,,,,,,,,,,,,,,,,,,,,,,,,,,,,,,,,,
2025,2,NOR,McLaren,2.0,18.0,Finished,1,0,25.0,1.0,-1.0,-7.0,0.0,2.466666666666667,Chinese Grand Prix,43.0,1.5,1.0,2,0,2,2,27.0,5.0,27.0,0.0,1.0,5.0,27.0,0.0,5.0,22.0,1.0,1.0,2.0,,,,,,,,,,,,,,,,,,,,,,,,,,,,,,,,,,,,,,,,,,,,,,,,,,,,,,,,,,,,,,,,,,,,,,,,,,,,,,,,,,,,,,,,,,,,,,,,,,,,,,,,,,,,,,,,,,,,,,,,,,,,,,,,,,,,,,,,,,,,,,,,,,,,,,,,,,,,,,,,,,,,,,,,,,,,,,,,,,,,,,,,,,,,,,,,,,,,,,,,,,,,,,,,,,,,,,,,,,,,,,,,,,,,,,,,,,,,,,,,,,,,,,,,,,,,,,,,,,,
2025,3,NOR,McLaren,2.0,18.0,Finished,1,0,15.0,1.0,1.0,3.0,1.1333333333333333,3.2,Japanese Grand Prix,33.0,2.5,2.0,2,0,2,2,70.0,3.25,35.0,0.0,1.0,3.25,35.0,0.0,6.5,14.0,0.0,1.0,1.0,,,,,,,,,,,,,,,,,,,,,,,,,,,,,,,,,,,,,,,,,,,,,,,,,,,,,,,,,,,,,,,,,,,,,,,,,,,,,,,,,,,,,,,,,,,,,,,,,,,,,,,,,,,,,,,,,,,,,,,,,,,,,,,,,,,,,,,,,,,,,,,,,,,,,,,,,,,,,,,,,,,,,,,,,,,,,,,,,,,,,,,,,,,,,,,,,,,,,,,,,,,,,,,,,,,,,,,,,,,,,,,,,,,,,,,,,,,,,,,,,,,,,,,,,,,,,,,,,,,
2025,4,NOR,McLaren,3.0,15.0,Finished,1,0,25.0,1.0,-2.0,-10.0,1.1333333333333333,3.2,Bahrain Grand Prix,40.0,2.0,1.0,2,0,2,2,103.0,3.0,34.333333333333336,0.0,1.0,3.0,34.333333333333336,0.0,7.0,12.0,0.0,1.0,1.0,,,,,,,,,,,,,,,,,,,,,,,,,,,,,,,,,,,,,,,,,,,,,,,,,,,,,,,,,,,,,,,,,,,,,,,,,,,,,,,,,,,,,,,,,,,,,,,,,,,,,,,,,,,,,,,,,,,,,,,,,,,,,,,,,,,,,,,,,,,,,,,,,,,,,,,,,,,,,,,,,,,,,,,,,,,,,,,,,,,,,,,,,,,,,,,,,,,,,,,,,,,,,,,,,,,,,,,,,,,,,,,,,,,,,,,,,,,,,,,,,,,,,,,,,,,,,,,,,,,
2025,5,NOR,McLaren,4.0,12.0,Finished,0,0,25.0,1.0,-3.0,-13.0,1.0666666666666669,3.0,Saudi Arabian Grand Prix,37.0,2.5,1.0,1,0,2,2,143.0,2.75,35.75,0.0,1.0,2.75,35.75,0.0,6.0,16.0,0.0,1.0,1.0,,,,,,,,,,,,,,,,,,,,,,,,,,,,,,,,,,,,,,,,,,,,,,,,,,,,,,,,,,,,,,,,,,,,,,,,,,,,,,,,,,,,,,,,,,,,,,,,,,,,,,,,,,,,,,,,,,,,,,,,,,,,,,,,,,,,,,,,,,,,,,,,,,,,,,,,,,,,,,,,,,,,,,,,,,,,,,,,,,,,,,,,,,,,,,,,,,,,,,,,,,,,,,,,,,,,,,,,,,,,,,,,,,,,,,,,,,,,,,,,,,,,,,,,,,,,,,,,,,,
2025,6,NOR,McLaren,2.0,18.0,Finished,1,0,25.0,1.0,-1.0,-7.0,1.0666666666666669,2.6666666666666665,Miami Grand Prix,43.0,1.5,1.0,2,0,2,2,180.0,2.7,36.0,0.0,1.0,2.7,36.0,0.0,7.0,25.0,1.0,1.0,1.0,,,,,,,,,,,,,,,,,,,,,,,,,,,,,,,,,,,,,,,,,,,,,,,,,,,,,,,,,,,,,,,,,,,,,,,,,,,,,,,,,,,,,,,,,,,,,,,,,,,,,,,,,,,,,,,,,,,,,,,,,,,,,,,,,,,,,,,,,,,,,,,,,,,,,,,,,,,,,,,,,,,,,,,,,,,,,,,,,,,,,,,,,,,,,,,,,,,,,,,,,,,,,,,,,,,,,,,,,,,,,,,,,,,,,,,,,,,,,,,,,,,,,,,,,,,,,,,,,,,
2025,7,NOR,McLaren,2.0,18.0,Finished,1,0,15.0,1.0,1.0,3.0,0.8,1.2666666666666666,Emilia Romagna Grand Prix,33.0,2.5,2.0,2,0,2,2,223.0,2.5,37.16666666666666,0.0,1.0,2.5,37.16666666666666,0.0,3.0,30.0,1.0,1.0,1.0,,,,,,,,,,,,,,,,,,,,,,,,,,,,,,,,,,,,,,,,,,,,,,,,,,,,,,,,,,,,,,,,,,,,,,,,,,,,,,,,,,,,,,,,,,,,,,,,,,,,,,,,,,,,,,,,,,,,,,,,,,,,,,,,,,,,,,,,,,,,,,,,,,,,,,,,,,,,,,,,,,,,,,,,,,,,,,,,,,,,,,,,,,,,,,,,,,,,,,,,,,,,,,,,,,,,,,,,,,,,,,,,,,,,,,,,,,,,,,,,,,,,,,,,,,,,,,,,,,,
2025,8,NOR,McLaren,1.0,25.0,Finished,1,0,15.0,1.0,2.0,10.0,0.9333333333333332,1.6,Monaco Grand Prix,40.0,2.0,1.0,2,0,2,2,256.0,2.5,36.57142857142857,0.0,1.0,2.5,36.57142857142857,0.0,3.0,30.0,1.0,1.0,1.0,,,,,,,,,,,,,,,,,,,,,,,,,,,,,,,,,,,,,,,,,,,,,,,,,,,,,,,,,,,,,,,,,,,,,,,,,,,,,,,,,,,,,,,,,,,,,,,,,,,,,,,,,,,,,,,,,,,,,,,,,,,,,,,,,,,,,,,,,,,,,,,,,,,,,,,,,,,,,,,,,,,,,,,,,,,,,,,,,,,,,,,,,,,,,,,,,,,,,,,,,,,,,,,,,,,,,,,,,,,,,,,,,,,,,,,,,,,,,,,,,,,,,,,,,,,,,,,,,,,
2025,9,NOR,McLaren,2.0,18.0,Finished,1,0,25.0,1.0,-1.0,-7.0,1.2666666666666666,3.066666666666667,Spanish Grand Prix,43.0,1.5,1.0,2,0,2,2,296.0,2.4375,37.0,0.0,1.0,2.4375,37.0,0.0,4.5,25.0,1.0,1.0,1.0,,,,,,,,,,,,,,,,,,,,,,,,,,,,,,,,,,,,,,,,,,,,,,,,,,,,,,,,,,,,,,,,,,,,,,,,,,,,,,,,,,,,,,,,,,,,,,,,,,,,,,,,,,,,,,,,,,,,,,,,,,,,,,,,,,,,,,,,,,,,,,,,,,,,,,,,,,,,,,,,,,,,,,,,,,,,,,,,,,,,,,,,,,,,,,,,,,,,,,,,,,,,,,,,,,,,,,,,,,,,,,,,,,,,,,,,,,,,,,,,,,,,,,,,,,,,,,,,,,,
2024,1,OCO,Alpine,17.0,0.0,Lapped,0,1,0.0,0.0,1.0,0.0,,,Bahrain Grand Prix,0.0,17.5,17.0,0,0,2,2,0.0,,,,,,,,,,,1.0,,Bahrain Grand Prix,94.807,,,108.18733333333334,,,106.375,,,16.285529159348798,,,17.0,,,,92.027,,,105.98627777777779,,,101.67636363636365,,,11.6707329270507,,,18.0,,,,92.124,,,110.21079999999999,,,121.67966666666666,,,27.159618560159,,,18.0,34.21585365853659,,,31.9,,,36.0,,,19.373170731707315,,,19.0,,,19.8,,,38.74390243902439,,,36.0,,,41.0,,,1016.1012195121951,,,1015.9,,,1016.3,,,0.0,,,False,,,False,,,3.3780487804878048,,,2.1,,,4.7,,,66.45121951219512,,,35.0,,,109.0,,,,22.098780487804877,,,21.1,,,23.4,,,17.24756097560976,,,17.1,,,17.4,,,39.02439024390244,,,34.0,,,46.0,,,1017.2317073170732,,,1017.0,,,1017.6,,,0.0,,,False,,,False,,,2.2817073170731708,,,1.2,,,3.5,,,82.76829268292683,,,41.0,,,134.0,,,,32.01341463414634,,,29.2,,,35.2,,,20.259756097560977,,,19.9,,,20.6,,,35.71951219512195,,,30.0,,,41.0,,,1017.720731707317,,,1017.4,,,1018.0,,,0.0,,,False,,,False,,,2.778048780487805,,,1.6,,,4.0,,,54.5,,,28.0,,,85.0,0.0,0.0,0.0,0.0,,,,,,,,,,,,,92.98599999999999,108.12813703703705,109.91034343434343,17.666666666666668,,,,
2024,2,OCO,Alpine,13.0,0.0,Lapped,0,1,0.0,0.0,7.0,0.0,1.0,0.0,Saudi Arabian Grand Prix,0.0,16.5,13.0,0,1,1,2,0.0,17.5,0.0,0.0,1.0,17.5,0.0,0.0,,,,6.0,9.0,Saudi Arabian Grand Prix,90.945,,,107.3128947368421,,,102.341,,,16.127303070672834,,,13.0,,,,89.901,,,106.35180952380952,,,100.3244,,,15.42019224696415,,,15.0,,,,89.575,,,104.971,,,106.367,,,26.988374886235736,,,14.0,39.70125,,,38.2,,,41.9,,,26.754999999999995,,,26.4,,,27.1,,,57.575,,,53.0,,,61.0,,,1012.2375,,,1012.0,,,1012.5,,,0.0,,,False,,,False,,,4.80625,,,3.2,,,6.8,,,24.6125,,,1.0,,,41.0,,,,30.59677419354838,,,29.2,,,31.5,,,25.370967741935488,,,25.2,,,25.6,,,59.784946236559136,,,58.0,,,63.0,,,1013.7204301075269,,,1013.2,,,1014.1,,,0.0,,,False,,,False,,,2.4010752688172046,,,0.6,,,4.1,,,92.86021505376344,,,0.0,,,360.0,,,,39.558536585365864,,,37.3,,,43.5,,,25.98414634146341,,,25.6,,,26.3,,,60.34146341463415,,,57.0,,,63.0,,,1012.940243902439,,,1012.7,,,1013.4,,,0.0,,,False,,,False,,,4.16219512195122,,,2.1,,,5.8,,,23.451219512195124,,,0.0,,,54.0,0.0,0.0,0.0,0.0,,,,,,,,,,,,,90.14033333333333,106.2119014202172,103.0108,14.0,92.98599999999999,108.12813703703705,109.91034343434343,17.666666666666668
2024,3,OCO,Alpine,16.0,0.0,Lapped,0,1,0.0,0.0,-3.0,0.0,4.0,0.0,Australian Grand Prix,0.0,14.5,13.0,0,0,2,2,0.0,17.0,0.0,0.5,0.5,17.0,0.0,0.5,,,,7.0,10.0,Australian Grand Prix,79.561,,,94.94806249999999,,,93.2902,,,16.738533061970116,,,15.0,,,,78.705,,,90.24943999999999,,,84.6200909090909,,,0.8727794056398797,,,17.0,,,,77.92,,,96.00942857142857,,,97.20925,,,20.75646702493329,,,15.0,33.70987654320987,,,29.9,,,36.8,,,18.469135802469136,,,18.0,,,19.0,,,61.01234567901235,,,55.0,,,64.0,,,1023.5641975308641,,,1023.2,,,1023.9,,,0.0,,,False,,,False,,,1.262962962962963,,,0.5,,,2.7,,,142.54320987654322,,,0.0,,,342.0,,,,36.15731707317073,,,34.0,,,38.3,,,20.157317073170734,,,20.0,,,20.4,,,56.926829268292686,,,55.0,,,58.0,,,1022.0512195121953,,,1021.8,,,1022.2,,,0.0,,,False,,,False,,,1.803658536585366,,,0.7,,,3.0,,,147.47560975609755,,,0.0,,,354.0,,,,27.669135802469132,,,25.2,,,31.0,,,18.27283950617284,,,17.9,,,18.8,,,59.39506172839506,,,56.0,,,62.0,,,1025.324691358025,,,1025.0,,,1025.6,,,0.0,,,False,,,False,,,1.4333333333333333,,,0.5,,,2.8,,,133.25925925925927,,,0.0,,,346.0,0.0,0.0,0.0,0.0,,,,,,,,,,,,,78.72866666666668,93.7356436904762,91.70651363636364,15.666666666666666,91.56316666666666,107.17001922862713,106.46057171717172,15.833333333333334
2024,4,OCO,Alpine,15.0,0.0,Lapped,0,1,0.0,0.0,1.0,0.0,1.6666666666666667,0.0,Japanese Grand Prix,0.0,15.5,15.0,0,0,2,2,0.0,16.166666666666668,0.0,0.3333333333333333,0.6666666666666667,16.166666666666668,0.0,0.3333333333333333,,,,8.0,10.0,Japanese Grand Prix,91.935,,,116.81785714285715,,,122.157375,,,25.629521995082712,,,11.0,,,,119.113,,,119.113,,,119.113,,,,,,10.0,,,,91.022,,,112.76907692307692,,,106.665875,,,23.73969975401362,,,14.0,24.296249999999997,,,22.9,,,25.8,,,16.566250000000004,,,15.4,,,17.2,,,42.6875,,,35.0,,,53.0,,,1013.31125,,,1012.9,,,1013.6,,,0.0,,,False,,,False,,,1.3625,,,0.4,,,3.0,,,178.175,,,10.0,,,359.0,,,,16.752325581395347,,,16.2,,,18.1,,,13.02093023255814,,,12.5,,,14.1,,,72.95348837209302,,,60.0,,,80.0,,,1013.4674418604648,,,1013.3,,,1013.7,,,0.20930232558139536,,,False,,,True,,,1.0046511627906978,,,0.0,,,1.9,,,157.5,,,0.0,,,218.0,,,,26.660759493670884,,,24.2,,,29.6,,,17.38227848101266,,,16.7,,,17.9,,,66.10126582278481,,,62.0,,,69.0,,,1015.8417721518989,,,1015.0,,,1016.5,,,0.0,,,False,,,False,,,1.3746835443037975,,,0.4,,,2.5,,,171.72151898734177,,,0.0,,,358.0,0.0,0.0,0.0,0.0,,,,,,,,,,,,,100.69,116.23331135531136,115.97874999999999,11.666666666666666,87.28500000000001,102.69189404924349,101.54255235690236,15.777777777777779
2024,5,OCO,Alpine,11.0,0.0,Finished,0,0,0.0,0.0,2.0,0.0,1.5,0.0,Chinese Grand Prix,0.0,12.0,11.0,0,0,2,2,0.0,16.0,0.0,0.25,0.75,16.0,0.0,0.25,,,,8.0,10.0,Chinese Grand Prix,97.213,,,114.85842857142858,,,112.71442857142857,,,21.041993028680718,,,7.0,,,,,,,,,,,,,,,,,,,,,,,,,,,,,,,,,39.46829268292684,,,38.2,,,42.1,,,23.142682926829266,,,22.3,,,23.8,,,22.865853658536587,,,21.0,,,25.0,,,1009.3329268292683,,,1008.5,,,1010.1,,,0.0,,,False,,,False,,,1.3536585365853657,,,0.0,,,3.2,,,146.96341463414635,,,0.0,,,356.0,,,,,,,,,,,,,,,,,,,,,,,,,,,,,,,,,,,,,,,,,,,,,,,,,,,,,,,,,,,,,,,,,,,,,,,,,,,,,,,,,,,,,,,,,,,,,,,,,,,,,,,,,,,,,,,,,,,,,,,,,,,,,,,,,1.0,0.0,0.0,0.0,,,,,,,,,,,,,97.213,114.85842857142858,112.71442857142857,7.0,90.63625,106.07724837576045,105.15160176767677,14.75
2024,6,OCO,Alpine,10.0,1.0,Finished,0,0,0.0,0.0,2.0,1.0,1.6,0.0,Miami Grand Prix,1.0,11.0,10.0,0,0,2,2,0.0,15.2,0.0,0.2,0.8,15.2,0.0,0.2,,,,8.0,9.0,Miami Grand Prix,89.163,,,109.12988235294118,,,101.00977777777777,,,18.853103933953285,,,9.0,,,,,,,,,,,,,,,,,,,,,,,,,,,,,,,,,49.958441558441564,,,43.4,,,54.9,,,28.780519480519484,,,28.3,,,29.3,,,56.27272727272727,,,53.0,,,59.0,,,1015.31038961039,,,1015.0,,,1015.6,,,0.0,,,False,,,False,,,3.0090909090909084,,,1.3,,,4.7,,,160.14285714285714,,,99.0,,,197.0,,,,,,,,,,,,,,,,,,,,,,,,,,,,,,,,,,,,,,,,,,,,,,,,,,,,,,,,,,,,,,,,,,,,,,,,,,,,,,,,,,,,,,,,,,,,,,,,,,,,,,,,,,,,,,,,,,,,,,,,,,,,,,,,,1.0,0.0,0.0,0.0,,,,,,,,,,,,,89.163,109.12988235294118,101.00977777777777,9.0,91.9516,107.83348441489406,106.66416712842712,13.2
2024,7,OCO,Alpine,14.0,0.0,Lapped,0,1,0.0,0.0,2.0,0.0,1.6666666666666667,0.1666666666666666,Emilia Romagna Grand Prix,0.0,15.0,14.0,0,0,2,2,1.0,14.5,0.1666666666666666,0.1666666666666666,0.8333333333333334,14.5,0.1666666666666666,0.1666666666666666,,,,8.0,8.0,Emilia Romagna Grand Prix,78.612,,,95.1359090909091,,,86.757875,,,11.083943527689058,,,14.0,,,,77.008,,,94.63324,,,86.93846153846154,,,16.801579943641137,,,14.0,,,,76.481,,,90.32877777777779,,,97.1105,,,21.696874344783705,,,8.0,43.45443037974684,,,42.6,,,44.5,,,23.972151898734175,,,23.3,,,24.6,,,32.53164556962025,,,30.0,,,35.0,,,1006.8518987341771,,,1006.6,,,1007.1,,,0.0,,,False,,,False,,,3.951898734177215,,,2.3,,,5.3,,,301.0506329113924,,,239.0,,,338.0,,,,36.84230769230769,,,35.1,,,39.0,,,24.379487179487178,,,24.0,,,24.7,,,33.94871794871795,,,29.0,,,36.0,,,1006.4525641025638,,,1006.2,,,1006.7,,,0.0,,,False,,,False,,,2.5230769230769234,,,0.5,,,4.6,,,284.1923076923077,,,2.0,,,350.0,,,,44.48076923076923,,,42.4,,,45.9,,,23.603846153846156,,,23.0,,,24.3,,,41.32051282051282,,,39.0,,,44.0,,,1009.2435897435897,,,1008.9,,,1009.5,,,0.0,,,False,,,False,,,1.9025641025641027,,,0.7,,,3.8,,,137.17948717948718,,,0.0,,,354.0,0.0,0.0,0.0,0.0,,,,,,,,,,,,,77.367,93.36597562289562,90.26894551282051,12.0,91.48683333333334,108.04955073790192,105.7217689033189,12.5
2024,8,OCO,Alpine,17.0,0.0,Retired,0,1,1.0,0.0,-7.0,-1.0,1.7142857142857142,0.1428571428571428,Monaco Grand Prix,1.0,13.5,10.0,0,1,1,2,1.0,14.571428571428571,0.1428571428571428,0.1428571428571428,0.8571428571428572,14.571428571428571,0.1428571428571428,0.1428571428571428,,,,8.0,8.0,Monaco Grand Prix,74.159,,,81.89192592592592,,,80.59958823529412,,,7.219934193422607,,,18.0,,,,72.554,,,82.90585714285714,,,85.39416666666666,,,14.342489316289512,,,14.0,,,,72.472,,,90.06773684210525,,,89.7101,,,15.853580453989286,,,16.0,35.56103896103896,,,32.5,,,38.6,,,20.71688311688312,,,19.9,,,21.5,,,66.72727272727273,,,61.0,,,72.0,,,1018.2766233766234,,,1017.7,,,1018.7,,,0.09090909090909091,,,False,,,True,,,0.7467532467532466,,,0.0,,,1.5,,,156.16883116883116,,,0.0,,,359.0,,,,31.30246913580247,,,29.9,,,32.5,,,20.76172839506173,,,20.2,,,21.3,,,66.44444444444444,,,63.0,,,70.0,,,1017.1432098765433,,,1016.8,,,1017.5,,,0.0,,,False,,,False,,,0.7901234567901234,,,0.0,,,1.7,,,144.09876543209876,,,0.0,,,348.0,,,,46.86202531645569,,,45.0,,,48.5,,,21.67468354430379,,,21.3,,,22.0,,,57.40506329113924,,,55.0,,,61.0,,,1017.5379746835443,,,1017.4,,,1017.7,,,0.0,,,False,,,False,,,0.8240506329113924,,,0.0,,,1.6,,,190.30379746835442,,,0.0,,,359.0,0.0,0.0,0.0,0.0,,,,,,,,,,,,,73.06166666666667,84.95517330362945,85.2346183006536,16.0,89.46971428571429,105.95189715004389,103.51422270467627,12.428571428571429
2024,9,OCO,Alpine,10.0,1.0,Finished,0,0,2.0,0.0,-1.0,-1.0,0.625,0.0,Canadian Grand Prix,3.0,9.5,9.0,0,0,2,2,2.0,14.4375,0.25,0.25,0.75,14.4375,0.25,0.25,,,,8.0,8.0,Canadian Grand Prix,,,,,,,,,,,,,,,,,77.417,,,89.72311538461538,,,82.67661538461539,,,3.9461291062352424,,,11.0,,,,74.075,,,89.0935652173913,,,97.65350000000001,,,26.00442698025528,,,19.0,28.68205128205127,,,25.5,,,32.2,,,18.237179487179485,,,17.2,,,19.3,,,83.57692307692308,,,77.0,,,89.0,,,998.6589743589747,,,998.2,,,999.5,,,0.1794871794871795,,,False,,,True,,,1.2474358974358977,,,0.0,,,2.8,,,226.64102564102564,,,0.0,,,355.0,,,,25.546249999999997,,,23.8,,,27.1,,,18.99625,,,18.1,,,19.6,,,68.5,,,64.0,,,72.0,,,999.23375,,,998.8,,,999.7,,,0.8875,,,False,,,True,,,1.2925,,,0.3,,,2.9,,,151.95,,,0.0,,,337.0,,,,36.4,,,32.2,,,39.1,,,20.854320987654322,,,19.9,,,21.6,,,61.925925925925924,,,59.0,,,64.0,,,1000.5185185185185,,,1000.2,,,1000.8,,,0.0,,,False,,,False,,,1.6790123456790123,,,0.8,,,2.9,,,157.17283950617283,,,0.0,,,348.0,0.0,0.0,0.0,0.0,,,,,,,,,,,,,75.74600000000001,89.40834030100334,90.1650576923077,15.0,87.41870833333333,103.32730666924208,101.22927215417344,12.875
2024,10,OCO,Alpine,10.0,1.0,Finished,0,0,2.0,0.0,-1.0,-1.0,0.4444444444444444,-0.1111111111111111,Spanish Grand Prix,3.0,9.5,9.0,0,0,2,2,5.0,13.88888888888889,0.5555555555555556,0.2222222222222222,0.7777777777777778,13.88888888888889,0.5555555555555556,0.2222222222222222,,,,7.0,8.0,Spanish Grand Prix,75.086,,,91.2055909090909,,,90.73446153846155,,,22.46961275298777,,,8.0,,,,73.766,,,96.57075000000002,,,86.06991666666666,,,10.81789042162299,,,9.0,,,,73.95,,,83.95933333333333,,,82.16375,,,12.02934343941237,,,11.0,47.092592592592595,,,45.3,,,48.0,,,28.16543209876543,,,27.5,,,28.5,,,33.666666666666664,,,29.0,,,38.0,,,1004.3987654320988,,,1004.1,,,1004.6,,,0.0,,,False,,,False,,,2.0950617283950614,,,0.0,,,3.5,,,214.14814814814815,,,0.0,,,276.0,,,,43.05185185185185,,,41.2,,,44.2,,,24.86543209876543,,,24.5,,,25.6,,,49.901234567901234,,,45.0,,,56.0,,,1004.495061728395,,,1004.3,,,1004.7,,,0.0,,,False,,,False,,,1.8407407407407406,,,0.8,,,2.9,,,205.08641975308643,,,0.0,,,340.0,,,,43.355000000000004,,,38.9,,,46.3,,,26.441250000000004,,,26.0,,,26.9,,,57.7125,,,47.0,,,62.0,,,1004.5975000000001,,,1004.3,,,1005.0,,,0.0,,,False,,,False,,,1.6612500000000001,,,0.4,,,2.7,,,218.975,,,0.0,,,355.0,0.0,0.0,0.0,0.0,,,,,,,,,,,,,74.26733333333334,90.57855808080808,86.3227094017094,9.333333333333334,86.12174074074075,101.78075485054889,99.9999149917439,13.11111111111111
2024,11,OCO,Alpine,12.0,0.0,Finished,0,0,1.0,0.0,-2.0,-1.0,0.3,-0.2,Austrian Grand Prix,1.0,11.0,10.0,0,0,2,2,8.0,13.45,0.8,0.2,0.8,13.45,0.8,0.2,,,,7.0,8.0,Austrian Grand Prix,66.297,,,79.56335294117648,,,87.2245,,,21.12197695698555,,,6.0,,,,,,,,,,,,,,,,,,,,,,,,,,,,,,,,,36.88354430379747,,,30.7,,,42.5,,,23.24430379746836,,,21.9,,,24.5,,,59.54430379746835,,,56.0,,,64.0,,,940.7518987341775,,,940.5,,,940.9,,,0.0,,,False,,,False,,,2.6,,,0.7,,,4.0,,,104.36708860759494,,,0.0,,,142.0,,,,,,,,,,,,,,,,,,,,,,,,,,,,,,,,,,,,,,,,,,,,,,,,,,,,,,,,,,,,,,,,,,,,,,,,,,,,,,,,,,,,,,,,,,,,,,,,,,,,,,,,,,,,,,,,,,,,,,,,,,,,,,,,,1.0,0.0,0.0,0.0,,,,,,,,,,,,,66.297,79.56335294117648,87.2245,6.0,84.9363,100.6605351735748,98.63219443274046,12.733333333333333
2024,12,OCO,Alpine,16.0,0.0,Lapped,0,1,0.0,0.0,4.0,0.0,0.0909090909090909,-0.2727272727272727,British Grand Prix,0.0,18.0,16.0,0,1,1,2,9.0,13.227272727272728,0.8181818181818182,0.1818181818181818,0.8181818181818181,13.227272727272728,0.8181818181818182,0.1818181818181818,,,,8.0,8.0,British Grand Prix,87.974,,,101.94528571428573,,,101.72200000000001,,,16.632011784507608,,,10.0,,,,87.743,,,103.12575,,,96.18275,,,6.0443388044792234,,,15.0,,,,100.43,,,105.87517647058824,,,103.1445,,,2.6923987711438886,,,16.0,24.554320987654318,,,21.2,,,28.1,,,16.386419753086418,,,15.6,,,17.2,,,75.61728395061728,,,72.0,,,81.0,,,989.422222222222,,,989.2,,,989.6,,,0.0,,,False,,,False,,,1.3691358024691358,,,0.3,,,3.2,,,213.44444444444446,,,0.0,,,353.0,,,,29.296296296296298,,,25.0,,,32.7,,,18.319753086419755,,,17.5,,,18.9,,,67.5679012345679,,,61.0,,,74.0,,,987.8740740740741,,,987.4,,,988.5,,,0.1728395061728395,,,False,,,True,,,1.7185185185185183,,,0.5,,,2.9,,,223.8148148148148,,,0.0,,,289.0,,,,16.291463414634144,,,15.7,,,17.7,,,11.173170731707318,,,10.7,,,11.6,,,89.42682926829268,,,87.0,,,92.0,,,984.439024390244,,,983.7,,,985.1,,,0.6585365853658537,,,False,,,True,,,2.296341463414634,,,1.0,,,4.2,,,233.8170731707317,,,0.0,,,277.0,0.0,0.0,0.0,0.0,,,,,,,,,,,,,92.04899999999999,103.64873739495799,100.34975000000001,13.666666666666666,83.24181818181818,98.74260951608404,97.59513130249132,12.121212121212123
2024,13,OCO,Alpine,18.0,0.0,Lapped,0,1,0.0,0.0,2.0,0.0,0.4166666666666667,-0.25,Hungarian Grand Prix,0.0,19.0,18.0,0,1,1,2,9.0,13.625,0.75,0.25,0.75,13.625,0.75,0.25,,,,8.0,8.0,Hungarian Grand Prix,80.023,,,101.53815789473684,,,93.047,,,18.660301317234936,,,18.0,,,,78.754,,,93.83200000000001,,,93.56025,,,22.771755743527045,,,14.0,,,,77.575,,,100.013125,,,112.9974,,,25.8692725119977,,,20.0,58.49878048780489,,,56.9,,,60.6,,,31.00487804878049,,,30.4,,,31.8,,,38.0,,,34.0,,,40.0,,,990.5731707317075,,,990.1,,,991.0,,,0.0,,,False,,,False,,,1.2621951219512195,,,0.3,,,3.8,,,207.78048780487805,,,0.0,,,345.0,,,,45.81975308641975,,,41.5,,,49.8,,,31.196296296296293,,,30.5,,,31.9,,,37.17283950617284,,,35.0,,,40.0,,,988.1012345679012,,,987.7,,,988.6,,,0.0,,,False,,,False,,,1.008641975308642,,,0.0,,,2.5,,,162.4320987654321,,,0.0,,,284.0,,,,39.0575,,,36.9,,,41.3,,,26.839999999999996,,,26.6,,,27.1,,,42.9375,,,42.0,,,44.0,,,984.8787500000001,,,984.6,,,985.2,,,0.0,,,False,,,False,,,0.92875,,,0.0,,,1.9,,,218.125,,,0.0,,,338.0,0.0,0.0,0.0,0.0,,,,,,,,,,,,,78.78399999999999,98.46109429824561,99.86821666666667,17.333333333333332,83.97575,99.1514535059902,97.82468286061705,12.25
2024,14,OCO,Alpine,9.0,2.0,Finished,0,0,0.0,0.0,4.0,2.0,0.5384615384615384,-0.2307692307692307,Belgian Grand Prix,2.0,11.0,9.0,0,0,2,2,9.0,14.038461538461538,0.6923076923076923,0.3076923076923077,0.6923076923076923,14.038461538461538,0.6923076923076923,0.3076923076923077,,,,8.0,8.0,Belgian Grand Prix,,,,,,,,,,,,,,,,,103.401,,,108.51746153846153,,,110.227,,,0.7469133149167997,,,7.0,,,,125.25,,,127.19200000000001,,,127.19200000000001,,,1.9885280988711187,,,5.0,38.3867469879518,,,35.2,,,40.9,,,22.012048192771083,,,21.4,,,22.5,,,60.855421686746986,,,58.0,,,65.0,,,964.7867469879518,,,964.5,,,965.0,,,0.012048192771084338,,,False,,,True,,,1.5518072289156624,,,0.0,,,4.0,,,156.0120481927711,,,0.0,,,359.0,,,,35.19024390243902,,,33.3,,,36.9,,,21.78170731707317,,,21.2,,,22.2,,,64.3048780487805,,,62.0,,,67.0,,,965.0170731707318,,,964.8,,,965.2,,,0.0,,,False,,,False,,,1.2378048780487805,,,0.4,,,2.7,,,134.90243902439025,,,0.0,,,358.0,,,,21.782926829268295,,,21.2,,,22.9,,,18.108536585365854,,,17.8,,,18.7,,,92.91463414634147,,,89.0,,,96.0,,,965.8914634146339,,,965.7,,,966.0,,,0.8902439024390244,,,False,,,True,,,1.423170731707317,,,0.5,,,2.4,,,156.6829268292683,,,102.0,,,244.0,0.0,0.0,0.0,0.0,,,,,,,,,,,,,114.3255,117.85473076923077,118.7095,6.0,83.57638461538461,99.09834895154833,97.98187776877472,12.641025641025642
2024,15,OCO,Alpine,15.0,0.0,Lapped,0,1,2.0,0.0,-6.0,-2.0,0.7857142857142857,-0.0714285714285714,Dutch Grand Prix,2.0,12.0,9.0,0,0,2,2,11.0,13.821428571428571,0.7857142857142857,0.2857142857142857,0.7142857142857143,13.821428571428571,0.7857142857142857,0.2857142857142857,,,,8.0,8.0,Dutch Grand Prix,75.796,,,88.05210000000001,,,89.85866666666668,,,10.47470247151043,,,18.0,,,,72.061,,,84.147,,,77.35686666666668,,,0.7991515917938669,,,17.0,,,,81.643,,,81.643,,,81.643,,,,,,6.0,21.725925925925925,,,20.3,,,23.8,,,20.233333333333334,,,19.4,,,21.3,,,83.87654320987654,,,75.0,,,92.0,,,1003.335802469136,,,1002.6,,,1004.1,,,0.14814814814814814,,,False,,,True,,,7.109876543209876,,,4.7,,,9.6,,,223.8395061728395,,,204.0,,,242.0,,,,31.169620253164563,,,29.8,,,31.9,,,21.37721518987342,,,21.1,,,21.6,,,62.51898734177215,,,60.0,,,65.0,,,1006.8721518987339,,,1006.2,,,1007.4,,,0.0,,,False,,,False,,,5.472151898734178,,,4.3,,,7.0,,,207.31645569620252,,,187.0,,,230.0,,,,21.572151898734177,,,19.3,,,25.1,,,19.350632911392406,,,17.5,,,21.4,,,94.20253164556962,,,88.0,,,96.0,,,1004.4113924050635,,,1004.0,,,1004.7,,,0.21518987341772153,,,False,,,True,,,1.9759493670886072,,,0.0,,,3.5,,,209.34177215189874,,,0.0,,,244.0,0.0,0.0,0.0,0.0,,,,,,,,,,,,,76.50000000000001,84.61403333333334,82.95284444444445,13.666666666666666,85.77275,100.43809050995421,99.46242221386224,12.166666666666668
2024,16,OCO,Alpine,14.0,0.0,Lapped,0,1,0.0,0.0,1.0,0.0,0.3333333333333333,-0.2,Italian Grand Prix,0.0,14.5,14.0,0,0,2,2,13.0,13.7,0.8666666666666667,0.2666666666666666,0.7333333333333334,13.7,0.8666666666666667,0.2666666666666666,,,,8.0,8.0,Italian Grand Prix,82.88,,,103.3503846153846,,,99.04828571428571,,,18.989209284172293,,,17.0,,,,81.867,,,89.02644444444445,,,95.38366666666667,,,17.38074147823772,,,19.0,,,,81.258,,,87.588,,,102.021,,,29.36331619555258,,,17.0,50.81358024691359,,,48.7,,,52.1,,,32.7641975308642,,,32.2,,,33.4,,,38.135802469135804,,,36.0,,,40.0,,,996.3456790123457,,,995.9,,,996.7,,,0.0,,,False,,,False,,,1.0333333333333334,,,0.0,,,2.1,,,192.23456790123456,,,0.0,,,357.0,,,,44.350632911392395,,,41.6,,,48.0,,,34.029113924050634,,,33.7,,,34.4,,,32.177215189873415,,,31.0,,,34.0,,,994.7316455696205,,,994.5,,,995.0,,,0.0,,,False,,,False,,,1.092405063291139,,,0.0,,,2.9,,,213.26582278481013,,,0.0,,,357.0,,,,46.333333333333336,,,43.3,,,48.5,,,31.627160493827162,,,30.9,,,32.4,,,41.7037037037037,,,35.0,,,46.0,,,997.4049382716049,,,997.2,,,997.6,,,0.0,,,False,,,False,,,1.1246913580246913,,,0.0,,,2.3,,,206.4814814814815,,,0.0,,,351.0,0.0,0.0,0.0,0.0,,,,,,,,,,,,,82.00166666666667,93.32160968660969,98.8176507936508,17.666666666666668,85.15456666666667,99.38315336484614,98.36178369590105,12.266666666666667
2024,17,OCO,Alpine,15.0,0.0,Lapped,0,1,0.0,0.0,-3.0,0.0,0.3333333333333333,-0.2,Azerbaijan Grand Prix,0.0,13.5,12.0,0,0,2,2,13.0,13.75,0.8125,0.25,0.75,13.5,0.8666666666666667,0.2666666666666666,,,,8.0,8.0,Azerbaijan Grand Prix,,,,,,,,,,,,,,,,,105.81,,,115.45513333333335,,,111.58550000000001,,,3.4965306662461857,,,19.0,,,,,,,,,,,,,,,,,43.68478260869565,,,39.8,,,46.2,,,29.195652173913032,,,28.0,,,30.6,,,39.09782608695652,,,26.0,,,50.0,,,1015.1771739130434,,,1014.9,,,1015.6,,,0.0,,,False,,,False,,,1.6956521739130432,,,0.5,,,3.5,,,119.3695652173913,,,0.0,,,353.0,,,,36.34878048780487,,,32.9,,,41.2,,,28.52926829268293,,,27.5,,,29.2,,,33.09756097560975,,,27.0,,,47.0,,,1015.0731707317074,,,1014.8,,,1015.3,,,0.0,,,False,,,False,,,1.224390243902439,,,0.0,,,2.6,,,115.8170731707317,,,0.0,,,358.0,,,,31.889024390243897,,,31.0,,,33.1,,,26.991463414634143,,,26.7,,,27.3,,,39.40243902439025,,,35.0,,,44.0,,,1016.6475609756096,,,1016.3,,,1016.9,,,0.35365853658536583,,,False,,,True,,,0.7658536585365854,,,0.0,,,1.7,,,125.02439024390245,,,0.0,,,357.0,0.0,0.0,0.0,0.0,,,,,,,,,,,,,105.81,115.45513333333335,111.58550000000001,19.0,84.42227777777777,98.39605154148431,97.6222708531882,12.266666666666667
2024,18,OCO,Alpine,13.0,0.0,Lapped,0,1,0.0,0.0,4.0,0.0,-0.3333333333333333,-0.2,Singapore Grand Prix,0.0,15.0,13.0,0,0,2,2,13.0,13.735294117647058,0.7647058823529411,0.2352941176470588,0.7647058823529411,13.3,0.8666666666666667,0.2,,,,9.0,8.0,Singapore Grand Prix,92.615,,,103.21158823529412,,,103.98590909090909,,,17.464606714464235,,,10.0,,,,92.119,,,103.5791111111111,,,104.45066666666666,,,12.659706598160763,,,17.0,,,,91.559,,,107.57216666666669,,,105.163,,,17.079934685388665,,,16.0,37.114999999999995,,,35.6,,,38.8,,,31.35,,,31.2,,,31.5,,,64.4375,,,63.0,,,67.0,,,1005.6075000000001,,,1005.3,,,1005.9,,,0.0,,,False,,,False,,,2.44875,,,1.2,,,3.4,,,187.9,,,177.0,,,214.0,,,,32.95000000000001,,,32.3,,,33.6,,,30.181707317073165,,,30.0,,,30.3,,,73.98780487804878,,,73.0,,,75.0,,,1008.1158536585366,,,1007.8,,,1008.6,,,0.0,,,False,,,False,,,1.6597560975609755,,,1.1,,,2.4,,,203.09756097560975,,,171.0,,,222.0,,,,37.0670731707317,,,34.9,,,38.6,,,30.06219512195122,,,29.9,,,30.2,,,75.13414634146342,,,74.0,,,77.0,,,1006.7951219512195,,,1006.6,,,1007.0,,,0.0,,,False,,,False,,,0.4817073170731707,,,0.0,,,1.5,,,199.15853658536585,,,0.0,,,323.0,0.0,0.0,0.0,0.0,,,,,,,,,,,,,92.09766666666667,104.78762200435732,104.5331919191919,14.333333333333334,85.46692222222221,99.01226700235874,98.19391751985489,12.6
2024,19,OCO,Alpine,18.0,0.0,Lapped,0,1,0.0,0.0,-6.0,0.0,0.1333333333333333,-0.2,United States Grand Prix,0.0,15.0,12.0,0,0,2,2,13.0,13.805555555555555,0.7222222222222222,0.2222222222222222,0.7777777777777778,13.333333333333334,0.8666666666666667,0.2,,,,9.0,8.0,United States Grand Prix,94.806,,,111.31458823529412,,,117.53628571428571,,,25.292328268431422,,,17.0,,,,,,,,,,,,,,,,,,,,,,,,,,,,,,,,,36.703703703703695,,,33.9,,,38.7,,,25.27777777777778,,,23.5,,,26.4,,,52.24691358024691,,,47.0,,,56.0,,,1004.1839506172839,,,1003.5,,,1005.0,,,0.0,,,False,,,False,,,3.34074074074074,,,1.4,,,5.4,,,158.8641975308642,,,128.0,,,186.0,,,,,,,,,,,,,,,,,,,,,,,,,,,,,,,,,,,,,,,,,,,,,,,,,,,,,,,,,,,,,,,,,,,,,,,,,,,,,,,,,,,,,,,,,,,,,,,,,,,,,,,,,,,,,,,,,,,,,,,,,,,,,,,,,1.0,0.0,0.0,0.0,,,,,,,,,,,,,94.806,111.31458823529412,117.53628571428571,17.0,86.35818888888889,99.74906555661748,99.04902940537676,12.511111111111111
2024,20,OCO,Alpine,13.0,0.0,Lapped,0,1,1.0,0.0,-3.0,-1.0,-0.3333333333333333,-0.2,Mexico City Grand Prix,1.0,11.5,10.0,0,0,2,2,13.0,13.86842105263158,0.6842105263157895,0.2105263157894736,0.7894736842105263,13.3,0.8666666666666667,0.2,,,,9.0,8.0,Mexico City Grand Prix,78.996,,,92.66542857142858,,,89.5496,,,11.683071804966366,,,7.0,,,,78.656,,,86.1769090909091,,,82.39337499999999,,,0.2595908525242839,,,13.0,,,,78.324,,,97.51061538461538,,,96.997,,,23.968850233167213,,,18.0,45.61772151898734,,,42.1,,,48.6,,,19.534177215189874,,,17.6,,,21.1,,,45.139240506329116,,,34.0,,,57.0,,,784.5962025316454,,,784.0,,,785.2,,,0.0,,,False,,,False,,,1.6050632911392404,,,0.6,,,3.9,,,208.873417721519,,,0.0,,,344.0,,,,37.789908256880736,,,31.3,,,42.9,,,22.755963302752296,,,22.1,,,23.0,,,27.513761467889907,,,19.0,,,34.0,,,783.3422018348625,,,783.2,,,783.6,,,0.0,,,False,,,False,,,1.4238532110091744,,,0.0,,,3.1,,,255.9724770642202,,,0.0,,,358.0,,,,32.757831325301204,,,29.0,,,38.0,,,18.249397590361443,,,16.9,,,19.7,,,53.855421686746986,,,50.0,,,59.0,,,787.2807228915663,,,786.6,,,787.9,,,0.0,,,False,,,False,,,1.5783132530120483,,,0.0,,,3.8,,,265.90361445783134,,,0.0,,,357.0,0.0,0.0,0.0,0.0,,,,,,,,,,,,,78.65866666666666,92.11765101565102,89.64665833333333,12.666666666666666,85.96592222222222,99.42115068194965,99.15286511966248,12.866666666666667
2024,21,OCO,Alpine,2.0,18.0,Finished,1,0,15.0,1.0,1.0,3.0,-0.6666666666666666,-0.2666666666666666,São Paulo Grand Prix,33.0,2.5,2.0,2,0,2,2,14.0,13.75,0.7,0.2,0.8,13.266666666666667,0.9333333333333332,0.2,,,,9.0,8.0,São Paulo Grand Prix,71.827,,,89.19972222222222,,,101.994375,,,24.72924303005018,,,18.0,,,,,,,,,,,,,,,,,,,,,,,,,,,,,,,,,54.140243902439025,,,49.7,,,57.5,,,26.103658536585368,,,25.7,,,26.4,,,54.9390243902439,,,48.0,,,59.0,,,928.0024390243904,,,927.6,,,928.4,,,0.0,,,False,,,False,,,1.0865853658536584,,,0.0,,,2.1,,,180.59756097560975,,,0.0,,,350.0,,,,,,,,,,,,,,,,,,,,,,,,,,,,,,,,,,,,,,,,,,,,,,,,,,,,,,,,,,,,,,,,,,,,,,,,,,,,,,,,,,,,,,,,,,,,,,,,,,,,,,,,,,,,,,,,,,,,,,,,,,,,,,,,,1.0,0.0,0.0,0.0,,,,,,,,,,,,,71.827,89.19972222222222,101.994375,18.0,84.72896666666666,97.90509884489782,97.61501377045614,13.244444444444444
2024,22,OCO,Alpine,17.0,0.0,Lapped,0,1,0.0,0.0,3.0,0.0,-0.7333333333333333,-0.1333333333333333,Las Vegas Grand Prix,0.0,18.5,17.0,0,1,1,2,47.0,13.214285714285714,2.238095238095238,0.1904761904761904,0.8095238095238095,12.7,3.066666666666667,0.2,,,,6.0,7.0,Las Vegas Grand Prix,97.152,,,105.16088888888889,,,103.5915,,,4.998854240152002,,,14.0,,,,95.221,,,103.83484210526316,,,100.18755555555555,,,1.3364424895137765,,,12.0,,,,95.46,,,114.214625,,,112.86057142857143,,,17.702431630119282,,,14.0,15.683132530120483,,,14.9,,,16.5,,,14.065060240963856,,,13.3,,,14.6,,,19.626506024096386,,,17.0,,,22.0,,,947.4734939759037,,,947.2,,,947.7,,,0.0,,,False,,,False,,,0.9951807228915662,,,0.5,,,1.7,,,212.16867469879517,,,146.0,,,242.0,,,,12.870987654320986,,,12.6,,,13.2,,,11.146296296296295,,,10.8,,,11.5,,,24.290123456790123,,,23.0,,,26.0,,,947.783950617284,,,947.6,,,948.0,,,0.0,,,False,,,False,,,0.9117283950617283,,,0.4,,,1.4,,,216.62345679012347,,,184.0,,,260.0,,,,16.830487804878047,,,16.1,,,17.7,,,14.853658536585366,,,14.2,,,15.3,,,18.573170731707318,,,17.0,,,20.0,,,942.1670731707317,,,942.0,,,942.4,,,0.0,,,False,,,False,,,0.6524390243902439,,,0.0,,,1.5,,,178.41463414634146,,,0.0,,,310.0,0.0,0.0,0.0,0.0,,,,,,,,,,,,,95.94433333333332,107.73678533138401,105.54654232804232,13.333333333333334,83.57323333333333,96.5764215028499,97.68065358527095,13.844444444444443
2024,23,OCO,Alpine,20.0,0.0,Retired,0,1,10.0,0.0,-15.0,-10.0,-0.6666666666666666,-0.1333333333333333,Qatar Grand Prix,10.0,12.5,5.0,0,1,1,2,47.0,13.454545454545457,2.136363636363636,0.2272727272727272,0.7727272727272727,12.933333333333334,3.066666666666667,0.2666666666666666,,,,6.0,8.0,,,,,,,,,,,,,,,,,,,,,,,,,,,,,,,,,,,,,,,,,,,,,,,,,,,,,,,,,,,,,,,,,,,,,,,,,,,,,,,,,,,,,,,,,,,,,,,,,,,,,,,,,,,,,,,,,,,,,,,,,,,,,,,,,,,,,,,,,,,,,,,,,,,,,,,,,,,,,,,,,,,,,,,,,,,,,,,,,,,,,,,,,,,,,,,,,,,,,,,,,,,,,,,,,,,,,,,,,,,,,,,,,,,,,,,,,,,,,,,,,,,,,,,,,,,,,,,,,,,
2025,1,OCO,Haas F1 Team,13.0,0.0,Finished,0,0,0.0,0.0,1.0,0.0,-1.2,-0.7333333333333333,Australian Grand Prix,0.0,13.5,13.0,0,0,2,2,0.0,,,,,,,,9.5,3.0,0.0,1.0,,,,,,,,,,,,,,,,,,,,,,,,,,,,,,,,,,,,,,,,,,,,,,,,,,,,,,,,,,,,,,,,,,,,,,,,,,,,,,,,,,,,,,,,,,,,,,,,,,,,,,,,,,,,,,,,,,,,,,,,,,,,,,,,,,,,,,,,,,,,,,,,,,,,,,,,,,,,,,,,,,,,,,,,,,,,,,,,,,,,,,,,,,,,,,,,,,,,,,,,,,,,,,,,,,,,,,,,,,,,,,,,,,,,,,,,,,,,,,,,,,,,,,,,,,,,,,,,,,,,
2025,2,OCO,Haas F1 Team,5.0,10.0,Finished,0,0,4.0,0.0,3.0,6.0,-1.0666666666666669,-0.6666666666666666,Chinese Grand Prix,14.0,6.5,5.0,0,0,2,2,0.0,13.5,0.0,0.0,1.0,13.5,0.0,0.0,13.0,1.0,0.0,8.0,8.0,,,,,,,,,,,,,,,,,,,,,,,,,,,,,,,,,,,,,,,,,,,,,,,,,,,,,,,,,,,,,,,,,,,,,,,,,,,,,,,,,,,,,,,,,,,,,,,,,,,,,,,,,,,,,,,,,,,,,,,,,,,,,,,,,,,,,,,,,,,,,,,,,,,,,,,,,,,,,,,,,,,,,,,,,,,,,,,,,,,,,,,,,,,,,,,,,,,,,,,,,,,,,,,,,,,,,,,,,,,,,,,,,,,,,,,,,,,,,,,,,,,,,,,,,,,,,,,,,,,
2025,3,OCO,Haas F1 Team,18.0,0.0,Finished,0,0,1.0,0.0,-8.0,-1.0,-0.8,-0.2,Japanese Grand Prix,1.0,14.0,10.0,0,0,2,2,14.0,10.0,7.0,0.0,1.0,10.0,7.0,0.0,12.0,0.0,0.0,5.0,4.0,,,,,,,,,,,,,,,,,,,,,,,,,,,,,,,,,,,,,,,,,,,,,,,,,,,,,,,,,,,,,,,,,,,,,,,,,,,,,,,,,,,,,,,,,,,,,,,,,,,,,,,,,,,,,,,,,,,,,,,,,,,,,,,,,,,,,,,,,,,,,,,,,,,,,,,,,,,,,,,,,,,,,,,,,,,,,,,,,,,,,,,,,,,,,,,,,,,,,,,,,,,,,,,,,,,,,,,,,,,,,,,,,,,,,,,,,,,,,,,,,,,,,,,,,,,,,,,,,,,
2025,4,OCO,Haas F1 Team,8.0,4.0,Finished,0,0,1.0,0.0,2.0,3.0,-1.2,-0.2,Bahrain Grand Prix,5.0,9.0,8.0,0,0,2,2,15.0,11.333333333333334,5.0,0.0,1.0,11.333333333333334,5.0,0.0,14.0,0.0,0.0,6.0,6.0,,,,,,,,,,,,,,,,,,,,,,,,,,,,,,,,,,,,,,,,,,,,,,,,,,,,,,,,,,,,,,,,,,,,,,,,,,,,,,,,,,,,,,,,,,,,,,,,,,,,,,,,,,,,,,,,,,,,,,,,,,,,,,,,,,,,,,,,,,,,,,,,,,,,,,,,,,,,,,,,,,,,,,,,,,,,,,,,,,,,,,,,,,,,,,,,,,,,,,,,,,,,,,,,,,,,,,,,,,,,,,,,,,,,,,,,,,,,,,,,,,,,,,,,,,,,,,,,,,,
2025,5,OCO,Haas F1 Team,14.0,0.0,Finished,0,0,0.0,0.0,-1.0,0.0,-1.3333333333333333,0.0,Saudi Arabian Grand Prix,0.0,13.5,13.0,0,0,2,2,20.0,10.75,5.0,0.0,1.0,10.75,5.0,0.0,11.0,1.0,0.0,5.0,5.0,,,,,,,,,,,,,,,,,,,,,,,,,,,,,,,,,,,,,,,,,,,,,,,,,,,,,,,,,,,,,,,,,,,,,,,,,,,,,,,,,,,,,,,,,,,,,,,,,,,,,,,,,,,,,,,,,,,,,,,,,,,,,,,,,,,,,,,,,,,,,,,,,,,,,,,,,,,,,,,,,,,,,,,,,,,,,,,,,,,,,,,,,,,,,,,,,,,,,,,,,,,,,,,,,,,,,,,,,,,,,,,,,,,,,,,,,,,,,,,,,,,,,,,,,,,,,,,,,,,
2025,6,OCO,Haas F1 Team,12.0,0.0,Finished,0,0,0.0,0.0,7.0,0.0,-1.5333333333333334,0.0,Miami Grand Prix,0.0,15.5,12.0,0,1,1,2,20.0,11.3,4.0,0.0,1.0,11.3,4.0,0.0,15.0,0.0,0.0,6.0,6.0,,,,,,,,,,,,,,,,,,,,,,,,,,,,,,,,,,,,,,,,,,,,,,,,,,,,,,,,,,,,,,,,,,,,,,,,,,,,,,,,,,,,,,,,,,,,,,,,,,,,,,,,,,,,,,,,,,,,,,,,,,,,,,,,,,,,,,,,,,,,,,,,,,,,,,,,,,,,,,,,,,,,,,,,,,,,,,,,,,,,,,,,,,,,,,,,,,,,,,,,,,,,,,,,,,,,,,,,,,,,,,,,,,,,,,,,,,,,,,,,,,,,,,,,,,,,,,,,,,,
2025,7,OCO,Haas F1 Team,20.0,0.0,Retired,0,1,0.0,0.0,-3.0,0.0,-1.3333333333333333,-0.1333333333333333,Emilia Romagna Grand Prix,0.0,18.5,17.0,0,1,1,2,20.0,12.0,3.333333333333333,0.1666666666666666,0.8333333333333334,12.0,3.333333333333333,0.1666666666666666,11.5,0.0,0.0,6.0,6.0,,,,,,,,,,,,,,,,,,,,,,,,,,,,,,,,,,,,,,,,,,,,,,,,,,,,,,,,,,,,,,,,,,,,,,,,,,,,,,,,,,,,,,,,,,,,,,,,,,,,,,,,,,,,,,,,,,,,,,,,,,,,,,,,,,,,,,,,,,,,,,,,,,,,,,,,,,,,,,,,,,,,,,,,,,,,,,,,,,,,,,,,,,,,,,,,,,,,,,,,,,,,,,,,,,,,,,,,,,,,,,,,,,,,,,,,,,,,,,,,,,,,,,,,,,,,,,,,,,,
2025,8,OCO,Haas F1 Team,7.0,6.0,Lapped,0,1,0.0,0.0,5.0,6.0,-1.1333333333333333,0.0,Monaco Grand Prix,6.0,9.5,7.0,0,0,2,2,20.0,12.928571428571429,2.857142857142857,0.2857142857142857,0.7142857142857143,12.928571428571429,2.857142857142857,0.2857142857142857,19.5,0.0,0.0,6.0,6.0,,,,,,,,,,,,,,,,,,,,,,,,,,,,,,,,,,,,,,,,,,,,,,,,,,,,,,,,,,,,,,,,,,,,,,,,,,,,,,,,,,,,,,,,,,,,,,,,,,,,,,,,,,,,,,,,,,,,,,,,,,,,,,,,,,,,,,,,,,,,,,,,,,,,,,,,,,,,,,,,,,,,,,,,,,,,,,,,,,,,,,,,,,,,,,,,,,,,,,,,,,,,,,,,,,,,,,,,,,,,,,,,,,,,,,,,,,,,,,,,,,,,,,,,,,,,,,,,,,,
2025,9,OCO,Haas F1 Team,16.0,0.0,Finished,0,0,0.0,0.0,1.0,0.0,-0.8666666666666667,0.4,Spanish Grand Prix,0.0,16.5,16.0,0,0,2,2,26.0,12.5,3.25,0.25,0.75,12.5,3.25,0.25,14.0,0.0,0.0,6.0,6.0,,,,,,,,,,,,,,,,,,,,,,,,,,,,,,,,,,,,,,,,,,,,,,,,,,,,,,,,,,,,,,,,,,,,,,,,,,,,,,,,,,,,,,,,,,,,,,,,,,,,,,,,,,,,,,,,,,,,,,,,,,,,,,,,,,,,,,,,,,,,,,,,,,,,,,,,,,,,,,,,,,,,,,,,,,,,,,,,,,,,,,,,,,,,,,,,,,,,,,,,,,,,,,,,,,,,,,,,,,,,,,,,,,,,,,,,,,,,,,,,,,,,,,,,,,,,,,,,,,,
2024,1,PER,Red Bull Racing,2.0,18.0,Finished,1,0,26.0,1.0,-1.0,-8.0,,,Bahrain Grand Prix,44.0,1.5,1.0,2,0,2,2,0.0,,,,,,,,,,,1.0,,Bahrain Grand Prix,93.413,,,104.1743846153846,,,98.34433333333334,,,0.4056928230406237,,,12.0,,,,91.115,,,98.09183333333334,,,99.43419999999999,,,7.260985905115482,,,10.0,,,,91.248,,,111.03885714285714,,,116.6685,,,29.553485034199717,,,8.0,34.21585365853659,,,31.9,,,36.0,,,19.373170731707315,,,19.0,,,19.8,,,38.74390243902439,,,36.0,,,41.0,,,1016.1012195121951,,,1015.9,,,1016.3,,,0.0,,,False,,,False,,,3.3780487804878048,,,2.1,,,4.7,,,66.45121951219512,,,35.0,,,109.0,,,,22.098780487804877,,,21.1,,,23.4,,,17.24756097560976,,,17.1,,,17.4,,,39.02439024390244,,,34.0,,,46.0,,,1017.2317073170732,,,1017.0,,,1017.6,,,0.0,,,False,,,False,,,2.2817073170731708,,,1.2,,,3.5,,,82.76829268292683,,,41.0,,,134.0,,,,32.01341463414634,,,29.2,,,35.2,,,20.259756097560977,,,19.9,,,20.6,,,35.71951219512195,,,30.0,,,41.0,,,1017.720731707317,,,1017.4,,,1018.0,,,0.0,,,False,,,False,,,2.778048780487805,,,1.6,,,4.0,,,54.5,,,28.0,,,85.0,0.0,0.0,0.0,0.0,,,,,,,,,,,,,91.92533333333334,104.43502503052503,104.81567777777776,10.0,,,,
2024,2,PER,Red Bull Racing,2.0,18.0,Finished,1,0,25.0,1.0,-1.0,-7.0,-1.0,-8.0,Saudi Arabian Grand Prix,43.0,1.5,1.0,2,0,2,2,44.0,1.5,44.0,0.0,1.0,1.5,44.0,0.0,,,,1.0,1.0,Saudi Arabian Grand Prix,89.868,,,103.95076923076925,,,103.02575,,,16.12840466123871,,,3.0,,,,89.3,,,93.75872222222222,,,94.53620000000001,,,0.400665731715891,,,5.0,,,,88.906,,,100.8388,,,103.822,,,28.504021190000547,,,3.0,39.70125,,,38.2,,,41.9,,,26.754999999999995,,,26.4,,,27.1,,,57.575,,,53.0,,,61.0,,,1012.2375,,,1012.0,,,1012.5,,,0.0,,,False,,,False,,,4.80625,,,3.2,,,6.8,,,24.6125,,,1.0,,,41.0,,,,30.59677419354838,,,29.2,,,31.5,,,25.370967741935488,,,25.2,,,25.6,,,59.784946236559136,,,58.0,,,63.0,,,1013.7204301075269,,,1013.2,,,1014.1,,,0.0,,,False,,,False,,,2.4010752688172046,,,0.6,,,4.1,,,92.86021505376344,,,0.0,,,360.0,,,,39.558536585365864,,,37.3,,,43.5,,,25.98414634146341,,,25.6,,,26.3,,,60.34146341463415,,,57.0,,,63.0,,,1012.940243902439,,,1012.7,,,1013.4,,,0.0,,,False,,,False,,,4.16219512195122,,,2.1,,,5.8,,,23.451219512195124,,,0.0,,,54.0,0.0,0.0,0.0,0.0,,,,,,,,,,,,,89.358,99.51609715099715,100.46131666666668,3.6666666666666665,91.92533333333334,104.43502503052503,104.81567777777776,10.0
2024,3,PER,Red Bull Racing,5.0,10.0,Finished,0,0,0.0,0.0,14.0,10.0,-1.0,-7.5,Australian Grand Prix,10.0,12.0,5.0,0,1,1,2,87.0,1.5,43.5,0.0,1.0,1.5,43.5,0.0,,,,1.0,1.0,Australian Grand Prix,78.642,,,103.0314,,,103.92960000000001,,,32.6102245055136,,,6.0,,,,78.09,,,91.27968181818183,,,83.9897,,,1.4401091046630246,,,8.0,,,,77.014,,,89.77583333333332,,,83.26700000000001,,,0.5133772708469133,,,7.0,33.70987654320987,,,29.9,,,36.8,,,18.469135802469136,,,18.0,,,19.0,,,61.01234567901235,,,55.0,,,64.0,,,1023.5641975308641,,,1023.2,,,1023.9,,,0.0,,,False,,,False,,,1.262962962962963,,,0.5,,,2.7,,,142.54320987654322,,,0.0,,,342.0,,,,36.15731707317073,,,34.0,,,38.3,,,20.157317073170734,,,20.0,,,20.4,,,56.926829268292686,,,55.0,,,58.0,,,1022.0512195121953,,,1021.8,,,1022.2,,,0.0,,,False,,,False,,,1.803658536585366,,,0.7,,,3.0,,,147.47560975609755,,,0.0,,,354.0,,,,27.669135802469132,,,25.2,,,31.0,,,18.27283950617284,,,17.9,,,18.8,,,59.39506172839506,,,56.0,,,62.0,,,1025.324691358025,,,1025.0,,,1025.6,,,0.0,,,False,,,False,,,1.4333333333333333,,,0.5,,,2.8,,,133.25925925925927,,,0.0,,,346.0,0.0,0.0,0.0,0.0,,,,,,,,,,,,,77.91533333333332,94.69563838383839,90.39543333333334,7.0,90.64166666666668,101.97556109076109,102.63849722222221,6.833333333333333
2024,4,PER,Red Bull Racing,2.0,18.0,Finished,1,0,26.0,1.0,-1.0,-8.0,4.0,-1.6666666666666667,Japanese Grand Prix,44.0,1.5,1.0,2,0,2,2,97.0,5.0,32.333333333333336,0.3333333333333333,0.6666666666666667,5.0,32.333333333333336,0.3333333333333333,,,,1.0,2.0,Japanese Grand Prix,90.237,,,104.013625,,,108.19633333333333,,,27.00042578059342,,,2.0,,,,,,,,,,,,,,,,,,,,89.832,,,108.19877777777778,,,96.686125,,,0.3185042890493934,,,2.0,24.296249999999997,,,22.9,,,25.8,,,16.566250000000004,,,15.4,,,17.2,,,42.6875,,,35.0,,,53.0,,,1013.31125,,,1012.9,,,1013.6,,,0.0,,,False,,,False,,,1.3625,,,0.4,,,3.0,,,178.175,,,10.0,,,359.0,,,,16.752325581395347,,,16.2,,,18.1,,,13.02093023255814,,,12.5,,,14.1,,,72.95348837209302,,,60.0,,,80.0,,,1013.4674418604648,,,1013.3,,,1013.7,,,0.20930232558139536,,,False,,,True,,,1.0046511627906978,,,0.0,,,1.9,,,157.5,,,0.0,,,218.0,,,,26.660759493670884,,,24.2,,,29.6,,,17.38227848101266,,,16.7,,,17.9,,,66.10126582278481,,,62.0,,,69.0,,,1015.8417721518989,,,1015.0,,,1016.5,,,0.0,,,False,,,False,,,1.3746835443037975,,,0.4,,,2.5,,,171.72151898734177,,,0.0,,,358.0,0.0,0.0,0.0,0.0,,,,,,,,,,,,,90.0345,106.10620138888889,102.44122916666666,2.0,86.39955555555555,99.54892018845352,98.55747592592593,6.888888888888888
2024,5,PER,Red Bull Racing,3.0,15.0,Finished,1,0,25.0,1.0,-2.0,-10.0,2.75,-3.25,Chinese Grand Prix,40.0,2.0,1.0,2,0,2,2,141.0,4.125,35.25,0.25,0.75,4.125,35.25,0.25,,,,1.0,2.0,Chinese Grand Prix,96.69,,,104.88471428571428,,,102.90828571428571,,,0.24715697730101194,,,4.0,,,,,,,,,,,,,,,,,,,,,,,,,,,,,,,,,39.46829268292684,,,38.2,,,42.1,,,23.142682926829266,,,22.3,,,23.8,,,22.865853658536587,,,21.0,,,25.0,,,1009.3329268292683,,,1008.5,,,1010.1,,,0.0,,,False,,,False,,,1.3536585365853657,,,0.0,,,3.2,,,146.96341463414635,,,0.0,,,356.0,,,,,,,,,,,,,,,,,,,,,,,,,,,,,,,,,,,,,,,,,,,,,,,,,,,,,,,,,,,,,,,,,,,,,,,,,,,,,,,,,,,,,,,,,,,,,,,,,,,,,,,,,,,,,,,,,,,,,,,,,,,,,,,,,1.0,0.0,0.0,0.0,,,,,,,,,,,,,96.69,104.88471428571428,102.90828571428571,4.0,87.30829166666666,101.18824048856237,99.5284142361111,5.666666666666666
2024,6,PER,Red Bull Racing,4.0,12.0,Finished,0,0,18.0,1.0,-2.0,-6.0,1.8,-4.6,Miami Grand Prix,30.0,3.0,2.0,1,0,2,2,181.0,3.7,36.2,0.2,0.8,3.7,36.2,0.2,,,,1.0,2.0,Miami Grand Prix,88.868,,,95.06916666666666,,,93.16325,,,0.921948208957528,,,6.0,,,,,,,,,,,,,,,,,,,,,,,,,,,,,,,,,49.958441558441564,,,43.4,,,54.9,,,28.780519480519484,,,28.3,,,29.3,,,56.27272727272727,,,53.0,,,59.0,,,1015.31038961039,,,1015.0,,,1015.6,,,0.0,,,False,,,False,,,3.0090909090909084,,,1.3,,,4.7,,,160.14285714285714,,,99.0,,,197.0,,,,,,,,,,,,,,,,,,,,,,,,,,,,,,,,,,,,,,,,,,,,,,,,,,,,,,,,,,,,,,,,,,,,,,,,,,,,,,,,,,,,,,,,,,,,,,,,,,,,,,,,,,,,,,,,,,,,,,,,,,,,,,,,,1.0,0.0,0.0,0.0,,,,,,,,,,,,,88.868,95.06916666666666,93.16325,6.0,89.18463333333332,101.92753524799275,100.20438853174603,5.333333333333333
2024,7,PER,Red Bull Racing,8.0,4.0,Finished,0,0,25.0,1.0,-7.0,-21.0,1.1666666666666667,-4.833333333333333,Emilia Romagna Grand Prix,29.0,4.5,1.0,1,0,2,2,211.0,3.583333333333333,35.166666666666664,0.1666666666666666,0.8333333333333334,3.583333333333333,35.166666666666664,0.1666666666666666,,,,1.0,1.0,Emilia Romagna Grand Prix,77.233,,,98.08428571428571,,,94.3304,,,18.198726859316285,,,4.0,,,,76.552,,,92.39993333333334,,,88.96055555555556,,,22.69098388188088,,,8.0,,,,76.631,,,88.82570000000001,,,100.86775,,,27.408055596545577,,,12.0,43.45443037974684,,,42.6,,,44.5,,,23.972151898734175,,,23.3,,,24.6,,,32.53164556962025,,,30.0,,,35.0,,,1006.8518987341771,,,1006.6,,,1007.1,,,0.0,,,False,,,False,,,3.951898734177215,,,2.3,,,5.3,,,301.0506329113924,,,239.0,,,338.0,,,,36.84230769230769,,,35.1,,,39.0,,,24.379487179487178,,,24.0,,,24.7,,,33.94871794871795,,,29.0,,,36.0,,,1006.4525641025638,,,1006.2,,,1006.7,,,0.0,,,False,,,False,,,2.5230769230769234,,,0.5,,,4.6,,,284.1923076923077,,,2.0,,,350.0,,,,44.48076923076923,,,42.4,,,45.9,,,23.603846153846156,,,23.0,,,24.3,,,41.32051282051282,,,39.0,,,44.0,,,1009.2435897435897,,,1008.9,,,1009.5,,,0.0,,,False,,,False,,,1.9025641025641027,,,0.7,,,3.8,,,137.17948717948718,,,0.0,,,354.0,0.0,0.0,0.0,0.0,,,,,,,,,,,,,76.80533333333334,93.10330634920633,94.71956851851853,8.0,89.1318611111111,100.78447381777174,99.03086544312168,5.444444444444444
2024,8,PER,Red Bull Racing,18.0,0.0,Retired,0,1,8.0,0.0,-12.0,-8.0,0.0,-7.142857142857143,Monaco Grand Prix,8.0,12.0,6.0,0,1,1,2,240.0,3.7142857142857135,34.285714285714285,0.1428571428571428,0.8571428571428572,3.7142857142857135,34.285714285714285,0.1428571428571428,,,,1.0,1.0,Monaco Grand Prix,73.229,,,84.84582352941176,,,80.054,,,6.138305439342901,,,12.0,,,,72.099,,,83.64317391304347,,,82.88055555555555,,,17.801089588218407,,,8.0,,,,71.923,,,97.64931250000001,,,98.00775,,,21.146661328851486,,,5.0,35.56103896103896,,,32.5,,,38.6,,,20.71688311688312,,,19.9,,,21.5,,,66.72727272727273,,,61.0,,,72.0,,,1018.2766233766234,,,1017.7,,,1018.7,,,0.09090909090909091,,,False,,,True,,,0.7467532467532466,,,0.0,,,1.5,,,156.16883116883116,,,0.0,,,359.0,,,,31.30246913580247,,,29.9,,,32.5,,,20.76172839506173,,,20.2,,,21.3,,,66.44444444444444,,,63.0,,,70.0,,,1017.1432098765433,,,1016.8,,,1017.5,,,0.0,,,False,,,False,,,0.7901234567901234,,,0.0,,,1.7,,,144.09876543209876,,,0.0,,,348.0,,,,46.86202531645569,,,45.0,,,48.5,,,21.67468354430379,,,21.3,,,22.0,,,57.40506329113924,,,55.0,,,61.0,,,1017.5379746835443,,,1017.4,,,1017.7,,,0.0,,,False,,,False,,,0.8240506329113924,,,0.0,,,1.6,,,190.30379746835442,,,0.0,,,359.0,0.0,0.0,0.0,0.0,,,,,,,,,,,,,72.417,88.71276998081841,86.98076851851852,8.333333333333334,87.37092857142856,99.68716417940524,98.4149658824641,5.809523809523809
2024,9,PER,Red Bull Racing,18.0,0.0,Retired,0,1,25.0,1.0,-17.0,-25.0,-1.5,-7.25,Canadian Grand Prix,25.0,9.5,1.0,1,1,1,2,248.0,4.75,31.0,0.25,0.75,4.75,31.0,0.25,,,,1.0,2.0,Canadian Grand Prix,88.058,,,90.88833333333334,,,90.39725,,,2.2862419491383723,,,9.0,,,,77.041,,,94.04141666666668,,,98.51162500000001,,,15.694346160662892,,,10.0,,,,73.342,,,85.52382608695653,,,79.40664285714286,,,1.2826642109383064,,,9.0,28.68205128205127,,,25.5,,,32.2,,,18.237179487179485,,,17.2,,,19.3,,,83.57692307692308,,,77.0,,,89.0,,,998.6589743589747,,,998.2,,,999.5,,,0.1794871794871795,,,False,,,True,,,1.2474358974358977,,,0.0,,,2.8,,,226.64102564102564,,,0.0,,,355.0,,,,25.546249999999997,,,23.8,,,27.1,,,18.99625,,,18.1,,,19.6,,,68.5,,,64.0,,,72.0,,,999.23375,,,998.8,,,999.7,,,0.8875,,,False,,,True,,,1.2925,,,0.3,,,2.9,,,151.95,,,0.0,,,337.0,,,,36.4,,,32.2,,,39.1,,,20.854320987654322,,,19.9,,,21.6,,,61.925925925925924,,,59.0,,,64.0,,,1000.5185185185185,,,1000.2,,,1000.8,,,0.0,,,False,,,False,,,1.6790123456790123,,,0.8,,,2.9,,,157.17283950617283,,,0.0,,,348.0,0.0,0.0,0.0,0.0,,,,,,,,,,,,,79.48033333333332,90.15119202898552,89.43850595238096,9.333333333333334,85.5016875,98.3153649045819,96.9856912119709,6.125
2024,10,PER,Red Bull Racing,8.0,4.0,Finished,0,0,25.0,1.0,-7.0,-21.0,-3.2222222222222223,-9.22222222222222,Spanish Grand Prix,29.0,4.5,1.0,1,0,2,2,273.0,5.277777777777778,30.33333333333333,0.3333333333333333,0.6666666666666667,5.277777777777778,30.33333333333333,0.3333333333333333,,,,1.0,3.0,Spanish Grand Prix,74.692,,,84.9481052631579,,,81.09425,,,0.9252415040999277,,,5.0,,,,74.081,,,83.81176923076922,,,86.4515,,,16.8105588330007,,,13.0,,,,73.723,,,84.23300000000002,,,106.957,,,39.14967404717438,,,7.0,47.092592592592595,,,45.3,,,48.0,,,28.16543209876543,,,27.5,,,28.5,,,33.666666666666664,,,29.0,,,38.0,,,1004.3987654320988,,,1004.1,,,1004.6,,,0.0,,,False,,,False,,,2.0950617283950614,,,0.0,,,3.5,,,214.14814814814815,,,0.0,,,276.0,,,,43.05185185185185,,,41.2,,,44.2,,,24.86543209876543,,,24.5,,,25.6,,,49.901234567901234,,,45.0,,,56.0,,,1004.495061728395,,,1004.3,,,1004.7,,,0.0,,,False,,,False,,,1.8407407407407406,,,0.8,,,2.9,,,205.08641975308643,,,0.0,,,340.0,,,,43.355000000000004,,,38.9,,,46.3,,,26.441250000000004,,,26.0,,,26.9,,,57.7125,,,47.0,,,62.0,,,1004.5975000000001,,,1004.3,,,1005.0,,,0.0,,,False,,,False,,,1.6612500000000001,,,0.4,,,2.7,,,218.975,,,0.0,,,355.0,0.0,0.0,0.0,0.0,,,,,,,,,,,,,74.16533333333332,84.33095816464237,91.50091666666667,8.333333333333334,84.83264814814815,97.40823458507118,96.14711507201646,6.481481481481482
2024,11,PER,Red Bull Racing,7.0,6.0,Finished,0,0,10.0,0.0,-2.0,-4.0,-3.6,-10.4,Austrian Grand Prix,16.0,6.0,5.0,0,0,2,2,302.0,5.2,30.2,0.3,0.7,5.2,30.2,0.3,,,,1.0,3.0,Austrian Grand Prix,66.783,,,77.96985714285714,,,71.0315,,,0.7185303751408207,,,12.0,,,,,,,,,,,,,,,,,,,,,,,,,,,,,,,,,36.88354430379747,,,30.7,,,42.5,,,23.24430379746836,,,21.9,,,24.5,,,59.54430379746835,,,56.0,,,64.0,,,940.7518987341775,,,940.5,,,940.9,,,0.0,,,False,,,False,,,2.6,,,0.7,,,4.0,,,104.36708860759494,,,0.0,,,142.0,,,,,,,,,,,,,,,,,,,,,,,,,,,,,,,,,,,,,,,,,,,,,,,,,,,,,,,,,,,,,,,,,,,,,,,,,,,,,,,,,,,,,,,,,,,,,,,,,,,,,,,,,,,,,,,,,,,,,,,,,,,,,,,,,1.0,0.0,0.0,0.0,,,,,,,,,,,,,66.783,77.96985714285714,71.0315,12.0,83.76591666666666,96.10050694302831,95.68249523148148,6.666666666666667
2024,12,PER,Red Bull Racing,17.0,0.0,Lapped,0,1,18.0,1.0,-15.0,-18.0,-3.4545454545454546,-9.818181818181818,British Grand Prix,18.0,9.5,2.0,1,0,2,2,318.0,5.2727272727272725,28.90909090909091,0.2727272727272727,0.7272727272727273,5.2727272727272725,28.90909090909091,0.2727272727272727,,,,1.0,1.0,British Grand Prix,,,,,,,,,,,,,,,,,86.983,,,98.64715384615383,,,93.186,,,0.9162807975724472,,,3.0,,,,99.284,,,107.12809999999999,,,106.41514285714287,,,8.118506952812021,,,9.0,24.554320987654318,,,21.2,,,28.1,,,16.386419753086418,,,15.6,,,17.2,,,75.61728395061728,,,72.0,,,81.0,,,989.422222222222,,,989.2,,,989.6,,,0.0,,,False,,,False,,,1.3691358024691358,,,0.3,,,3.2,,,213.44444444444446,,,0.0,,,353.0,,,,29.296296296296298,,,25.0,,,32.7,,,18.319753086419755,,,17.5,,,18.9,,,67.5679012345679,,,61.0,,,74.0,,,987.8740740740741,,,987.4,,,988.5,,,0.1728395061728395,,,False,,,True,,,1.7185185185185183,,,0.5,,,2.9,,,223.8148148148148,,,0.0,,,289.0,,,,16.291463414634144,,,15.7,,,17.7,,,11.173170731707318,,,10.7,,,11.6,,,89.42682926829268,,,87.0,,,92.0,,,984.439024390244,,,983.7,,,985.1,,,0.6585365853658537,,,False,,,True,,,2.296341463414634,,,1.0,,,4.2,,,233.8170731707317,,,0.0,,,277.0,0.0,0.0,0.0,0.0,,,,,,,,,,,,,93.1335,102.88762692307691,99.80057142857143,6.0,82.22201515151515,94.45226605210365,93.44149566498317,7.151515151515152
2024,13,PER,Red Bull Racing,7.0,6.0,Finished,0,0,10.0,0.0,-2.0,-4.0,-4.416666666666667,-10.5,Hungarian Grand Prix,16.0,6.0,5.0,0,0,2,2,336.0,5.625,28.0,0.25,0.75,5.625,28.0,0.25,,,,1.0,2.0,Hungarian Grand Prix,79.44,,,98.51050000000001,,,96.88666666666667,,,29.70643974516862,,,11.0,,,,78.255,,,90.28958333333333,,,92.084875,,,22.004584064219117,,,4.0,,,,76.954,,,81.91164285714285,,,83.4476,,,0.2665675649186647,,,13.0,58.49878048780489,,,56.9,,,60.6,,,31.00487804878049,,,30.4,,,31.8,,,38.0,,,34.0,,,40.0,,,990.5731707317075,,,990.1,,,991.0,,,0.0,,,False,,,False,,,1.2621951219512195,,,0.3,,,3.8,,,207.78048780487805,,,0.0,,,345.0,,,,45.81975308641975,,,41.5,,,49.8,,,31.196296296296293,,,30.5,,,31.9,,,37.17283950617284,,,35.0,,,40.0,,,988.1012345679012,,,987.7,,,988.6,,,0.0,,,False,,,False,,,1.008641975308642,,,0.0,,,2.5,,,162.4320987654321,,,0.0,,,284.0,,,,39.0575,,,36.9,,,41.3,,,26.839999999999996,,,26.6,,,27.1,,,42.9375,,,42.0,,,44.0,,,984.8787500000001,,,984.6,,,985.2,,,0.0,,,False,,,False,,,0.92875,,,0.0,,,1.9,,,218.125,,,0.0,,,338.0,0.0,0.0,0.0,0.0,,,,,,,,,,,,,78.21633333333334,90.23724206349205,90.80638055555555,9.333333333333334,83.13130555555556,95.15521279135142,93.97141864528218,7.055555555555556
2024,14,PER,Red Bull Racing,7.0,7.0,Finished,0,0,12.0,0.0,-3.0,-5.0,-4.230769230769231,-10.0,Belgian Grand Prix,19.0,5.5,4.0,0,0,2,2,352.0,5.653846153846154,27.07692307692308,0.2307692307692307,0.7692307692307692,5.653846153846154,27.07692307692308,0.2307692307692307,,,,1.0,3.0,Belgian Grand Prix,104.329,,,109.21481818181816,,,111.13257142857142,,,1.6492683081842547,,,7.0,,,,103.504,,,108.97313333333334,,,110.2475,,,0.8778773469930894,,,9.0,,,,127.103,,,127.103,,,127.103,,,,,,10.0,38.3867469879518,,,35.2,,,40.9,,,22.012048192771083,,,21.4,,,22.5,,,60.855421686746986,,,58.0,,,65.0,,,964.7867469879518,,,964.5,,,965.0,,,0.012048192771084338,,,False,,,True,,,1.5518072289156624,,,0.0,,,4.0,,,156.0120481927711,,,0.0,,,359.0,,,,35.19024390243902,,,33.3,,,36.9,,,21.78170731707317,,,21.2,,,22.2,,,64.3048780487805,,,62.0,,,67.0,,,965.0170731707318,,,964.8,,,965.2,,,0.0,,,False,,,False,,,1.2378048780487805,,,0.4,,,2.7,,,134.90243902439025,,,0.0,,,358.0,,,,21.782926829268295,,,21.2,,,22.9,,,18.108536585365854,,,17.8,,,18.7,,,92.91463414634147,,,89.0,,,96.0,,,965.8914634146339,,,965.7,,,966.0,,,0.8902439024390244,,,False,,,True,,,1.423170731707317,,,0.5,,,2.4,,,156.6829268292683,,,102.0,,,244.0,0.0,0.0,0.0,0.0,,,,,,,,,,,,,111.64533333333333,115.09698383838384,116.1610238095238,8.666666666666666,82.75323076923077,94.77690735074685,93.72795417684168,7.230769230769231
2024,15,PER,Red Bull Racing,6.0,8.0,Finished,0,0,18.0,1.0,-4.0,-10.0,-4.142857142857143,-9.642857142857142,Dutch Grand Prix,26.0,4.0,2.0,1,0,2,2,371.0,5.642857142857143,26.5,0.2142857142857142,0.7857142857142857,5.642857142857143,26.5,0.2142857142857142,,,,1.0,3.0,Dutch Grand Prix,74.279,,,84.09960000000001,,,84.0996,,,11.968758991641533,,,12.0,,,,71.581,,,87.78061904761906,,,80.715,,,12.891656500750138,,,12.0,,,,,,,,,,,,,,,,,21.725925925925925,,,20.3,,,23.8,,,20.233333333333334,,,19.4,,,21.3,,,83.87654320987654,,,75.0,,,92.0,,,1003.335802469136,,,1002.6,,,1004.1,,,0.14814814814814814,,,False,,,True,,,7.109876543209876,,,4.7,,,9.6,,,223.8395061728395,,,204.0,,,242.0,,,,31.169620253164563,,,29.8,,,31.9,,,21.37721518987342,,,21.1,,,21.6,,,62.51898734177215,,,60.0,,,65.0,,,1006.8721518987339,,,1006.2,,,1007.4,,,0.0,,,False,,,False,,,5.472151898734178,,,4.3,,,7.0,,,207.31645569620252,,,187.0,,,230.0,,,,21.572151898734177,,,19.3,,,25.1,,,19.350632911392406,,,17.5,,,21.4,,,94.20253164556962,,,88.0,,,96.0,,,1004.4113924050635,,,1004.0,,,1004.7,,,0.21518987341772153,,,False,,,True,,,1.9759493670886072,,,0.0,,,3.5,,,209.34177215189874,,,0.0,,,244.0,0.0,0.0,0.0,0.0,,,,,,,,,,,,,72.93,85.94010952380953,82.40729999999999,12.0,84.81695238095237,96.22834138557808,95.33031629346182,7.333333333333334
2024,16,PER,Red Bull Racing,8.0,4.0,Finished,0,0,8.0,0.0,-2.0,-4.0,-4.133333333333334,-9.666666666666666,Italian Grand Prix,12.0,7.0,6.0,0,0,2,2,397.0,5.533333333333333,26.466666666666665,0.2,0.8,5.533333333333333,26.466666666666665,0.2,,,,1.0,3.0,Italian Grand Prix,82.311,,,108.02300000000001,,,102.63714285714286,,,29.853536520980622,,,9.0,,,,81.678,,,88.726375,,,91.06916666666666,,,14.350933466735412,,,15.0,,,,81.287,,,92.99357142857141,,,85.404125,,,0.7488342249313762,,,18.0,50.81358024691359,,,48.7,,,52.1,,,32.7641975308642,,,32.2,,,33.4,,,38.135802469135804,,,36.0,,,40.0,,,996.3456790123457,,,995.9,,,996.7,,,0.0,,,False,,,False,,,1.0333333333333334,,,0.0,,,2.1,,,192.23456790123456,,,0.0,,,357.0,,,,44.350632911392395,,,41.6,,,48.0,,,34.029113924050634,,,33.7,,,34.4,,,32.177215189873415,,,31.0,,,34.0,,,994.7316455696205,,,994.5,,,995.0,,,0.0,,,False,,,False,,,1.092405063291139,,,0.0,,,2.9,,,213.26582278481013,,,0.0,,,357.0,,,,46.333333333333336,,,43.3,,,48.5,,,31.627160493827162,,,30.9,,,32.4,,,41.7037037037037,,,35.0,,,46.0,,,997.4049382716049,,,997.2,,,997.6,,,0.0,,,False,,,False,,,1.1246913580246913,,,0.0,,,2.3,,,206.4814814814815,,,0.0,,,351.0,0.0,0.0,0.0,0.0,,,,,,,,,,,,,81.75866666666667,96.58098214285714,93.03681150793652,14.0,84.0244888888889,95.54245926146017,94.46878187389771,7.644444444444445
2024,17,PER,Red Bull Racing,17.0,0.0,Retired,0,1,10.0,0.0,-12.0,-10.0,-4.2,-9.4,Azerbaijan Grand Prix,10.0,11.0,5.0,0,1,1,2,409.0,5.625,25.5625,0.1875,0.8125,5.9,24.33333333333333,0.2,,,,2.0,3.0,Azerbaijan Grand Prix,105.922,,,112.93083333333334,,,119.60166666666667,,,17.380646056269992,,,3.0,,,,103.49,,,111.828,,,109.52488888888888,,,1.0535831059347478,,,2.0,,,,103.024,,,120.18599999999999,,,122.30499999999999,,,18.25432623608259,,,7.0,43.68478260869565,,,39.8,,,46.2,,,29.195652173913032,,,28.0,,,30.6,,,39.09782608695652,,,26.0,,,50.0,,,1015.1771739130434,,,1014.9,,,1015.6,,,0.0,,,False,,,False,,,1.6956521739130432,,,0.5,,,3.5,,,119.3695652173913,,,0.0,,,353.0,,,,36.34878048780487,,,32.9,,,41.2,,,28.52926829268293,,,27.5,,,29.2,,,33.09756097560975,,,27.0,,,47.0,,,1015.0731707317074,,,1014.8,,,1015.3,,,0.0,,,False,,,False,,,1.224390243902439,,,0.0,,,2.6,,,115.8170731707317,,,0.0,,,358.0,,,,31.889024390243897,,,31.0,,,33.1,,,26.991463414634143,,,26.7,,,27.3,,,39.40243902439025,,,35.0,,,44.0,,,1016.6475609756096,,,1016.3,,,1016.9,,,0.35365853658536583,,,False,,,True,,,0.7658536585365854,,,0.0,,,1.7,,,125.02439024390245,,,0.0,,,357.0,0.0,0.0,0.0,0.0,,,,,,,,,,,,,104.14533333333333,114.98161111111112,117.14385185185186,4.0,83.3467111111111,95.01885640228231,93.68352412257495,7.911111111111111
2024,18,PER,Red Bull Racing,10.0,1.0,Lapped,0,1,18.0,1.0,-8.0,-17.0,-4.933333333333334,-9.6,Singapore Grand Prix,19.0,6.0,2.0,1,0,2,2,419.0,5.941176470588236,24.647058823529413,0.2352941176470588,0.7647058823529411,6.533333333333333,22.133333333333333,0.2666666666666666,,,,2.0,3.0,Singapore Grand Prix,92.767,,,114.64207142857143,,,106.5675,,,16.955955411005295,,,14.0,,,,91.598,,,102.64899999999999,,,103.51566666666666,,,10.682489047501992,,,8.0,,,,91.44,,,98.70266666666667,,,104.50133333333333,,,19.00320292301625,,,15.0,37.114999999999995,,,35.6,,,38.8,,,31.35,,,31.2,,,31.5,,,64.4375,,,63.0,,,67.0,,,1005.6075000000001,,,1005.3,,,1005.9,,,0.0,,,False,,,False,,,2.44875,,,1.2,,,3.4,,,187.9,,,177.0,,,214.0,,,,32.95000000000001,,,32.3,,,33.6,,,30.181707317073165,,,30.0,,,30.3,,,73.98780487804878,,,73.0,,,75.0,,,1008.1158536585366,,,1007.8,,,1008.6,,,0.0,,,False,,,False,,,1.6597560975609755,,,1.1,,,2.4,,,203.09756097560975,,,171.0,,,222.0,,,,37.0670731707317,,,34.9,,,38.6,,,30.06219512195122,,,29.9,,,30.2,,,75.13414634146342,,,74.0,,,77.0,,,1006.7951219512195,,,1006.6,,,1007.0,,,0.0,,,False,,,False,,,0.4817073170731707,,,0.0,,,1.5,,,199.15853658536585,,,0.0,,,323.0,0.0,0.0,0.0,0.0,,,,,,,,,,,,,91.935,105.33124603174603,104.86149999999999,12.333333333333334,84.33253333333333,96.04989066628991,94.79569313492064,7.933333333333334
2024,19,PER,Red Bull Racing,7.0,6.0,Finished,0,0,15.0,1.0,-4.0,-9.0,-6.4,-11.4,United States Grand Prix,21.0,5.0,3.0,1,0,2,2,438.0,5.944444444444445,24.33333333333333,0.2222222222222222,0.7777777777777778,6.133333333333334,22.73333333333333,0.2,,,,2.0,3.0,United States Grand Prix,94.638,,,108.10385714285714,,,107.27866666666667,,,18.326864212588767,,,16.0,,,,,,,,,,,,,,,,,,,,,,,,,,,,,,,,,36.703703703703695,,,33.9,,,38.7,,,25.27777777777778,,,23.5,,,26.4,,,52.24691358024691,,,47.0,,,56.0,,,1004.1839506172839,,,1003.5,,,1005.0,,,0.0,,,False,,,False,,,3.34074074074074,,,1.4,,,5.4,,,158.8641975308642,,,128.0,,,186.0,,,,,,,,,,,,,,,,,,,,,,,,,,,,,,,,,,,,,,,,,,,,,,,,,,,,,,,,,,,,,,,,,,,,,,,,,,,,,,,,,,,,,,,,,,,,,,,,,,,,,,,,,,,,,,,,,,,,,,,,,,,,,,,,,1.0,0.0,0.0,0.0,,,,,,,,,,,,,94.638,108.10385714285714,107.27866666666667,16.0,85.26717777777777,96.7589311761504,95.76009757936508,8.288888888888888
2024,20,PER,Red Bull Racing,17.0,0.0,Lapped,0,1,8.0,0.0,-11.0,-8.0,-6.6,-11.466666666666669,Mexico City Grand Prix,8.0,11.5,6.0,0,0,2,2,459.0,5.894736842105263,24.157894736842103,0.2105263157894736,0.7894736842105263,6.366666666666666,21.2,0.2,,,,2.0,3.0,Mexico City Grand Prix,79.094,,,93.99040000000001,,,88.089,,,11.507826032748323,,,10.0,,,,78.392,,,86.07549999999999,,,82.67777777777778,,,0.2917960665335339,,,9.0,,,,77.787,,,94.71663636363637,,,97.2846,,,19.634660177858947,,,14.0,45.61772151898734,,,42.1,,,48.6,,,19.534177215189874,,,17.6,,,21.1,,,45.139240506329116,,,34.0,,,57.0,,,784.5962025316454,,,784.0,,,785.2,,,0.0,,,False,,,False,,,1.6050632911392404,,,0.6,,,3.9,,,208.873417721519,,,0.0,,,344.0,,,,37.789908256880736,,,31.3,,,42.9,,,22.755963302752296,,,22.1,,,23.0,,,27.513761467889907,,,19.0,,,34.0,,,783.3422018348625,,,783.2,,,783.6,,,0.0,,,False,,,False,,,1.4238532110091744,,,0.0,,,3.1,,,255.9724770642202,,,0.0,,,358.0,,,,32.757831325301204,,,29.0,,,38.0,,,18.249397590361443,,,16.9,,,19.7,,,53.855421686746986,,,50.0,,,59.0,,,787.2807228915663,,,786.6,,,787.9,,,0.0,,,False,,,False,,,1.5783132530120483,,,0.0,,,3.8,,,265.90361445783134,,,0.0,,,357.0,0.0,0.0,0.0,0.0,,,,,,,,,,,,,78.42433333333334,91.59417878787879,89.35045925925925,11.0,85.57407777777777,96.89210822641495,96.0825934126984,9.222222222222221
2024,21,PER,Red Bull Racing,11.0,0.0,Finished,0,0,26.0,1.0,-10.0,-26.0,-7.2,-11.333333333333334,São Paulo Grand Prix,26.0,6.0,1.0,1,0,2,2,467.0,6.175,23.35,0.2,0.8,7.0,19.066666666666663,0.2,,,,3.0,3.0,São Paulo Grand Prix,71.845,,,84.05043749999999,,,75.69888888888889,,,1.1494350182203006,,,19.0,,,,,,,,,,,,,,,,,,,,,,,,,,,,,,,,,54.140243902439025,,,49.7,,,57.5,,,26.103658536585368,,,25.7,,,26.4,,,54.9390243902439,,,48.0,,,59.0,,,928.0024390243904,,,927.6,,,928.4,,,0.0,,,False,,,False,,,1.0865853658536584,,,0.0,,,2.1,,,180.59756097560975,,,0.0,,,350.0,,,,,,,,,,,,,,,,,,,,,,,,,,,,,,,,,,,,,,,,,,,,,,,,,,,,,,,,,,,,,,,,,,,,,,,,,,,,,,,,,,,,,,,,,,,,,,,,,,,,,,,,,,,,,,,,,,,,,,,,,,,,,,,,,1.0,0.0,0.0,0.0,,,,,,,,,,,,,71.845,84.05043749999999,75.69888888888889,19.0,84.35636666666666,96.00607252655928,95.17873831569663,9.688888888888888
2024,22,PER,Red Bull Racing,10.0,1.0,Finished,0,0,10.0,0.0,-5.0,-9.0,-7.733333333333333,-12.666666666666666,Las Vegas Grand Prix,11.0,7.5,5.0,0,0,2,2,493.0,6.166666666666667,23.476190476190474,0.1904761904761904,0.8095238095238095,7.2,18.8,0.2,,,,3.0,3.0,Las Vegas Grand Prix,96.536,,,111.98657142857142,,,109.98516666666666,,,10.52527172470088,,,10.0,,,,96.055,,,106.25777777777778,,,99.22366666666667,,,0.8996201976389784,,,19.0,,,,95.061,,,104.23861538461539,,,101.91577777777778,,,0.9740081849986891,,,13.0,15.683132530120483,,,14.9,,,16.5,,,14.065060240963856,,,13.3,,,14.6,,,19.626506024096386,,,17.0,,,22.0,,,947.4734939759037,,,947.2,,,947.7,,,0.0,,,False,,,False,,,0.9951807228915662,,,0.5,,,1.7,,,212.16867469879517,,,146.0,,,242.0,,,,12.870987654320986,,,12.6,,,13.2,,,11.146296296296295,,,10.8,,,11.5,,,24.290123456790123,,,23.0,,,26.0,,,947.783950617284,,,947.6,,,948.0,,,0.0,,,False,,,False,,,0.9117283950617283,,,0.4,,,1.4,,,216.62345679012347,,,184.0,,,260.0,,,,16.830487804878047,,,16.1,,,17.7,,,14.853658536585366,,,14.2,,,15.3,,,18.573170731707318,,,17.0,,,20.0,,,942.1670731707317,,,942.0,,,942.4,,,0.0,,,False,,,False,,,0.6524390243902439,,,0.0,,,1.5,,,178.41463414634146,,,0.0,,,310.0,0.0,0.0,0.0,0.0,,,,,,,,,,,,,95.88400000000001,107.49432153032153,103.7082037037037,14.0,83.2215,95.27149058211484,94.01444757495591,10.555555555555554
2024,23,PER,Red Bull Racing,17.0,0.0,Retired,0,1,25.0,1.0,-16.0,-25.0,-7.6,-11.866666666666667,Qatar Grand Prix,25.0,9.0,1.0,1,1,1,2,504.0,6.227272727272728,22.90909090909091,0.1818181818181818,0.8181818181818181,7.4,17.6,0.2,,,,3.0,3.0,,,,,,,,,,,,,,,,,,,,,,,,,,,,,,,,,,,,,,,,,,,,,,,,,,,,,,,,,,,,,,,,,,,,,,,,,,,,,,,,,,,,,,,,,,,,,,,,,,,,,,,,,,,,,,,,,,,,,,,,,,,,,,,,,,,,,,,,,,,,,,,,,,,,,,,,,,,,,,,,,,,,,,,,,,,,,,,,,,,,,,,,,,,,,,,,,,,,,,,,,,,,,,,,,,,,,,,,,,,,,,,,,,,,,,,,,,,,,,,,,,,,,,,,,,,,,,,,,,,
2024,24,PER,Red Bull Racing,20.0,0.0,Retired,0,1,8.0,0.0,-14.0,-8.0,-7.866666666666666,-13.0,Abu Dhabi Grand Prix,8.0,13.0,6.0,0,1,1,2,529.0,6.3478260869565215,23.0,0.217391304347826,0.782608695652174,7.2,18.73333333333333,0.2,,,,3.0,3.0,,,,,,,,,,,,,,,,,,,,,,,,,,,,,,,,,,,,,,,,,,,,,,,,,,,,,,,,,,,,,,,,,,,,,,,,,,,,,,,,,,,,,,,,,,,,,,,,,,,,,,,,,,,,,,,,,,,,,,,,,,,,,,,,,,,,,,,,,,,,,,,,,,,,,,,,,,,,,,,,,,,,,,,,,,,,,,,,,,,,,,,,,,,,,,,,,,,,,,,,,,,,,,,,,,,,,,,,,,,,,,,,,,,,,,,,,,,,,,,,,,,,,,,,,,,,,,,,,,,
2024,1,PIA,McLaren,8.0,4.0,Finished,0,0,8.0,0.0,-2.0,-4.0,,,Bahrain Grand Prix,12.0,7.0,6.0,0,0,2,2,0.0,,,,,,,,,,,1.0,,Bahrain Grand Prix,93.113,,,106.90094444444443,,,101.50566666666667,,,9.785309326028509,,,3.0,,,,90.784,,,101.16715789473685,,,96.8679090909091,,,0.4511147203418388,,,5.0,,,,91.21,,,105.6104,,,110.9415,,,24.98703232678904,,,7.0,34.21585365853659,,,31.9,,,36.0,,,19.373170731707315,,,19.0,,,19.8,,,38.74390243902439,,,36.0,,,41.0,,,1016.1012195121951,,,1015.9,,,1016.3,,,0.0,,,False,,,False,,,3.3780487804878048,,,2.1,,,4.7,,,66.45121951219512,,,35.0,,,109.0,,,,22.098780487804877,,,21.1,,,23.4,,,17.24756097560976,,,17.1,,,17.4,,,39.02439024390244,,,34.0,,,46.0,,,1017.2317073170732,,,1017.0,,,1017.6,,,0.0,,,False,,,False,,,2.2817073170731708,,,1.2,,,3.5,,,82.76829268292683,,,41.0,,,134.0,,,,32.01341463414634,,,29.2,,,35.2,,,20.259756097560977,,,19.9,,,20.6,,,35.71951219512195,,,30.0,,,41.0,,,1017.720731707317,,,1017.4,,,1018.0,,,0.0,,,False,,,False,,,2.778048780487805,,,1.6,,,4.0,,,54.5,,,28.0,,,85.0,0.0,0.0,0.0,0.0,,,,,,,,,,,,,91.70233333333333,104.55950077972709,103.10502525252525,5.0,,,,
2024,2,PIA,McLaren,4.0,12.0,Finished,0,0,4.0,0.0,4.0,8.0,-2.0,-4.0,Saudi Arabian Grand Prix,16.0,6.0,4.0,0,0,2,2,12.0,7.0,12.0,0.0,1.0,7.0,12.0,0.0,,,,4.0,4.0,Saudi Arabian Grand Prix,90.977,,,104.50207142857141,,,105.0598,,,16.844661415415867,,,15.0,,,,89.594,,,103.72699999999999,,,95.15585714285714,,,0.6063646945998303,,,10.0,,,,89.213,,,105.21733333333333,,,104.056,,,16.01913245674267,,,8.0,39.70125,,,38.2,,,41.9,,,26.754999999999995,,,26.4,,,27.1,,,57.575,,,53.0,,,61.0,,,1012.2375,,,1012.0,,,1012.5,,,0.0,,,False,,,False,,,4.80625,,,3.2,,,6.8,,,24.6125,,,1.0,,,41.0,,,,30.59677419354838,,,29.2,,,31.5,,,25.370967741935488,,,25.2,,,25.6,,,59.784946236559136,,,58.0,,,63.0,,,1013.7204301075269,,,1013.2,,,1014.1,,,0.0,,,False,,,False,,,2.4010752688172046,,,0.6,,,4.1,,,92.86021505376344,,,0.0,,,360.0,,,,39.558536585365864,,,37.3,,,43.5,,,25.98414634146341,,,25.6,,,26.3,,,60.34146341463415,,,57.0,,,63.0,,,1012.940243902439,,,1012.7,,,1013.4,,,0.0,,,False,,,False,,,4.16219512195122,,,2.1,,,5.8,,,23.451219512195124,,,0.0,,,54.0,0.0,0.0,0.0,0.0,,,,,,,,,,,,,89.928,104.4821349206349,101.4238857142857,11.0,91.70233333333333,104.55950077972709,103.10502525252525,5.0
2024,3,PIA,McLaren,4.0,12.0,Finished,0,0,15.0,1.0,-1.0,-3.0,1.0,2.0,Australian Grand Prix,27.0,3.5,3.0,1,0,2,2,28.0,6.5,14.0,0.0,1.0,6.5,14.0,0.0,,,,3.0,3.0,Australian Grand Prix,78.918,,,92.53729411764706,,,91.5575,,,18.624348748345547,,,10.0,,,,78.077,,,84.6733,,,83.1925,,,0.6998696631906086,,,7.0,,,,77.087,,,93.42769999999999,,,90.5,,,14.32588931503614,,,8.0,33.70987654320987,,,29.9,,,36.8,,,18.469135802469136,,,18.0,,,19.0,,,61.01234567901235,,,55.0,,,64.0,,,1023.5641975308641,,,1023.2,,,1023.9,,,0.0,,,False,,,False,,,1.262962962962963,,,0.5,,,2.7,,,142.54320987654322,,,0.0,,,342.0,,,,36.15731707317073,,,34.0,,,38.3,,,20.157317073170734,,,20.0,,,20.4,,,56.926829268292686,,,55.0,,,58.0,,,1022.0512195121953,,,1021.8,,,1022.2,,,0.0,,,False,,,False,,,1.803658536585366,,,0.7,,,3.0,,,147.47560975609755,,,0.0,,,354.0,,,,27.669135802469132,,,25.2,,,31.0,,,18.27283950617284,,,17.9,,,18.8,,,59.39506172839506,,,56.0,,,62.0,,,1025.324691358025,,,1025.0,,,1025.6,,,0.0,,,False,,,False,,,1.4333333333333333,,,0.5,,,2.8,,,133.25925925925927,,,0.0,,,346.0,0.0,0.0,0.0,0.0,,,,,,,,,,,,,78.02733333333333,90.21276470588236,88.41666666666667,8.333333333333334,90.81516666666667,104.520817850181,102.26445548340547,8.0
2024,4,PIA,McLaren,8.0,4.0,Finished,0,0,10.0,0.0,-3.0,-6.0,0.3333333333333333,0.3333333333333333,Japanese Grand Prix,14.0,6.5,5.0,0,0,2,2,55.0,5.5,18.33333333333333,0.0,1.0,5.5,18.33333333333333,0.0,,,,3.0,3.0,Japanese Grand Prix,91.165,,,99.30776923076925,,,98.367375,,,11.540459150775344,,,8.0,,,,94.725,,,100.93350000000001,,,100.9335,,,8.268046302885994,,,1.0,,,,90.226,,,98.60936363636364,,,97.229625,,,0.9135090800236865,,,8.0,24.296249999999997,,,22.9,,,25.8,,,16.566250000000004,,,15.4,,,17.2,,,42.6875,,,35.0,,,53.0,,,1013.31125,,,1012.9,,,1013.6,,,0.0,,,False,,,False,,,1.3625,,,0.4,,,3.0,,,178.175,,,10.0,,,359.0,,,,16.752325581395347,,,16.2,,,18.1,,,13.02093023255814,,,12.5,,,14.1,,,72.95348837209302,,,60.0,,,80.0,,,1013.4674418604648,,,1013.3,,,1013.7,,,0.20930232558139536,,,False,,,True,,,1.0046511627906978,,,0.0,,,1.9,,,157.5,,,0.0,,,218.0,,,,26.660759493670884,,,24.2,,,29.6,,,17.38227848101266,,,16.7,,,17.9,,,66.10126582278481,,,62.0,,,69.0,,,1015.8417721518989,,,1015.0,,,1016.5,,,0.0,,,False,,,False,,,1.3746835443037975,,,0.4,,,2.5,,,171.72151898734177,,,0.0,,,358.0,0.0,0.0,0.0,0.0,,,,,,,,,,,,,92.03866666666666,99.61687762237763,98.84349999999999,5.666666666666667,86.55255555555556,99.75146680208145,97.64852587782588,8.111111111111112
2024,5,PIA,McLaren,8.0,4.0,Finished,0,0,18.0,1.0,-6.0,-14.0,-0.5,-1.25,Chinese Grand Prix,22.0,5.0,2.0,1,0,2,2,69.0,5.75,17.25,0.0,1.0,5.75,17.25,0.0,,,,3.0,3.0,Chinese Grand Prix,96.629,,,112.51979999999999,,,111.94818181818182,,,17.087264730308256,,,2.0,,,,,,,,,,,,,,,,,,,,,,,,,,,,,,,,,39.46829268292684,,,38.2,,,42.1,,,23.142682926829266,,,22.3,,,23.8,,,22.865853658536587,,,21.0,,,25.0,,,1009.3329268292683,,,1008.5,,,1010.1,,,0.0,,,False,,,False,,,1.3536585365853657,,,0.0,,,3.2,,,146.96341463414635,,,0.0,,,356.0,,,,,,,,,,,,,,,,,,,,,,,,,,,,,,,,,,,,,,,,,,,,,,,,,,,,,,,,,,,,,,,,,,,,,,,,,,,,,,,,,,,,,,,,,,,,,,,,,,,,,,,,,,,,,,,,,,,,,,,,,,,,,,,,,1.0,0.0,0.0,0.0,,,,,,,,,,,,,96.629,112.51979999999999,111.94818181818182,2.0,87.92408333333333,99.7178195071555,97.94726940836941,7.5
2024,6,PIA,McLaren,13.0,0.0,Finished,0,0,25.0,1.0,-12.0,-25.0,-1.6,-3.8,Miami Grand Prix,25.0,7.0,1.0,1,0,2,2,91.0,5.6,18.2,0.0,1.0,5.6,18.2,0.0,,,,3.0,3.0,Miami Grand Prix,88.7,,,105.61478571428572,,,92.139,,,0.296595122459334,,,2.0,,,,,,,,,,,,,,,,,,,,,,,,,,,,,,,,,49.958441558441564,,,43.4,,,54.9,,,28.780519480519484,,,28.3,,,29.3,,,56.27272727272727,,,53.0,,,59.0,,,1015.31038961039,,,1015.0,,,1015.6,,,0.0,,,False,,,False,,,3.0090909090909084,,,1.3,,,4.7,,,160.14285714285714,,,99.0,,,197.0,,,,,,,,,,,,,,,,,,,,,,,,,,,,,,,,,,,,,,,,,,,,,,,,,,,,,,,,,,,,,,,,,,,,,,,,,,,,,,,,,,,,,,,,,,,,,,,,,,,,,,,,,,,,,,,,,,,,,,,,,,,,,,,,,1.0,0.0,0.0,0.0,,,,,,,,,,,,,88.7,105.61478571428572,92.139,2.0,89.66506666666666,102.2782156057244,100.74745189033189,6.4
2024,7,PIA,McLaren,4.0,12.0,Finished,0,0,18.0,1.0,-2.0,-6.0,-3.333333333333333,-7.333333333333333,Emilia Romagna Grand Prix,30.0,3.0,2.0,1,0,2,2,116.0,5.833333333333333,19.33333333333333,0.0,1.0,5.833333333333333,19.33333333333333,0.0,,,,3.0,3.0,Emilia Romagna Grand Prix,77.807,,,87.00566666666667,,,84.5345,,,9.030675484939408,,,9.0,,,,76.098,,,87.34935,,,81.125,,,1.475174769307015,,,2.0,,,,75.529,,,87.8592,,,105.091,,,16.457203225335707,,,1.0,43.45443037974684,,,42.6,,,44.5,,,23.972151898734175,,,23.3,,,24.6,,,32.53164556962025,,,30.0,,,35.0,,,1006.8518987341771,,,1006.6,,,1007.1,,,0.0,,,False,,,False,,,3.951898734177215,,,2.3,,,5.3,,,301.0506329113924,,,239.0,,,338.0,,,,36.84230769230769,,,35.1,,,39.0,,,24.379487179487178,,,24.0,,,24.7,,,33.94871794871795,,,29.0,,,36.0,,,1006.4525641025638,,,1006.2,,,1006.7,,,0.0,,,False,,,False,,,2.5230769230769234,,,0.5,,,4.6,,,284.1923076923077,,,2.0,,,350.0,,,,44.48076923076923,,,42.4,,,45.9,,,23.603846153846156,,,23.0,,,24.3,,,41.32051282051282,,,39.0,,,44.0,,,1009.2435897435897,,,1008.9,,,1009.5,,,0.0,,,False,,,False,,,1.9025641025641027,,,0.7,,,3.8,,,137.17948717948718,,,0.0,,,354.0,0.0,0.0,0.0,0.0,,,,,,,,,,,,,76.478,87.4047388888889,90.25016666666666,4.0,89.50422222222221,102.83431062381794,99.3127099086099,5.666666666666667
2024,8,PIA,McLaren,2.0,18.0,Finished,1,0,12.0,0.0,2.0,6.0,-3.142857142857143,-7.142857142857143,Monaco Grand Prix,30.0,3.0,2.0,1,0,2,2,146.0,5.428571428571429,20.857142857142858,0.0,1.0,5.428571428571429,20.857142857142858,0.0,,,,3.0,3.0,Monaco Grand Prix,72.198,,,84.59188,,,82.66090909090909,,,8.73915980463277,,,2.0,,,,72.366,,,81.75872,,,77.45583333333333,,,3.8525686787184474,,,12.0,,,,71.901,,,88.6185,,,85.06142857142856,,,15.449836243545782,,,4.0,35.56103896103896,,,32.5,,,38.6,,,20.71688311688312,,,19.9,,,21.5,,,66.72727272727273,,,61.0,,,72.0,,,1018.2766233766234,,,1017.7,,,1018.7,,,0.09090909090909091,,,False,,,True,,,0.7467532467532466,,,0.0,,,1.5,,,156.16883116883116,,,0.0,,,359.0,,,,31.30246913580247,,,29.9,,,32.5,,,20.76172839506173,,,20.2,,,21.3,,,66.44444444444444,,,63.0,,,70.0,,,1017.1432098765433,,,1016.8,,,1017.5,,,0.0,,,False,,,False,,,0.7901234567901234,,,0.0,,,1.7,,,144.09876543209876,,,0.0,,,348.0,,,,46.86202531645569,,,45.0,,,48.5,,,21.67468354430379,,,21.3,,,22.0,,,57.40506329113924,,,55.0,,,61.0,,,1017.5379746835443,,,1017.4,,,1017.7,,,0.0,,,False,,,False,,,0.8240506329113924,,,0.0,,,1.6,,,190.30379746835442,,,0.0,,,359.0,0.0,0.0,0.0,0.0,,,,,,,,,,,,,72.15499999999999,84.98969999999998,81.726056998557,6.0,87.64333333333333,100.63008609025665,98.01806087404658,5.428571428571429
2024,9,PIA,McLaren,5.0,10.0,Finished,0,0,18.0,1.0,-3.0,-8.0,-2.5,-5.5,Canadian Grand Prix,28.0,3.5,2.0,1,0,2,2,176.0,5.125,22.0,0.0,1.0,5.125,22.0,0.0,,,,3.0,3.0,Canadian Grand Prix,86.754,,,89.19,,,89.19,,,3.4450242379408547,,,6.0,,,,79.008,,,90.54828571428573,,,96.05866666666667,,,15.580194543072942,,,16.0,,,,73.266,,,89.09904347826087,,,84.3263,,,11.716522616942848,,,5.0,28.68205128205127,,,25.5,,,32.2,,,18.237179487179485,,,17.2,,,19.3,,,83.57692307692308,,,77.0,,,89.0,,,998.6589743589747,,,998.2,,,999.5,,,0.1794871794871795,,,False,,,True,,,1.2474358974358977,,,0.0,,,2.8,,,226.64102564102564,,,0.0,,,355.0,,,,25.546249999999997,,,23.8,,,27.1,,,18.99625,,,18.1,,,19.6,,,68.5,,,64.0,,,72.0,,,999.23375,,,998.8,,,999.7,,,0.8875,,,False,,,True,,,1.2925,,,0.3,,,2.9,,,151.95,,,0.0,,,337.0,,,,36.4,,,32.2,,,39.1,,,20.854320987654322,,,19.9,,,21.6,,,61.925925925925924,,,59.0,,,64.0,,,1000.5185185185185,,,1000.2,,,1000.8,,,0.0,,,False,,,False,,,1.6790123456790123,,,0.8,,,2.9,,,157.17283950617283,,,0.0,,,348.0,0.0,0.0,0.0,0.0,,,,,,,,,,,,,79.676,89.61244306418219,89.85832222222223,9.0,85.70729166666666,98.67503782897457,95.9815603896104,5.5
2024,10,PIA,McLaren,7.0,6.0,Finished,0,0,19.0,1.0,-5.0,-13.0,-2.555555555555556,-5.777777777777778,Spanish Grand Prix,25.0,4.5,2.0,1,0,2,2,204.0,4.944444444444445,22.666666666666668,0.0,1.0,4.944444444444445,22.666666666666668,0.0,,,,3.0,1.0,Spanish Grand Prix,74.867,,,85.5221176470588,,,79.77642857142857,,,0.41041111792236823,,,6.0,,,,73.622,,,82.73484210526316,,,80.05209090909091,,,0.7916694328500324,,,7.0,,,,73.907,,,87.2748,,,89.7715,,,22.43579106026797,,,10.0,47.092592592592595,,,45.3,,,48.0,,,28.16543209876543,,,27.5,,,28.5,,,33.666666666666664,,,29.0,,,38.0,,,1004.3987654320988,,,1004.1,,,1004.6,,,0.0,,,False,,,False,,,2.0950617283950614,,,0.0,,,3.5,,,214.14814814814815,,,0.0,,,276.0,,,,43.05185185185185,,,41.2,,,44.2,,,24.86543209876543,,,24.5,,,25.6,,,49.901234567901234,,,45.0,,,56.0,,,1004.495061728395,,,1004.3,,,1004.7,,,0.0,,,False,,,False,,,1.8407407407407406,,,0.8,,,2.9,,,205.08641975308643,,,0.0,,,340.0,,,,43.355000000000004,,,38.9,,,46.3,,,26.441250000000004,,,26.0,,,26.9,,,57.7125,,,47.0,,,62.0,,,1004.5975000000001,,,1004.3,,,1005.0,,,0.0,,,False,,,False,,,1.6612500000000001,,,0.4,,,2.7,,,218.975,,,0.0,,,355.0,0.0,0.0,0.0,0.0,,,,,,,,,,,,,74.132,85.17725325077399,83.20000649350649,7.666666666666667,85.03714814814815,97.66808285510875,95.30120059323392,5.888888888888889
2024,11,PIA,McLaren,2.0,18.0,Finished,1,0,0.0,0.0,18.0,18.0,-2.8,-6.5,Austrian Grand Prix,18.0,11.0,2.0,1,0,2,2,229.0,4.9,22.9,0.0,1.0,4.9,22.9,0.0,,,,3.0,1.0,Austrian Grand Prix,65.961,,,74.76875,,,69.54225,,,0.11097071685809591,,,2.0,,,,,,,,,,,,,,,,,,,,,,,,,,,,,,,,,36.88354430379747,,,30.7,,,42.5,,,23.24430379746836,,,21.9,,,24.5,,,59.54430379746835,,,56.0,,,64.0,,,940.7518987341775,,,940.5,,,940.9,,,0.0,,,False,,,False,,,2.6,,,0.7,,,4.0,,,104.36708860759494,,,0.0,,,142.0,,,,,,,,,,,,,,,,,,,,,,,,,,,,,,,,,,,,,,,,,,,,,,,,,,,,,,,,,,,,,,,,,,,,,,,,,,,,,,,,,,,,,,,,,,,,,,,,,,,,,,,,,,,,,,,,,,,,,,,,,,,,,,,,,1.0,0.0,0.0,0.0,,,,,,,,,,,,,65.961,74.76875,69.54225,2.0,83.94663333333332,96.41899989467528,94.09108118326118,6.066666666666666
2024,12,PIA,McLaren,4.0,12.0,Finished,0,0,15.0,1.0,-1.0,-3.0,-0.9090909090909092,-4.2727272727272725,British Grand Prix,27.0,3.5,3.0,1,0,2,2,247.0,5.454545454545454,22.454545454545453,0.0,1.0,5.454545454545454,22.454545454545453,0.0,,,,3.0,3.0,British Grand Prix,87.631,,,99.2908888888889,,,94.63266666666668,,,8.383859512976906,,,3.0,,,,86.88,,,91.07276923076923,,,92.42183333333332,,,0.60700425588843,,,2.0,,,,98.654,,,103.40621052631579,,,103.46628571428572,,,3.371193641935831,,,7.0,24.554320987654318,,,21.2,,,28.1,,,16.386419753086418,,,15.6,,,17.2,,,75.61728395061728,,,72.0,,,81.0,,,989.422222222222,,,989.2,,,989.6,,,0.0,,,False,,,False,,,1.3691358024691358,,,0.3,,,3.2,,,213.44444444444446,,,0.0,,,353.0,,,,29.296296296296298,,,25.0,,,32.7,,,18.319753086419755,,,17.5,,,18.9,,,67.5679012345679,,,61.0,,,74.0,,,987.8740740740741,,,987.4,,,988.5,,,0.1728395061728395,,,False,,,True,,,1.7185185185185183,,,0.5,,,2.9,,,223.8148148148148,,,0.0,,,289.0,,,,16.291463414634144,,,15.7,,,17.7,,,11.173170731707318,,,10.7,,,11.6,,,89.42682926829268,,,87.0,,,92.0,,,984.439024390244,,,983.7,,,985.1,,,0.6585365853658537,,,False,,,True,,,2.296341463414634,,,1.0,,,4.2,,,233.8170731707317,,,0.0,,,277.0,0.0,0.0,0.0,0.0,,,,,,,,,,,,,91.05499999999999,97.92328954865798,96.84026190476192,4.0,82.31157575757575,94.45079535879572,91.85936925751017,5.696969696969696
2024,13,PIA,McLaren,1.0,25.0,Finished,1,0,18.0,1.0,1.0,7.0,-0.9166666666666666,-4.166666666666667,Hungarian Grand Prix,43.0,1.5,1.0,2,0,2,2,274.0,5.291666666666667,22.83333333333333,0.0,1.0,5.291666666666667,22.83333333333333,0.0,,,,3.0,1.0,Hungarian Grand Prix,79.249,,,90.2864,,,86.947,,,5.034707141433355,,,7.0,,,,78.618,,,91.67754545454545,,,98.599,,,27.292841564532385,,,13.0,,,,76.142,,,87.11483333333332,,,97.32766666666667,,,18.690791110419415,,,2.0,58.49878048780489,,,56.9,,,60.6,,,31.00487804878049,,,30.4,,,31.8,,,38.0,,,34.0,,,40.0,,,990.5731707317075,,,990.1,,,991.0,,,0.0,,,False,,,False,,,1.2621951219512195,,,0.3,,,3.8,,,207.78048780487805,,,0.0,,,345.0,,,,45.81975308641975,,,41.5,,,49.8,,,31.196296296296293,,,30.5,,,31.9,,,37.17283950617284,,,35.0,,,40.0,,,988.1012345679012,,,987.7,,,988.6,,,0.0,,,False,,,False,,,1.008641975308642,,,0.0,,,2.5,,,162.4320987654321,,,0.0,,,284.0,,,,39.0575,,,36.9,,,41.3,,,26.839999999999996,,,26.6,,,27.1,,,42.9375,,,42.0,,,44.0,,,984.8787500000001,,,984.6,,,985.2,,,0.0,,,False,,,False,,,0.92875,,,0.0,,,1.9,,,218.125,,,0.0,,,338.0,0.0,0.0,0.0,0.0,,,,,,,,,,,,,78.003,89.69292626262626,94.29122222222223,7.333333333333333,83.04019444444444,94.74016987461756,92.27444364478113,5.555555555555556
2024,14,PIA,McLaren,2.0,18.0,Finished,1,0,10.0,0.0,3.0,8.0,-0.7692307692307693,-3.3076923076923075,Belgian Grand Prix,28.0,3.5,2.0,1,0,2,2,317.0,5.0,24.384615384615383,0.0,1.0,5.0,24.384615384615383,0.0,,,,2.0,1.0,Belgian Grand Prix,103.903,,,113.36775,,,113.96700000000001,,,9.91465461941172,,,2.0,,,,102.475,,,109.66799999999999,,,109.200875,,,0.30860582232263906,,,2.0,,,,122.998,,,123.97200000000001,,,123.97200000000001,,,1.377444009751395,,,2.0,38.3867469879518,,,35.2,,,40.9,,,22.012048192771083,,,21.4,,,22.5,,,60.855421686746986,,,58.0,,,65.0,,,964.7867469879518,,,964.5,,,965.0,,,0.012048192771084338,,,False,,,True,,,1.5518072289156624,,,0.0,,,4.0,,,156.0120481927711,,,0.0,,,359.0,,,,35.19024390243902,,,33.3,,,36.9,,,21.78170731707317,,,21.2,,,22.2,,,64.3048780487805,,,62.0,,,67.0,,,965.0170731707318,,,964.8,,,965.2,,,0.0,,,False,,,False,,,1.2378048780487805,,,0.4,,,2.7,,,134.90243902439025,,,0.0,,,358.0,,,,21.782926829268295,,,21.2,,,22.9,,,18.108536585365854,,,17.8,,,18.7,,,92.91463414634147,,,89.0,,,96.0,,,965.8914634146339,,,965.7,,,966.0,,,0.8902439024390244,,,False,,,True,,,1.423170731707317,,,0.5,,,2.4,,,156.6829268292683,,,102.0,,,244.0,0.0,0.0,0.0,0.0,,,,,,,,,,,,,109.79199999999999,115.66924999999999,115.71329166666668,2.0,82.65271794871795,94.35192036600284,92.42958045843046,5.6923076923076925
2024,15,PIA,McLaren,4.0,12.0,Finished,0,0,26.0,1.0,-3.0,-14.0,-0.5,-2.5,Dutch Grand Prix,38.0,2.5,1.0,1,0,2,2,345.0,4.892857142857143,24.642857142857142,0.0,1.0,4.892857142857143,24.642857142857142,0.0,,,,2.0,1.0,Dutch Grand Prix,73.23,,,83.63175000000001,,,83.63175,,,12.340830763306473,,,7.0,,,,70.763,,,82.45779166666667,,,76.1664,,,0.4143876875047748,,,2.0,,,,81.85,,,90.58866666666665,,,91.4364,,,10.002240089100042,,,7.0,21.725925925925925,,,20.3,,,23.8,,,20.233333333333334,,,19.4,,,21.3,,,83.87654320987654,,,75.0,,,92.0,,,1003.335802469136,,,1002.6,,,1004.1,,,0.14814814814814814,,,False,,,True,,,7.109876543209876,,,4.7,,,9.6,,,223.8395061728395,,,204.0,,,242.0,,,,31.169620253164563,,,29.8,,,31.9,,,21.37721518987342,,,21.1,,,21.6,,,62.51898734177215,,,60.0,,,65.0,,,1006.8721518987339,,,1006.2,,,1007.4,,,0.0,,,False,,,False,,,5.472151898734178,,,4.3,,,7.0,,,207.31645569620252,,,187.0,,,230.0,,,,21.572151898734177,,,19.3,,,25.1,,,19.350632911392406,,,17.5,,,21.4,,,94.20253164556962,,,88.0,,,96.0,,,1004.4113924050635,,,1004.0,,,1004.7,,,0.21518987341772153,,,False,,,True,,,1.9759493670886072,,,0.0,,,3.5,,,209.34177215189874,,,0.0,,,244.0,0.0,0.0,0.0,0.0,,,,,,,,,,,,,75.28099999999999,85.55940277777778,83.74485,5.333333333333333,84.59123809523808,95.87458676843121,94.09270268759019,5.428571428571429
2024,16,PIA,McLaren,2.0,18.0,Finished,1,0,16.0,1.0,1.0,2.0,-0.6666666666666666,-3.2666666666666666,Italian Grand Prix,34.0,2.5,2.0,2,0,2,2,383.0,4.733333333333333,25.53333333333333,0.0,1.0,4.733333333333333,25.53333333333333,0.0,,,,2.0,1.0,Italian Grand Prix,82.199,,,99.97384615384614,,,92.4324,,,14.198761329778028,,,6.0,,,,80.858,,,85.93178571428571,,,85.5066,,,0.6159455603649842,,,4.0,,,,80.252,,,93.598,,,95.5635,,,21.653730960275652,,,4.0,50.81358024691359,,,48.7,,,52.1,,,32.7641975308642,,,32.2,,,33.4,,,38.135802469135804,,,36.0,,,40.0,,,996.3456790123457,,,995.9,,,996.7,,,0.0,,,False,,,False,,,1.0333333333333334,,,0.0,,,2.1,,,192.23456790123456,,,0.0,,,357.0,,,,44.350632911392395,,,41.6,,,48.0,,,34.029113924050634,,,33.7,,,34.4,,,32.177215189873415,,,31.0,,,34.0,,,994.7316455696205,,,994.5,,,995.0,,,0.0,,,False,,,False,,,1.092405063291139,,,0.0,,,2.9,,,213.26582278481013,,,0.0,,,357.0,,,,46.333333333333336,,,43.3,,,48.5,,,31.627160493827162,,,30.9,,,32.4,,,41.7037037037037,,,35.0,,,46.0,,,997.4049382716049,,,997.2,,,997.6,,,0.0,,,False,,,False,,,1.1246913580246913,,,0.0,,,2.3,,,206.4814814814815,,,0.0,,,351.0,0.0,0.0,0.0,0.0,,,,,,,,,,,,,81.10300000000001,93.16787728937727,91.16750000000002,4.666666666666667,83.97055555555556,95.18690783572099,93.40284584175085,5.422222222222222
2024,17,PIA,McLaren,1.0,25.0,Finished,1,0,13.0,0.0,3.0,12.0,-0.4666666666666667,-2.8666666666666667,Azerbaijan Grand Prix,38.0,2.5,1.0,1,0,2,2,417.0,4.59375,26.0625,0.0,1.0,4.433333333333334,27.0,0.0,,,,1.0,1.0,Azerbaijan Grand Prix,106.282,,,115.78687500000001,,,122.741,,,15.734394491050493,,,6.0,,,,103.983,,,110.04614285714287,,,109.62280000000001,,,1.4011933644020897,,,5.0,,,,102.749,,,122.21233333333333,,,115.25066666666667,,,17.314412994188775,,,4.0,43.68478260869565,,,39.8,,,46.2,,,29.195652173913032,,,28.0,,,30.6,,,39.09782608695652,,,26.0,,,50.0,,,1015.1771739130434,,,1014.9,,,1015.6,,,0.0,,,False,,,False,,,1.6956521739130432,,,0.5,,,3.5,,,119.3695652173913,,,0.0,,,353.0,,,,36.34878048780487,,,32.9,,,41.2,,,28.52926829268293,,,27.5,,,29.2,,,33.09756097560975,,,27.0,,,47.0,,,1015.0731707317074,,,1014.8,,,1015.3,,,0.0,,,False,,,False,,,1.224390243902439,,,0.0,,,2.6,,,115.8170731707317,,,0.0,,,358.0,,,,31.889024390243897,,,31.0,,,33.1,,,26.991463414634143,,,26.7,,,27.3,,,39.40243902439025,,,35.0,,,44.0,,,1016.6475609756096,,,1016.3,,,1016.9,,,0.35365853658536583,,,False,,,True,,,0.7658536585365854,,,0.0,,,1.7,,,125.02439024390245,,,0.0,,,357.0,0.0,0.0,0.0,0.0,,,,,,,,,,,,,104.33800000000001,116.01511706349207,115.8714888888889,5.0,83.26393333333333,94.42746626969765,92.60701082491583,5.4
2024,18,PIA,McLaren,3.0,15.0,Finished,1,0,25.0,1.0,-2.0,-10.0,-0.5333333333333333,-2.6,Singapore Grand Prix,40.0,2.0,1.0,2,0,2,2,455.0,4.470588235294118,26.764705882352946,0.0,1.0,4.2,28.466666666666665,0.0,,,,1.0,1.0,Singapore Grand Prix,92.369,,,107.69758823529412,,,104.56979999999999,,,15.509353216688309,,,6.0,,,,91.474,,,105.97835714285716,,,107.53666666666668,,,17.7612121508265,,,5.0,,,,90.431,,,97.64283333333333,,,92.43900000000001,,,0.44860227373475525,,,3.0,37.114999999999995,,,35.6,,,38.8,,,31.35,,,31.2,,,31.5,,,64.4375,,,63.0,,,67.0,,,1005.6075000000001,,,1005.3,,,1005.9,,,0.0,,,False,,,False,,,2.44875,,,1.2,,,3.4,,,187.9,,,177.0,,,214.0,,,,32.95000000000001,,,32.3,,,33.6,,,30.181707317073165,,,30.0,,,30.3,,,73.98780487804878,,,73.0,,,75.0,,,1008.1158536585366,,,1007.8,,,1008.6,,,0.0,,,False,,,False,,,1.6597560975609755,,,1.1,,,2.4,,,203.09756097560975,,,171.0,,,222.0,,,,37.0670731707317,,,34.9,,,38.6,,,30.06219512195122,,,29.9,,,30.2,,,75.13414634146342,,,74.0,,,77.0,,,1006.7951219512195,,,1006.6,,,1007.0,,,0.0,,,False,,,False,,,0.4817073170731707,,,0.0,,,1.5,,,199.15853658536585,,,0.0,,,323.0,0.0,0.0,0.0,0.0,,,,,,,,,,,,,91.42466666666667,103.77292623716153,101.51515555555557,4.666666666666667,84.2246,95.19633174588814,93.57018436988936,5.0
2024,19,PIA,McLaren,5.0,10.0,Finished,0,0,12.0,0.0,-1.0,-2.0,-0.6,-3.066666666666667,United States Grand Prix,22.0,4.5,4.0,0,0,2,2,495.0,4.333333333333333,27.5,0.0,1.0,4.1,29.33333333333333,0.0,,,,1.0,1.0,United States Grand Prix,93.908,,,104.35529411764706,,,98.60633333333334,,,1.5202506372305882,,,5.0,,,,,,,,,,,,,,,,,,,,,,,,,,,,,,,,,36.703703703703695,,,33.9,,,38.7,,,25.27777777777778,,,23.5,,,26.4,,,52.24691358024691,,,47.0,,,56.0,,,1004.1839506172839,,,1003.5,,,1005.0,,,0.0,,,False,,,False,,,3.34074074074074,,,1.4,,,5.4,,,158.8641975308642,,,128.0,,,186.0,,,,,,,,,,,,,,,,,,,,,,,,,,,,,,,,,,,,,,,,,,,,,,,,,,,,,,,,,,,,,,,,,,,,,,,,,,,,,,,,,,,,,,,,,,,,,,,,,,,,,,,,,,,,,,,,,,,,,,,,,,,,,,,,,1.0,0.0,0.0,0.0,,,,,,,,,,,,,93.908,104.35529411764706,98.60633333333334,5.0,85.11775555555555,96.10034251464009,94.44341696248196,4.755555555555556
2024,20,PIA,McLaren,8.0,4.0,Finished,0,0,18.0,1.0,-6.0,-14.0,-0.4666666666666667,-2.8,Mexico City Grand Prix,22.0,5.0,2.0,1,0,2,2,517.0,4.342105263157895,27.210526315789476,0.0,1.0,3.966666666666667,29.866666666666667,0.0,,,,1.0,1.0,Mexico City Grand Prix,78.958,,,90.12375,,,85.60677777777778,,,6.13324721859836,,,6.0,,,,77.877,,,85.79068181818182,,,81.729125,,,0.18851406730381468,,,2.0,,,,76.492,,,91.52700000000002,,,92.4308,,,15.672926312593955,,,1.0,45.61772151898734,,,42.1,,,48.6,,,19.534177215189874,,,17.6,,,21.1,,,45.139240506329116,,,34.0,,,57.0,,,784.5962025316454,,,784.0,,,785.2,,,0.0,,,False,,,False,,,1.6050632911392404,,,0.6,,,3.9,,,208.873417721519,,,0.0,,,344.0,,,,37.789908256880736,,,31.3,,,42.9,,,22.755963302752296,,,22.1,,,23.0,,,27.513761467889907,,,19.0,,,34.0,,,783.3422018348625,,,783.2,,,783.6,,,0.0,,,False,,,False,,,1.4238532110091744,,,0.0,,,3.1,,,255.9724770642202,,,0.0,,,358.0,,,,32.757831325301204,,,29.0,,,38.0,,,18.249397590361443,,,16.9,,,19.7,,,53.855421686746986,,,50.0,,,59.0,,,787.2807228915663,,,786.6,,,787.9,,,0.0,,,False,,,False,,,1.5783132530120483,,,0.0,,,3.8,,,265.90361445783134,,,0.0,,,357.0,0.0,0.0,0.0,0.0,,,,,,,,,,,,,77.77566666666667,89.14714393939396,86.58890092592594,3.0,85.24237777777778,96.41623694765805,94.42760585137086,4.711111111111111
2024,21,PIA,McLaren,8.0,4.0,Finished,0,0,8.0,0.0,-2.0,-4.0,-0.4666666666666667,-2.8,São Paulo Grand Prix,12.0,7.0,6.0,0,0,2,2,539.0,4.375,26.95,0.0,1.0,3.966666666666667,29.866666666666667,0.0,,,,1.0,1.0,São Paulo Grand Prix,70.95,,,83.62165000000002,,,75.428,,,1.3954632842815224,,,4.0,,,,,,,,,,,,,,,,,,,,,,,,,,,,,,,,,54.140243902439025,,,49.7,,,57.5,,,26.103658536585368,,,25.7,,,26.4,,,54.9390243902439,,,48.0,,,59.0,,,928.0024390243904,,,927.6,,,928.4,,,0.0,,,False,,,False,,,1.0865853658536584,,,0.0,,,2.1,,,180.59756097560975,,,0.0,,,350.0,,,,,,,,,,,,,,,,,,,,,,,,,,,,,,,,,,,,,,,,,,,,,,,,,,,,,,,,,,,,,,,,,,,,,,,,,,,,,,,,,,,,,,,,,,,,,,,,,,,,,,,,,,,,,,,,,,,,,,,,,,,,,,,,,1.0,0.0,0.0,0.0,,,,,,,,,,,,,70.95,83.62165000000002,75.428,4.0,83.9854888888889,94.85805987695099,92.73698712522047,4.777777777777778
2024,22,PIA,McLaren,7.0,6.0,Finished,0,0,9.0,0.0,-1.0,-3.0,0.2,-1.4,Las Vegas Grand Prix,15.0,6.5,6.0,0,0,2,2,551.0,4.5,26.23809523809524,0.0,1.0,3.966666666666667,29.0,0.0,,,,1.0,1.0,Las Vegas Grand Prix,96.451,,,106.73577777777778,,,105.728,,,15.91664839091446,,,8.0,,,,94.798,,,106.272,,,98.54357142857143,,,0.7521205260556901,,,8.0,,,,93.785,,,111.114375,,,110.30720000000001,,,14.858831622977627,,,2.0,15.683132530120483,,,14.9,,,16.5,,,14.065060240963856,,,13.3,,,14.6,,,19.626506024096386,,,17.0,,,22.0,,,947.4734939759037,,,947.2,,,947.7,,,0.0,,,False,,,False,,,0.9951807228915662,,,0.5,,,1.7,,,212.16867469879517,,,146.0,,,242.0,,,,12.870987654320986,,,12.6,,,13.2,,,11.146296296296295,,,10.8,,,11.5,,,24.290123456790123,,,23.0,,,26.0,,,947.783950617284,,,947.6,,,948.0,,,0.0,,,False,,,False,,,0.9117283950617283,,,0.4,,,1.4,,,216.62345679012347,,,184.0,,,260.0,,,,16.830487804878047,,,16.1,,,17.7,,,14.853658536585366,,,14.2,,,15.3,,,18.573170731707318,,,17.0,,,20.0,,,942.1670731707317,,,942.0,,,942.4,,,0.0,,,False,,,False,,,0.6524390243902439,,,0.0,,,1.5,,,178.41463414634146,,,0.0,,,310.0,0.0,0.0,0.0,0.0,,,,,,,,,,,,,95.01133333333333,108.0407175925926,104.85959047619048,6.0,82.80215555555556,93.39185082933194,91.62292045855379,4.911111111111111
2024,23,PIA,McLaren,3.0,15.0,Finished,1,0,2.0,0.0,7.0,13.0,0.2666666666666666,-1.2,Qatar Grand Prix,17.0,6.5,3.0,1,0,2,2,566.0,4.590909090909091,25.727272727272727,0.0,1.0,4.2,28.0,0.0,,,,1.0,1.0,,,,,,,,,,,,,,,,,,,,,,,,,,,,,,,,,,,,,,,,,,,,,,,,,,,,,,,,,,,,,,,,,,,,,,,,,,,,,,,,,,,,,,,,,,,,,,,,,,,,,,,,,,,,,,,,,,,,,,,,,,,,,,,,,,,,,,,,,,,,,,,,,,,,,,,,,,,,,,,,,,,,,,,,,,,,,,,,,,,,,,,,,,,,,,,,,,,,,,,,,,,,,,,,,,,,,,,,,,,,,,,,,,,,,,,,,,,,,,,,,,,,,,,,,,,,,,,,,,,
2024,24,PIA,McLaren,10.0,1.0,Finished,0,0,25.0,1.0,-9.0,-24.0,0.6,-0.7333333333333333,Abu Dhabi Grand Prix,26.0,5.5,1.0,1,0,2,2,583.0,4.673913043478261,25.347826086956523,0.0,1.0,4.433333333333334,27.133333333333333,0.0,,,,1.0,1.0,,,,,,,,,,,,,,,,,,,,,,,,,,,,,,,,,,,,,,,,,,,,,,,,,,,,,,,,,,,,,,,,,,,,,,,,,,,,,,,,,,,,,,,,,,,,,,,,,,,,,,,,,,,,,,,,,,,,,,,,,,,,,,,,,,,,,,,,,,,,,,,,,,,,,,,,,,,,,,,,,,,,,,,,,,,,,,,,,,,,,,,,,,,,,,,,,,,,,,,,,,,,,,,,,,,,,,,,,,,,,,,,,,,,,,,,,,,,,,,,,,,,,,,,,,,,,,,,,,,
2025,1,PIA,McLaren,9.0,2.0,Finished,0,0,25.0,1.0,-8.0,-23.0,0.2,-1.8,Australian Grand Prix,27.0,5.0,1.0,1,0,2,2,0.0,,,,,,,,3.5,27.0,1.0,1.0,,,,,,,,,,,,,,,,,,,,,,,,,,,,,,,,,,,,,,,,,,,,,,,,,,,,,,,,,,,,,,,,,,,,,,,,,,,,,,,,,,,,,,,,,,,,,,,,,,,,,,,,,,,,,,,,,,,,,,,,,,,,,,,,,,,,,,,,,,,,,,,,,,,,,,,,,,,,,,,,,,,,,,,,,,,,,,,,,,,,,,,,,,,,,,,,,,,,,,,,,,,,,,,,,,,,,,,,,,,,,,,,,,,,,,,,,,,,,,,,,,,,,,,,,,,,,,,,,,,,
2025,2,PIA,McLaren,1.0,25.0,Finished,1,0,18.0,1.0,1.0,7.0,0.0,-2.466666666666667,Chinese Grand Prix,43.0,1.5,1.0,2,0,2,2,27.0,5.0,27.0,0.0,1.0,5.0,27.0,0.0,5.0,22.0,1.0,1.0,2.0,,,,,,,,,,,,,,,,,,,,,,,,,,,,,,,,,,,,,,,,,,,,,,,,,,,,,,,,,,,,,,,,,,,,,,,,,,,,,,,,,,,,,,,,,,,,,,,,,,,,,,,,,,,,,,,,,,,,,,,,,,,,,,,,,,,,,,,,,,,,,,,,,,,,,,,,,,,,,,,,,,,,,,,,,,,,,,,,,,,,,,,,,,,,,,,,,,,,,,,,,,,,,,,,,,,,,,,,,,,,,,,,,,,,,,,,,,,,,,,,,,,,,,,,,,,,,,,,,,,
2025,3,PIA,McLaren,3.0,15.0,Finished,1,0,18.0,1.0,-1.0,-3.0,-1.1333333333333333,-3.2,Japanese Grand Prix,33.0,2.5,2.0,2,0,2,2,70.0,3.25,35.0,0.0,1.0,3.25,35.0,0.0,6.5,14.0,0.0,1.0,1.0,,,,,,,,,,,,,,,,,,,,,,,,,,,,,,,,,,,,,,,,,,,,,,,,,,,,,,,,,,,,,,,,,,,,,,,,,,,,,,,,,,,,,,,,,,,,,,,,,,,,,,,,,,,,,,,,,,,,,,,,,,,,,,,,,,,,,,,,,,,,,,,,,,,,,,,,,,,,,,,,,,,,,,,,,,,,,,,,,,,,,,,,,,,,,,,,,,,,,,,,,,,,,,,,,,,,,,,,,,,,,,,,,,,,,,,,,,,,,,,,,,,,,,,,,,,,,,,,,,,
2025,4,PIA,McLaren,1.0,25.0,Finished,1,0,15.0,1.0,2.0,10.0,-1.1333333333333333,-3.2,Bahrain Grand Prix,40.0,2.0,1.0,2,0,2,2,103.0,3.0,34.333333333333336,0.0,1.0,3.0,34.333333333333336,0.0,7.0,12.0,0.0,1.0,1.0,,,,,,,,,,,,,,,,,,,,,,,,,,,,,,,,,,,,,,,,,,,,,,,,,,,,,,,,,,,,,,,,,,,,,,,,,,,,,,,,,,,,,,,,,,,,,,,,,,,,,,,,,,,,,,,,,,,,,,,,,,,,,,,,,,,,,,,,,,,,,,,,,,,,,,,,,,,,,,,,,,,,,,,,,,,,,,,,,,,,,,,,,,,,,,,,,,,,,,,,,,,,,,,,,,,,,,,,,,,,,,,,,,,,,,,,,,,,,,,,,,,,,,,,,,,,,,,,,,,
2025,5,PIA,McLaren,1.0,25.0,Finished,1,0,12.0,0.0,3.0,13.0,-1.0666666666666669,-3.0,Saudi Arabian Grand Prix,37.0,2.5,1.0,1,0,2,2,143.0,2.75,35.75,0.0,1.0,2.75,35.75,0.0,6.0,16.0,0.0,1.0,1.0,,,,,,,,,,,,,,,,,,,,,,,,,,,,,,,,,,,,,,,,,,,,,,,,,,,,,,,,,,,,,,,,,,,,,,,,,,,,,,,,,,,,,,,,,,,,,,,,,,,,,,,,,,,,,,,,,,,,,,,,,,,,,,,,,,,,,,,,,,,,,,,,,,,,,,,,,,,,,,,,,,,,,,,,,,,,,,,,,,,,,,,,,,,,,,,,,,,,,,,,,,,,,,,,,,,,,,,,,,,,,,,,,,,,,,,,,,,,,,,,,,,,,,,,,,,,,,,,,,,
2025,6,PIA,McLaren,1.0,25.0,Finished,1,0,18.0,1.0,1.0,7.0,-1.0666666666666669,-2.6666666666666665,Miami Grand Prix,43.0,1.5,1.0,2,0,2,2,180.0,2.7,36.0,0.0,1.0,2.7,36.0,0.0,7.0,25.0,1.0,1.0,1.0,,,,,,,,,,,,,,,,,,,,,,,,,,,,,,,,,,,,,,,,,,,,,,,,,,,,,,,,,,,,,,,,,,,,,,,,,,,,,,,,,,,,,,,,,,,,,,,,,,,,,,,,,,,,,,,,,,,,,,,,,,,,,,,,,,,,,,,,,,,,,,,,,,,,,,,,,,,,,,,,,,,,,,,,,,,,,,,,,,,,,,,,,,,,,,,,,,,,,,,,,,,,,,,,,,,,,,,,,,,,,,,,,,,,,,,,,,,,,,,,,,,,,,,,,,,,,,,,,,,
2025,7,PIA,McLaren,3.0,15.0,Finished,1,0,18.0,1.0,-1.0,-3.0,-0.8,-1.2666666666666666,Emilia Romagna Grand Prix,33.0,2.5,2.0,2,0,2,2,223.0,2.5,37.16666666666666,0.0,1.0,2.5,37.16666666666666,0.0,3.0,30.0,1.0,1.0,1.0,,,,,,,,,,,,,,,,,,,,,,,,,,,,,,,,,,,,,,,,,,,,,,,,,,,,,,,,,,,,,,,,,,,,,,,,,,,,,,,,,,,,,,,,,,,,,,,,,,,,,,,,,,,,,,,,,,,,,,,,,,,,,,,,,,,,,,,,,,,,,,,,,,,,,,,,,,,,,,,,,,,,,,,,,,,,,,,,,,,,,,,,,,,,,,,,,,,,,,,,,,,,,,,,,,,,,,,,,,,,,,,,,,,,,,,,,,,,,,,,,,,,,,,,,,,,,,,,,,,
2025,8,PIA,McLaren,3.0,15.0,Finished,1,0,25.0,1.0,-2.0,-10.0,-0.9333333333333332,-1.6,Monaco Grand Prix,40.0,2.0,1.0,2,0,2,2,256.0,2.5,36.57142857142857,0.0,1.0,2.5,36.57142857142857,0.0,3.0,30.0,1.0,1.0,1.0,,,,,,,,,,,,,,,,,,,,,,,,,,,,,,,,,,,,,,,,,,,,,,,,,,,,,,,,,,,,,,,,,,,,,,,,,,,,,,,,,,,,,,,,,,,,,,,,,,,,,,,,,,,,,,,,,,,,,,,,,,,,,,,,,,,,,,,,,,,,,,,,,,,,,,,,,,,,,,,,,,,,,,,,,,,,,,,,,,,,,,,,,,,,,,,,,,,,,,,,,,,,,,,,,,,,,,,,,,,,,,,,,,,,,,,,,,,,,,,,,,,,,,,,,,,,,,,,,,,
2025,9,PIA,McLaren,1.0,25.0,Finished,1,0,18.0,1.0,1.0,7.0,-1.2666666666666666,-3.066666666666667,Spanish Grand Prix,43.0,1.5,1.0,2,0,2,2,296.0,2.4375,37.0,0.0,1.0,2.4375,37.0,0.0,4.5,25.0,1.0,1.0,1.0,,,,,,,,,,,,,,,,,,,,,,,,,,,,,,,,,,,,,,,,,,,,,,,,,,,,,,,,,,,,,,,,,,,,,,,,,,,,,,,,,,,,,,,,,,,,,,,,,,,,,,,,,,,,,,,,,,,,,,,,,,,,,,,,,,,,,,,,,,,,,,,,,,,,,,,,,,,,,,,,,,,,,,,,,,,,,,,,,,,,,,,,,,,,,,,,,,,,,,,,,,,,,,,,,,,,,,,,,,,,,,,,,,,,,,,,,,,,,,,,,,,,,,,,,,,,,,,,,,,
2024,1,RIC,RB,13.0,0.0,Lapped,0,1,0.0,0.0,1.0,0.0,,,Bahrain Grand Prix,0.0,13.5,13.0,0,0,2,2,0.0,,,,,,,,,,,1.0,,Bahrain Grand Prix,92.869,,,106.69286666666666,,,102.22457142857142,,,10.030264251373481,,,1.0,,,,91.516,,,102.76634999999999,,,99.60861538461539,,,6.9722754121647315,,,12.0,,,,91.449,,,111.18033333333334,,,114.86200000000001,,,17.10481041987897,,,11.0,34.21585365853659,,,31.9,,,36.0,,,19.373170731707315,,,19.0,,,19.8,,,38.74390243902439,,,36.0,,,41.0,,,1016.1012195121951,,,1015.9,,,1016.3,,,0.0,,,False,,,False,,,3.3780487804878048,,,2.1,,,4.7,,,66.45121951219512,,,35.0,,,109.0,,,,22.098780487804877,,,21.1,,,23.4,,,17.24756097560976,,,17.1,,,17.4,,,39.02439024390244,,,34.0,,,46.0,,,1017.2317073170732,,,1017.0,,,1017.6,,,0.0,,,False,,,False,,,2.2817073170731708,,,1.2,,,3.5,,,82.76829268292683,,,41.0,,,134.0,,,,32.01341463414634,,,29.2,,,35.2,,,20.259756097560977,,,19.9,,,20.6,,,35.71951219512195,,,30.0,,,41.0,,,1017.720731707317,,,1017.4,,,1018.0,,,0.0,,,False,,,False,,,2.778048780487805,,,1.6,,,4.0,,,54.5,,,28.0,,,85.0,0.0,0.0,0.0,0.0,,,,,,,,,,,,,91.94466666666666,106.87984999999999,105.56506227106227,8.0,,,,
2024,2,RIC,RB,16.0,0.0,Lapped,0,1,0.0,0.0,-1.0,0.0,1.0,0.0,Saudi Arabian Grand Prix,0.0,15.5,15.0,0,0,2,2,0.0,13.5,0.0,0.0,1.0,13.5,0.0,0.0,,,,6.0,6.0,Saudi Arabian Grand Prix,90.917,,,109.33517647058824,,,106.3534,,,17.43827367347786,,,12.0,,,,90.088,,,104.70057142857142,,,99.75181818181818,,,14.627837480763736,,,19.0,,,,89.74,,,105.03524999999999,,,104.2985,,,15.108750411599235,,,16.0,39.70125,,,38.2,,,41.9,,,26.754999999999995,,,26.4,,,27.1,,,57.575,,,53.0,,,61.0,,,1012.2375,,,1012.0,,,1012.5,,,0.0,,,False,,,False,,,4.80625,,,3.2,,,6.8,,,24.6125,,,1.0,,,41.0,,,,30.59677419354838,,,29.2,,,31.5,,,25.370967741935488,,,25.2,,,25.6,,,59.784946236559136,,,58.0,,,63.0,,,1013.7204301075269,,,1013.2,,,1014.1,,,0.0,,,False,,,False,,,2.4010752688172046,,,0.6,,,4.1,,,92.86021505376344,,,0.0,,,360.0,,,,39.558536585365864,,,37.3,,,43.5,,,25.98414634146341,,,25.6,,,26.3,,,60.34146341463415,,,57.0,,,63.0,,,1012.940243902439,,,1012.7,,,1013.4,,,0.0,,,False,,,False,,,4.16219512195122,,,2.1,,,5.8,,,23.451219512195124,,,0.0,,,54.0,0.0,0.0,0.0,0.0,,,,,,,,,,,,,90.24833333333333,106.3569992997199,103.46790606060607,15.666666666666666,91.94466666666666,106.87984999999999,105.56506227106227,8.0
2024,3,RIC,RB,12.0,0.0,Lapped,0,1,6.0,0.0,-5.0,-6.0,0.0,0.0,Australian Grand Prix,6.0,9.5,7.0,0,0,2,2,0.0,14.5,0.0,0.0,1.0,14.5,0.0,0.0,,,,7.0,7.0,Australian Grand Prix,79.274,,,100.81194117647058,,,101.0005,,,25.623548900918816,,,11.0,,,,78.534,,,93.79254545454546,,,84.274125,,,0.9348714865844246,,,12.0,,,,77.963,,,96.038,,,99.632,,,19.81728157081952,,,18.0,33.70987654320987,,,29.9,,,36.8,,,18.469135802469136,,,18.0,,,19.0,,,61.01234567901235,,,55.0,,,64.0,,,1023.5641975308641,,,1023.2,,,1023.9,,,0.0,,,False,,,False,,,1.262962962962963,,,0.5,,,2.7,,,142.54320987654322,,,0.0,,,342.0,,,,36.15731707317073,,,34.0,,,38.3,,,20.157317073170734,,,20.0,,,20.4,,,56.926829268292686,,,55.0,,,58.0,,,1022.0512195121953,,,1021.8,,,1022.2,,,0.0,,,False,,,False,,,1.803658536585366,,,0.7,,,3.0,,,147.47560975609755,,,0.0,,,354.0,,,,27.669135802469132,,,25.2,,,31.0,,,18.27283950617284,,,17.9,,,18.8,,,59.39506172839506,,,56.0,,,62.0,,,1025.324691358025,,,1025.0,,,1025.6,,,0.0,,,False,,,False,,,1.4333333333333333,,,0.5,,,2.8,,,133.25925925925927,,,0.0,,,346.0,0.0,0.0,0.0,0.0,,,,,,,,,,,,,78.59033333333333,96.88082887700534,94.96887500000001,13.666666666666666,91.09649999999999,106.61842464985995,104.51648416583417,11.833333333333332
2024,4,RIC,RB,19.0,0.0,Retired,0,1,1.0,0.0,-9.0,-1.0,-1.6666666666666667,-2.0,Japanese Grand Prix,1.0,14.5,10.0,0,1,1,2,6.0,12.833333333333334,2.0,0.0,1.0,12.833333333333334,2.0,0.0,,,,6.0,7.0,Japanese Grand Prix,,,,,,,,,,,,,,,,,101.913,,,113.67075,,,111.469,,,12.816147939221052,,,5.0,,,,90.682,,,106.16142857142857,,,95.1392,,,0.5956195933647646,,,13.0,24.296249999999997,,,22.9,,,25.8,,,16.566250000000004,,,15.4,,,17.2,,,42.6875,,,35.0,,,53.0,,,1013.31125,,,1012.9,,,1013.6,,,0.0,,,False,,,False,,,1.3625,,,0.4,,,3.0,,,178.175,,,10.0,,,359.0,,,,16.752325581395347,,,16.2,,,18.1,,,13.02093023255814,,,12.5,,,14.1,,,72.95348837209302,,,60.0,,,80.0,,,1013.4674418604648,,,1013.3,,,1013.7,,,0.20930232558139536,,,False,,,True,,,1.0046511627906978,,,0.0,,,1.9,,,157.5,,,0.0,,,218.0,,,,26.660759493670884,,,24.2,,,29.6,,,17.38227848101266,,,16.7,,,17.9,,,66.10126582278481,,,62.0,,,69.0,,,1015.8417721518989,,,1015.0,,,1016.5,,,0.0,,,False,,,False,,,1.3746835443037975,,,0.4,,,2.5,,,171.72151898734177,,,0.0,,,358.0,0.0,0.0,0.0,0.0,,,,,,,,,,,,,96.2975,109.91608928571429,103.3041,9.0,86.92777777777776,103.37255939224174,101.33394777722278,12.444444444444443
2024,5,RIC,RB,18.0,0.0,Retired,0,1,0.0,0.0,1.0,0.0,-3.5,-1.75,Chinese Grand Prix,0.0,18.5,18.0,0,2,0,2,7.0,13.25,1.75,0.25,0.75,13.25,1.75,0.25,,,,6.0,7.0,Chinese Grand Prix,97.238,,,110.76817647058822,,,107.565,,,14.37066766517329,,,9.0,,,,,,,,,,,,,,,,,,,,,,,,,,,,,,,,,39.46829268292684,,,38.2,,,42.1,,,23.142682926829266,,,22.3,,,23.8,,,22.865853658536587,,,21.0,,,25.0,,,1009.3329268292683,,,1008.5,,,1010.1,,,0.0,,,False,,,False,,,1.3536585365853657,,,0.0,,,3.2,,,146.96341463414635,,,0.0,,,356.0,,,,,,,,,,,,,,,,,,,,,,,,,,,,,,,,,,,,,,,,,,,,,,,,,,,,,,,,,,,,,,,,,,,,,,,,,,,,,,,,,,,,,,,,,,,,,,,,,,,,,,,,,,,,,,,,,,,,,,,,,,,,,,,,,1.0,0.0,0.0,0.0,,,,,,,,,,,,,97.238,110.76817647058822,107.565,9.0,89.27020833333333,105.00844186560988,101.82648583291709,11.583333333333332
2024,6,RIC,RB,15.0,0.0,Finished,0,0,6.0,0.0,-8.0,-6.0,-2.6,-1.4,Miami Grand Prix,6.0,11.0,7.0,0,0,2,2,7.0,14.3,1.4,0.6,0.4,14.3,1.4,0.6,,,,6.0,7.0,Miami Grand Prix,89.178,,,106.83664999999999,,,107.18333333333334,,,22.1090941935803,,,11.0,,,,,,,,,,,,,,,,,,,,,,,,,,,,,,,,,49.958441558441564,,,43.4,,,54.9,,,28.780519480519484,,,28.3,,,29.3,,,56.27272727272727,,,53.0,,,59.0,,,1015.31038961039,,,1015.0,,,1015.6,,,0.0,,,False,,,False,,,3.0090909090909084,,,1.3,,,4.7,,,160.14285714285714,,,99.0,,,197.0,,,,,,,,,,,,,,,,,,,,,,,,,,,,,,,,,,,,,,,,,,,,,,,,,,,,,,,,,,,,,,,,,,,,,,,,,,,,,,,,,,,,,,,,,,,,,,,,,,,,,,,,,,,,,,,,,,,,,,,,,,,,,,,,,1.0,0.0,0.0,0.0,,,,,,,,,,,,,89.178,106.83664999999999,107.18333333333334,11.0,90.86376666666666,106.16038878660554,102.97418866633367,11.066666666666666
2024,7,RIC,RB,13.0,0.0,Lapped,0,1,1.0,0.0,-3.0,-1.0,-3.5,-2.1666666666666665,Emilia Romagna Grand Prix,1.0,11.5,10.0,0,0,2,2,13.0,13.75,2.1666666666666665,0.5,0.5,13.75,2.1666666666666665,0.5,,,,6.0,7.0,Emilia Romagna Grand Prix,78.142,,,97.08233333333334,,,99.8591111111111,,,20.861821201925565,,,13.0,,,,76.967,,,89.55062500000001,,,84.5948,,,10.41264684478859,,,11.0,,,,76.56,,,98.9975,,,108.842,,,28.135601166493668,,,11.0,43.45443037974684,,,42.6,,,44.5,,,23.972151898734175,,,23.3,,,24.6,,,32.53164556962025,,,30.0,,,35.0,,,1006.8518987341771,,,1006.6,,,1007.1,,,0.0,,,False,,,False,,,3.951898734177215,,,2.3,,,5.3,,,301.0506329113924,,,239.0,,,338.0,,,,36.84230769230769,,,35.1,,,39.0,,,24.379487179487178,,,24.0,,,24.7,,,33.94871794871795,,,29.0,,,36.0,,,1006.4525641025638,,,1006.2,,,1006.7,,,0.0,,,False,,,False,,,2.5230769230769234,,,0.5,,,4.6,,,284.1923076923077,,,2.0,,,350.0,,,,44.48076923076923,,,42.4,,,45.9,,,23.603846153846156,,,23.0,,,24.3,,,41.32051282051282,,,39.0,,,44.0,,,1009.2435897435897,,,1008.9,,,1009.5,,,0.0,,,False,,,False,,,1.9025641025641027,,,0.7,,,3.8,,,137.17948717948718,,,0.0,,,354.0,0.0,0.0,0.0,0.0,,,,,,,,,,,,,77.223,95.2101527777778,97.7653037037037,11.666666666666666,90.58280555555557,106.27309898883796,103.67571277750028,11.055555555555555
2024,8,RIC,RB,12.0,0.0,Lapped,0,1,4.0,0.0,-4.0,-4.0,-3.4285714285714284,-2.0,Monaco Grand Prix,4.0,10.0,8.0,0,0,2,2,14.0,13.428571428571429,2.0,0.4285714285714285,0.5714285714285714,13.428571428571429,2.0,0.4285714285714285,,,,6.0,7.0,Monaco Grand Prix,72.901,,,88.75053333333332,,,85.4656,,,12.607626488983335,,,9.0,,,,72.577,,,85.96406666666667,,,83.65854545454545,,,19.584536325191035,,,16.0,,,,72.829,,,88.44642105263158,,,84.34477777777778,,,13.965034477023123,,,18.0,35.56103896103896,,,32.5,,,38.6,,,20.71688311688312,,,19.9,,,21.5,,,66.72727272727273,,,61.0,,,72.0,,,1018.2766233766234,,,1017.7,,,1018.7,,,0.09090909090909091,,,False,,,True,,,0.7467532467532466,,,0.0,,,1.5,,,156.16883116883116,,,0.0,,,359.0,,,,31.30246913580247,,,29.9,,,32.5,,,20.76172839506173,,,20.2,,,21.3,,,66.44444444444444,,,63.0,,,70.0,,,1017.1432098765433,,,1016.8,,,1017.5,,,0.0,,,False,,,False,,,0.7901234567901234,,,0.0,,,1.7,,,144.09876543209876,,,0.0,,,348.0,,,,46.86202531645569,,,45.0,,,48.5,,,21.67468354430379,,,21.3,,,22.0,,,57.40506329113924,,,55.0,,,61.0,,,1017.5379746835443,,,1017.4,,,1017.7,,,0.0,,,False,,,False,,,0.8240506329113924,,,0.0,,,1.6,,,190.30379746835442,,,0.0,,,359.0,0.0,0.0,0.0,0.0,,,,,,,,,,,,,72.769,87.72034035087718,84.48964107744108,14.333333333333334,88.6742619047619,104.69267810154363,102.83136862410076,11.142857142857142
2024,9,RIC,RB,8.0,4.0,Finished,0,0,0.0,0.0,6.0,4.0,-3.5,-2.25,Canadian Grand Prix,4.0,11.0,8.0,0,0,2,2,18.0,13.0,2.25,0.375,0.625,13.0,2.25,0.375,,,,6.0,6.0,Canadian Grand Prix,88.582,,,93.946,,,90.70166666666667,,,2.3205000179559034,,,11.0,,,,76.731,,,89.25764705882352,,,95.152,,,14.674999716070417,,,5.0,,,,73.279,,,88.70608695652174,,,82.40736363636364,,,10.482294989864839,,,6.0,28.68205128205127,,,25.5,,,32.2,,,18.237179487179485,,,17.2,,,19.3,,,83.57692307692308,,,77.0,,,89.0,,,998.6589743589747,,,998.2,,,999.5,,,0.1794871794871795,,,False,,,True,,,1.2474358974358977,,,0.0,,,2.8,,,226.64102564102564,,,0.0,,,355.0,,,,25.546249999999997,,,23.8,,,27.1,,,18.99625,,,18.1,,,19.6,,,68.5,,,64.0,,,72.0,,,999.23375,,,998.8,,,999.7,,,0.8875,,,False,,,True,,,1.2925,,,0.3,,,2.9,,,151.95,,,0.0,,,337.0,,,,36.4,,,32.2,,,39.1,,,20.854320987654322,,,19.9,,,21.6,,,61.925925925925924,,,59.0,,,64.0,,,1000.5185185185185,,,1000.2,,,1000.8,,,0.0,,,False,,,False,,,1.6790123456790123,,,0.8,,,2.9,,,157.17283950617283,,,0.0,,,348.0,0.0,0.0,0.0,0.0,,,,,,,,,,,,,79.53066666666666,90.6365780051151,89.42034343434345,7.333333333333333,86.68610416666667,102.57113588271034,100.53865268076831,11.541666666666666
2024,10,RIC,RB,15.0,0.0,Lapped,0,1,0.0,0.0,4.0,0.0,-2.4444444444444446,-1.5555555555555556,Spanish Grand Prix,0.0,17.0,15.0,0,0,2,2,22.0,12.77777777777778,2.4444444444444446,0.3333333333333333,0.6666666666666667,12.77777777777778,2.4444444444444446,0.3333333333333333,,,,6.0,6.0,Spanish Grand Prix,75.58,,,91.27600000000001,,,91.948625,,,15.37686900080303,,,15.0,,,,74.257,,,90.05955,,,81.50663636363636,,,0.5227267494068519,,,16.0,,,,74.161,,,88.1721,,,88.64462499999999,,,18.597653346111787,,,16.0,47.092592592592595,,,45.3,,,48.0,,,28.16543209876543,,,27.5,,,28.5,,,33.666666666666664,,,29.0,,,38.0,,,1004.3987654320988,,,1004.1,,,1004.6,,,0.0,,,False,,,False,,,2.0950617283950614,,,0.0,,,3.5,,,214.14814814814815,,,0.0,,,276.0,,,,43.05185185185185,,,41.2,,,44.2,,,24.86543209876543,,,24.5,,,25.6,,,49.901234567901234,,,45.0,,,56.0,,,1004.495061728395,,,1004.3,,,1004.7,,,0.0,,,False,,,False,,,1.8407407407407406,,,0.8,,,2.9,,,205.08641975308643,,,0.0,,,340.0,,,,43.355000000000004,,,38.9,,,46.3,,,26.441250000000004,,,26.0,,,26.9,,,57.7125,,,47.0,,,62.0,,,1004.5975000000001,,,1004.3,,,1005.0,,,0.0,,,False,,,False,,,1.6612500000000001,,,0.4,,,2.7,,,218.975,,,0.0,,,355.0,0.0,0.0,0.0,0.0,,,,,,,,,,,,,74.666,89.83588333333334,87.36662878787878,15.666666666666666,85.89105555555555,101.24507389631087,99.3032849867211,11.074074074074074
2024,11,RIC,RB,9.0,2.0,Finished,0,0,0.0,0.0,5.0,2.0,-1.8,-1.4,Austrian Grand Prix,2.0,11.5,9.0,0,0,2,2,22.0,13.2,2.2,0.3,0.7,13.2,2.2,0.3,,,,6.0,7.0,Austrian Grand Prix,66.962,,,85.21714285714286,,,90.3886,,,21.18936106320024,,,16.0,,,,,,,,,,,,,,,,,,,,,,,,,,,,,,,,,36.88354430379747,,,30.7,,,42.5,,,23.24430379746836,,,21.9,,,24.5,,,59.54430379746835,,,56.0,,,64.0,,,940.7518987341775,,,940.5,,,940.9,,,0.0,,,False,,,False,,,2.6,,,0.7,,,4.0,,,104.36708860759494,,,0.0,,,142.0,,,,,,,,,,,,,,,,,,,,,,,,,,,,,,,,,,,,,,,,,,,,,,,,,,,,,,,,,,,,,,,,,,,,,,,,,,,,,,,,,,,,,,,,,,,,,,,,,,,,,,,,,,,,,,,,,,,,,,,,,,,,,,,,,1.0,0.0,0.0,0.0,,,,,,,,,,,,,66.962,85.21714285714286,90.3886,16.0,84.76855,100.10415484001312,98.10961936683687,11.533333333333333
2024,12,RIC,RB,13.0,0.0,Lapped,0,1,1.0,0.0,-3.0,-1.0,-1.181818181818182,-1.0909090909090908,British Grand Prix,1.0,11.5,10.0,0,0,2,2,24.0,13.045454545454543,2.1818181818181817,0.2727272727272727,0.7272727272727273,13.045454545454543,2.1818181818181817,0.2727272727272727,,,,6.0,7.0,British Grand Prix,88.477,,,103.1804117647059,,,104.72822222222221,,,21.939289600952094,,,13.0,,,,87.916,,,100.30086666666666,,,93.84028571428573,,,0.5844726153510029,,,19.0,,,,100.823,,,107.9287,,,107.72288888888889,,,9.142515674643992,,,18.0,24.554320987654318,,,21.2,,,28.1,,,16.386419753086418,,,15.6,,,17.2,,,75.61728395061728,,,72.0,,,81.0,,,989.422222222222,,,989.2,,,989.6,,,0.0,,,False,,,False,,,1.3691358024691358,,,0.3,,,3.2,,,213.44444444444446,,,0.0,,,353.0,,,,29.296296296296298,,,25.0,,,32.7,,,18.319753086419755,,,17.5,,,18.9,,,67.5679012345679,,,61.0,,,74.0,,,987.8740740740741,,,987.4,,,988.5,,,0.1728395061728395,,,False,,,True,,,1.7185185185185183,,,0.5,,,2.9,,,223.8148148148148,,,0.0,,,289.0,,,,16.291463414634144,,,15.7,,,17.7,,,11.173170731707318,,,10.7,,,11.6,,,89.42682926829268,,,87.0,,,92.0,,,984.439024390244,,,983.7,,,985.1,,,0.6585365853658537,,,False,,,True,,,2.296341463414634,,,1.0,,,4.2,,,233.8170731707317,,,0.0,,,277.0,0.0,0.0,0.0,0.0,,,,,,,,,,,,,92.40533333333333,103.80332614379085,102.0971322751323,16.666666666666668,83.14977272727273,98.75079011429763,97.40770851530624,11.93939393939394
2024,13,RIC,RB,12.0,0.0,Lapped,0,1,2.0,0.0,-3.0,-2.0,-1.3333333333333333,-1.0833333333333333,Hungarian Grand Prix,2.0,10.5,9.0,0,0,2,2,25.0,12.916666666666666,2.083333333333333,0.25,0.75,12.916666666666666,2.083333333333333,0.25,,,,6.0,7.0,Hungarian Grand Prix,79.578,,,98.67276470588234,,,92.288,,,17.008892242980828,,,12.0,,,,78.371,,,88.32308333333333,,,90.24980000000001,,,17.067509587257046,,,8.0,,,,76.652,,,91.52875,,,76.652,,,,,,6.0,58.49878048780489,,,56.9,,,60.6,,,31.00487804878049,,,30.4,,,31.8,,,38.0,,,34.0,,,40.0,,,990.5731707317075,,,990.1,,,991.0,,,0.0,,,False,,,False,,,1.2621951219512195,,,0.3,,,3.8,,,207.78048780487805,,,0.0,,,345.0,,,,45.81975308641975,,,41.5,,,49.8,,,31.196296296296293,,,30.5,,,31.9,,,37.17283950617284,,,35.0,,,40.0,,,988.1012345679012,,,987.7,,,988.6,,,0.0,,,False,,,False,,,1.008641975308642,,,0.0,,,2.5,,,162.4320987654321,,,0.0,,,284.0,,,,39.0575,,,36.9,,,41.3,,,26.839999999999996,,,26.6,,,27.1,,,42.9375,,,42.0,,,44.0,,,984.8787500000001,,,984.6,,,985.2,,,0.0,,,False,,,False,,,0.92875,,,0.0,,,1.9,,,218.125,,,0.0,,,338.0,0.0,0.0,0.0,0.0,,,,,,,,,,,,,78.20033333333333,92.84153267973856,86.39659999999999,8.666666666666666,83.92106944444444,99.17183478342207,97.79849382862507,12.333333333333334
2024,14,RIC,RB,10.0,1.0,Finished,0,0,0.0,0.0,6.0,1.0,-1.4615384615384617,-1.1538461538461535,Belgian Grand Prix,1.0,13.0,10.0,0,0,2,2,27.0,12.73076923076923,2.076923076923077,0.2307692307692307,0.7692307692307692,12.73076923076923,2.076923076923077,0.2307692307692307,,,,6.0,7.0,Belgian Grand Prix,104.95,,,117.6515,,,116.02350000000001,,,8.614075080935852,,,13.0,,,,103.823,,,111.15766666666667,,,110.66979999999998,,,1.1750211487458493,,,14.0,,,,128.41,,,137.498,,,137.498,,,12.85237285484669,,,14.0,38.3867469879518,,,35.2,,,40.9,,,22.012048192771083,,,21.4,,,22.5,,,60.855421686746986,,,58.0,,,65.0,,,964.7867469879518,,,964.5,,,965.0,,,0.012048192771084338,,,False,,,True,,,1.5518072289156624,,,0.0,,,4.0,,,156.0120481927711,,,0.0,,,359.0,,,,35.19024390243902,,,33.3,,,36.9,,,21.78170731707317,,,21.2,,,22.2,,,64.3048780487805,,,62.0,,,67.0,,,965.0170731707318,,,964.8,,,965.2,,,0.0,,,False,,,False,,,1.2378048780487805,,,0.4,,,2.7,,,134.90243902439025,,,0.0,,,358.0,,,,21.782926829268295,,,21.2,,,22.9,,,18.108536585365854,,,17.8,,,18.7,,,92.91463414634147,,,89.0,,,96.0,,,965.8914634146339,,,965.7,,,966.0,,,0.8902439024390244,,,False,,,True,,,1.423170731707317,,,0.5,,,2.4,,,156.6829268292683,,,102.0,,,244.0,0.0,0.0,0.0,0.0,,,,,,,,,,,,,112.39433333333334,122.10238888888888,121.39709999999998,13.666666666666666,83.48101282051282,98.6848884677541,96.921425072577,12.051282051282051
2024,15,RIC,RB,12.0,0.0,Lapped,0,1,0.0,0.0,5.0,0.0,-0.9285714285714286,-1.0,Dutch Grand Prix,0.0,14.5,12.0,0,0,2,2,28.0,12.75,2.0,0.2142857142857142,0.7857142857142857,12.75,2.0,0.2142857142857142,,,,6.0,7.0,Dutch Grand Prix,76.231,,,92.28644444444444,,,93.53216666666667,,,15.731212151854885,,,19.0,,,,71.63,,,85.23349999999999,,,77.12346153846154,,,0.9449405285858484,,,13.0,,,,85.433,,,92.1405,,,92.1405,,,9.485837469617529,,,18.0,21.725925925925925,,,20.3,,,23.8,,,20.233333333333334,,,19.4,,,21.3,,,83.87654320987654,,,75.0,,,92.0,,,1003.335802469136,,,1002.6,,,1004.1,,,0.14814814814814814,,,False,,,True,,,7.109876543209876,,,4.7,,,9.6,,,223.8395061728395,,,204.0,,,242.0,,,,31.169620253164563,,,29.8,,,31.9,,,21.37721518987342,,,21.1,,,21.6,,,62.51898734177215,,,60.0,,,65.0,,,1006.8721518987339,,,1006.2,,,1007.4,,,0.0,,,False,,,False,,,5.472151898734178,,,4.3,,,7.0,,,207.31645569620252,,,187.0,,,230.0,,,,21.572151898734177,,,19.3,,,25.1,,,19.350632911392406,,,17.5,,,21.4,,,94.20253164556962,,,88.0,,,96.0,,,1004.4113924050635,,,1004.0,,,1004.7,,,0.21518987341772153,,,False,,,True,,,1.9759493670886072,,,0.0,,,3.5,,,209.34177215189874,,,0.0,,,244.0,0.0,0.0,0.0,0.0,,,,,,,,,,,,,77.76466666666666,89.88681481481483,87.5987094017094,16.666666666666668,85.54625,100.35756706926374,98.66968756739293,12.166666666666668
2024,16,RIC,RB,13.0,0.0,Finished,0,0,0.0,0.0,7.0,0.0,-0.5333333333333333,-0.9333333333333332,Italian Grand Prix,0.0,16.5,13.0,0,1,1,2,28.0,12.866666666666667,1.8666666666666667,0.2,0.8,12.866666666666667,1.8666666666666667,0.2,,,,6.0,7.0,Italian Grand Prix,82.605,,,90.08481818181818,,,90.00033333333333,,,8.426024036677486,,,12.0,,,,81.3,,,90.93681818181818,,,86.57783333333333,,,0.9216627184966715,,,8.0,,,,81.077,,,91.60766666666666,,,101.62866666666666,,,30.54482657232372,,,12.0,50.81358024691359,,,48.7,,,52.1,,,32.7641975308642,,,32.2,,,33.4,,,38.135802469135804,,,36.0,,,40.0,,,996.3456790123457,,,995.9,,,996.7,,,0.0,,,False,,,False,,,1.0333333333333334,,,0.0,,,2.1,,,192.23456790123456,,,0.0,,,357.0,,,,44.350632911392395,,,41.6,,,48.0,,,34.029113924050634,,,33.7,,,34.4,,,32.177215189873415,,,31.0,,,34.0,,,994.7316455696205,,,994.5,,,995.0,,,0.0,,,False,,,False,,,1.092405063291139,,,0.0,,,2.9,,,213.26582278481013,,,0.0,,,357.0,,,,46.333333333333336,,,43.3,,,48.5,,,31.627160493827162,,,30.9,,,32.4,,,41.7037037037037,,,35.0,,,46.0,,,997.4049382716049,,,997.2,,,997.6,,,0.0,,,False,,,False,,,1.1246913580246913,,,0.0,,,2.3,,,206.4814814814815,,,0.0,,,351.0,0.0,0.0,0.0,0.0,,,,,,,,,,,,,81.66066666666667,90.87643434343435,92.73561111111111,10.666666666666666,85.02747777777778,99.65951691896713,97.93162235634736,12.466666666666667
2024,17,RIC,RB,13.0,0.0,Finished,0,0,0.0,0.0,7.0,0.0,-0.1333333333333333,-0.9333333333333332,Azerbaijan Grand Prix,0.0,16.5,13.0,0,1,1,2,28.0,13.09375,1.75,0.25,0.75,13.066666666666666,1.8666666666666667,0.2666666666666666,,,,6.0,7.0,Azerbaijan Grand Prix,106.687,,,118.06376923076924,,,115.3042,,,4.698951340458846,,,10.0,,,,105.056,,,110.45800000000001,,,111.97572727272727,,,1.3490385532599922,,,16.0,,,,103.87,,,120.281375,,,125.10716666666667,,,17.461579211705526,,,14.0,43.68478260869565,,,39.8,,,46.2,,,29.195652173913032,,,28.0,,,30.6,,,39.09782608695652,,,26.0,,,50.0,,,1015.1771739130434,,,1014.9,,,1015.6,,,0.0,,,False,,,False,,,1.6956521739130432,,,0.5,,,3.5,,,119.3695652173913,,,0.0,,,353.0,,,,36.34878048780487,,,32.9,,,41.2,,,28.52926829268293,,,27.5,,,29.2,,,33.09756097560975,,,27.0,,,47.0,,,1015.0731707317074,,,1014.8,,,1015.3,,,0.0,,,False,,,False,,,1.224390243902439,,,0.0,,,2.6,,,115.8170731707317,,,0.0,,,358.0,,,,31.889024390243897,,,31.0,,,33.1,,,26.991463414634143,,,26.7,,,27.3,,,39.40243902439025,,,35.0,,,44.0,,,1016.6475609756096,,,1016.3,,,1016.9,,,0.35365853658536583,,,False,,,True,,,0.7658536585365854,,,0.0,,,1.7,,,125.02439024390245,,,0.0,,,357.0,0.0,0.0,0.0,0.0,,,,,,,,,,,,,105.20433333333334,116.26771474358975,117.46236464646465,13.333333333333334,84.34187777777778,98.59262254186277,97.0763256123506,12.644444444444444
2024,18,RIC,RB,18.0,0.0,Lapped,0,1,0.0,0.0,-6.0,0.0,0.4,-0.9333333333333332,Singapore Grand Prix,0.0,15.0,12.0,0,0,2,2,28.0,13.294117647058824,1.6470588235294117,0.2941176470588235,0.7058823529411764,13.133333333333333,1.8666666666666667,0.3333333333333333,,,,6.0,7.0,Singapore Grand Prix,92.375,,,104.3664,,,106.9906,,,19.833647755771008,,,7.0,,,,91.478,,,104.40670588235294,,,104.44907692307692,,,12.042136787557954,,,6.0,,,,91.561,,,111.62877777777777,,,112.1126,,,27.094457852114328,,,17.0,37.114999999999995,,,35.6,,,38.8,,,31.35,,,31.2,,,31.5,,,64.4375,,,63.0,,,67.0,,,1005.6075000000001,,,1005.3,,,1005.9,,,0.0,,,False,,,False,,,2.44875,,,1.2,,,3.4,,,187.9,,,177.0,,,214.0,,,,32.95000000000001,,,32.3,,,33.6,,,30.181707317073165,,,30.0,,,30.3,,,73.98780487804878,,,73.0,,,75.0,,,1008.1158536585366,,,1007.8,,,1008.6,,,0.0,,,False,,,False,,,1.6597560975609755,,,1.1,,,2.4,,,203.09756097560975,,,171.0,,,222.0,,,,37.0670731707317,,,34.9,,,38.6,,,30.06219512195122,,,29.9,,,30.2,,,75.13414634146342,,,74.0,,,77.0,,,1006.7951219512195,,,1006.6,,,1007.0,,,0.0,,,False,,,False,,,0.4817073170731707,,,0.0,,,1.5,,,199.15853658536585,,,0.0,,,323.0,0.0,0.0,0.0,0.0,,,,,,,,,,,,,91.80466666666666,106.80062788671023,107.85075897435898,10.0,85.33894444444445,99.25333690478743,98.00928951807451,12.488888888888889
2024,1,RUS,Mercedes,5.0,10.0,Finished,0,0,6.0,0.0,2.0,4.0,,,Bahrain Grand Prix,16.0,6.0,5.0,0,0,2,2,0.0,,,,,,,,,,,1.0,,Bahrain Grand Prix,93.251,,,111.20283333333333,,,103.66175,,,13.885057176177353,,,7.0,,,,90.58,,,99.84385714285715,,,97.0528181818182,,,0.3352338939253646,,,2.0,,,,91.19,,,91.94733333333333,,,91.19,,,,,,6.0,34.21585365853659,,,31.9,,,36.0,,,19.373170731707315,,,19.0,,,19.8,,,38.74390243902439,,,36.0,,,41.0,,,1016.1012195121951,,,1015.9,,,1016.3,,,0.0,,,False,,,False,,,3.3780487804878048,,,2.1,,,4.7,,,66.45121951219512,,,35.0,,,109.0,,,,22.098780487804877,,,21.1,,,23.4,,,17.24756097560976,,,17.1,,,17.4,,,39.02439024390244,,,34.0,,,46.0,,,1017.2317073170732,,,1017.0,,,1017.6,,,0.0,,,False,,,False,,,2.2817073170731708,,,1.2,,,3.5,,,82.76829268292683,,,41.0,,,134.0,,,,32.01341463414634,,,29.2,,,35.2,,,20.259756097560977,,,19.9,,,20.6,,,35.71951219512195,,,30.0,,,41.0,,,1017.720731707317,,,1017.4,,,1018.0,,,0.0,,,False,,,False,,,2.778048780487805,,,1.6,,,4.0,,,54.5,,,28.0,,,85.0,0.0,0.0,0.0,0.0,,,,,,,,,,,,,91.67366666666668,100.99800793650793,97.30152272727274,5.0,,,,
2024,2,RUS,Mercedes,6.0,8.0,Finished,0,0,2.0,0.0,3.0,6.0,2.0,4.0,Saudi Arabian Grand Prix,10.0,7.5,6.0,0,0,2,2,16.0,6.0,16.0,0.0,1.0,6.0,16.0,0.0,,,,3.0,3.0,Saudi Arabian Grand Prix,89.939,,,101.88614285714286,,,108.45025,,,20.385186671768725,,,4.0,,,,89.057,,,104.86708333333335,,,109.4095,,,23.60735902919539,,,2.0,,,,88.964,,,101.9573,,,93.0365,,,3.1498348633962867,,,4.0,39.70125,,,38.2,,,41.9,,,26.754999999999995,,,26.4,,,27.1,,,57.575,,,53.0,,,61.0,,,1012.2375,,,1012.0,,,1012.5,,,0.0,,,False,,,False,,,4.80625,,,3.2,,,6.8,,,24.6125,,,1.0,,,41.0,,,,30.59677419354838,,,29.2,,,31.5,,,25.370967741935488,,,25.2,,,25.6,,,59.784946236559136,,,58.0,,,63.0,,,1013.7204301075269,,,1013.2,,,1014.1,,,0.0,,,False,,,False,,,2.4010752688172046,,,0.6,,,4.1,,,92.86021505376344,,,0.0,,,360.0,,,,39.558536585365864,,,37.3,,,43.5,,,25.98414634146341,,,25.6,,,26.3,,,60.34146341463415,,,57.0,,,63.0,,,1012.940243902439,,,1012.7,,,1013.4,,,0.0,,,False,,,False,,,4.16219512195122,,,2.1,,,5.8,,,23.451219512195124,,,0.0,,,54.0,0.0,0.0,0.0,0.0,,,,,,,,,,,,,89.32,102.90350873015875,103.63208333333334,3.3333333333333335,91.67366666666668,100.99800793650793,97.30152272727274,5.0
2024,3,RUS,Mercedes,17.0,0.0,Retired,0,1,0.0,0.0,1.0,0.0,2.5,5.0,Australian Grand Prix,0.0,17.5,17.0,0,2,0,2,26.0,6.75,13.0,0.0,1.0,6.75,13.0,0.0,,,,4.0,4.0,Australian Grand Prix,78.597,,,90.22316666666667,,,84.21475,,,4.017364424179941,,,3.0,,,,77.951,,,94.49611111111112,,,94.049,,,19.603745473032156,,,6.0,,,,76.886,,,102.71582352941175,,,99.594625,,,21.606847029438875,,,5.0,33.70987654320987,,,29.9,,,36.8,,,18.469135802469136,,,18.0,,,19.0,,,61.01234567901235,,,55.0,,,64.0,,,1023.5641975308641,,,1023.2,,,1023.9,,,0.0,,,False,,,False,,,1.262962962962963,,,0.5,,,2.7,,,142.54320987654322,,,0.0,,,342.0,,,,36.15731707317073,,,34.0,,,38.3,,,20.157317073170734,,,20.0,,,20.4,,,56.926829268292686,,,55.0,,,58.0,,,1022.0512195121953,,,1021.8,,,1022.2,,,0.0,,,False,,,False,,,1.803658536585366,,,0.7,,,3.0,,,147.47560975609755,,,0.0,,,354.0,,,,27.669135802469132,,,25.2,,,31.0,,,18.27283950617284,,,17.9,,,18.8,,,59.39506172839506,,,56.0,,,62.0,,,1025.324691358025,,,1025.0,,,1025.6,,,0.0,,,False,,,False,,,1.4333333333333333,,,0.5,,,2.8,,,133.25925925925927,,,0.0,,,346.0,0.0,0.0,0.0,0.0,,,,,,,,,,,,,77.81133333333334,95.81170043572985,92.61945833333334,4.666666666666667,90.49683333333334,101.95075833333334,100.46680303030304,4.166666666666667
2024,4,RUS,Mercedes,7.0,6.0,Finished,0,0,2.0,0.0,2.0,4.0,2.0,3.333333333333333,Japanese Grand Prix,8.0,8.0,7.0,0,0,2,2,26.0,10.333333333333334,8.666666666666666,0.6666666666666666,0.3333333333333333,10.333333333333334,8.666666666666666,0.6666666666666666,,,,4.0,5.0,Japanese Grand Prix,90.53,,,97.43377777777778,,,96.46125,,,0.6611693555108716,,,4.0,,,,,,,,,,,,,,,,,,,,89.918,,,94.89060000000002,,,95.30141666666667,,,0.5965282068059748,,,3.0,24.296249999999997,,,22.9,,,25.8,,,16.566250000000004,,,15.4,,,17.2,,,42.6875,,,35.0,,,53.0,,,1013.31125,,,1012.9,,,1013.6,,,0.0,,,False,,,False,,,1.3625,,,0.4,,,3.0,,,178.175,,,10.0,,,359.0,,,,16.752325581395347,,,16.2,,,18.1,,,13.02093023255814,,,12.5,,,14.1,,,72.95348837209302,,,60.0,,,80.0,,,1013.4674418604648,,,1013.3,,,1013.7,,,0.20930232558139536,,,False,,,True,,,1.0046511627906978,,,0.0,,,1.9,,,157.5,,,0.0,,,218.0,,,,26.660759493670884,,,24.2,,,29.6,,,17.38227848101266,,,16.7,,,17.9,,,66.10126582278481,,,62.0,,,69.0,,,1015.8417721518989,,,1015.0,,,1016.5,,,0.0,,,False,,,False,,,1.3746835443037975,,,0.4,,,2.5,,,171.72151898734177,,,0.0,,,358.0,0.0,0.0,0.0,0.0,,,,,,,,,,,,,90.224,96.16218888888889,95.88133333333334,3.5,86.26833333333333,99.90440570079885,97.85102146464646,4.333333333333333
2024,5,RUS,Mercedes,6.0,8.0,Finished,0,0,2.0,0.0,3.0,6.0,2.0,3.5,Chinese Grand Prix,10.0,7.5,6.0,0,0,2,2,34.0,9.75,8.5,0.5,0.5,9.75,8.5,0.5,,,,4.0,5.0,Chinese Grand Prix,98.806,,,106.699,,,107.65545454545455,,,14.095445373336995,,,17.0,,,,,,,,,,,,,,,,,,,,,,,,,,,,,,,,,39.46829268292684,,,38.2,,,42.1,,,23.142682926829266,,,22.3,,,23.8,,,22.865853658536587,,,21.0,,,25.0,,,1009.3329268292683,,,1008.5,,,1010.1,,,0.0,,,False,,,False,,,1.3536585365853657,,,0.0,,,3.2,,,146.96341463414635,,,0.0,,,356.0,,,,,,,,,,,,,,,,,,,,,,,,,,,,,,,,,,,,,,,,,,,,,,,,,,,,,,,,,,,,,,,,,,,,,,,,,,,,,,,,,,,,,,,,,,,,,,,,,,,,,,,,,,,,,,,,,,,,,,,,,,,,,,,,,1.0,0.0,0.0,0.0,,,,,,,,,,,,,98.806,106.699,107.65545454545455,17.0,87.25725,98.96885149782136,97.35859943181819,4.125
2024,6,RUS,Mercedes,8.0,4.0,Finished,0,0,8.0,0.0,-2.0,-4.0,2.2,4.0,Miami Grand Prix,12.0,7.0,6.0,0,0,2,2,44.0,9.3,8.8,0.4,0.6,9.3,8.8,0.4,,,,4.0,4.0,Miami Grand Prix,88.784,,,101.64386666666668,,,93.9452857142857,,,2.895196234816432,,,4.0,,,,,,,,,,,,,,,,,,,,,,,,,,,,,,,,,49.958441558441564,,,43.4,,,54.9,,,28.780519480519484,,,28.3,,,29.3,,,56.27272727272727,,,53.0,,,59.0,,,1015.31038961039,,,1015.0,,,1015.6,,,0.0,,,False,,,False,,,3.0090909090909084,,,1.3,,,4.7,,,160.14285714285714,,,99.0,,,197.0,,,,,,,,,,,,,,,,,,,,,,,,,,,,,,,,,,,,,,,,,,,,,,,,,,,,,,,,,,,,,,,,,,,,,,,,,,,,,,,,,,,,,,,,,,,,,,,,,,,,,,,,,,,,,,,,,,,,,,,,,,,,,,,,,1.0,0.0,0.0,0.0,,,,,,,,,,,,,88.784,101.64386666666668,93.9452857142857,4.0,89.56700000000001,100.51488119825709,99.41797045454545,6.7
2024,7,RUS,Mercedes,7.0,7.0,Finished,0,0,8.0,0.0,-1.0,-1.0,1.5,2.6666666666666665,Emilia Romagna Grand Prix,15.0,6.5,6.0,0,0,2,2,56.0,8.916666666666666,9.333333333333334,0.3333333333333333,0.6666666666666667,8.916666666666666,9.333333333333334,0.3333333333333333,,,,4.0,4.0,Emilia Romagna Grand Prix,77.094,,,98.23618181818182,,,87.7174,,,17.436438118683146,,,2.0,,,,76.311,,,96.80592,,,88.6366,,,21.270209846951047,,,5.0,,,,76.095,,,81.54679999999999,,,76.095,,,,,,5.0,43.45443037974684,,,42.6,,,44.5,,,23.972151898734175,,,23.3,,,24.6,,,32.53164556962025,,,30.0,,,35.0,,,1006.8518987341771,,,1006.6,,,1007.1,,,0.0,,,False,,,False,,,3.951898734177215,,,2.3,,,5.3,,,301.0506329113924,,,239.0,,,338.0,,,,36.84230769230769,,,35.1,,,39.0,,,24.379487179487178,,,24.0,,,24.7,,,33.94871794871795,,,29.0,,,36.0,,,1006.4525641025638,,,1006.2,,,1006.7,,,0.0,,,False,,,False,,,2.5230769230769234,,,0.5,,,4.6,,,284.1923076923077,,,2.0,,,350.0,,,,44.48076923076923,,,42.4,,,45.9,,,23.603846153846156,,,23.0,,,24.3,,,41.32051282051282,,,39.0,,,44.0,,,1009.2435897435897,,,1008.9,,,1009.5,,,0.0,,,False,,,False,,,1.9025641025641027,,,0.7,,,3.8,,,137.17948717948718,,,0.0,,,354.0,0.0,0.0,0.0,0.0,,,,,,,,,,,,,76.5,92.19630060606062,84.14966666666666,4.0,89.43650000000001,100.703045442992,98.50585633116884,6.25
2024,8,RUS,Mercedes,5.0,10.0,Finished,0,0,7.0,0.0,2.0,3.0,1.1428571428571428,2.142857142857143,Monaco Grand Prix,17.0,6.0,5.0,0,0,2,2,71.0,8.571428571428571,10.142857142857142,0.2857142857142857,0.7142857142857143,8.571428571428571,10.142857142857142,0.2857142857142857,,,,4.0,4.0,Monaco Grand Prix,72.295,,,84.65137037037039,,,80.836625,,,6.613070821972842,,,3.0,,,,72.26,,,86.62833333333334,,,83.98666666666666,,,11.906156558688453,,,10.0,,,,71.968,,,93.26719999999999,,,95.29107142857143,,,21.66448775678152,,,6.0,35.56103896103896,,,32.5,,,38.6,,,20.71688311688312,,,19.9,,,21.5,,,66.72727272727273,,,61.0,,,72.0,,,1018.2766233766234,,,1017.7,,,1018.7,,,0.09090909090909091,,,False,,,True,,,0.7467532467532466,,,0.0,,,1.5,,,156.16883116883116,,,0.0,,,359.0,,,,31.30246913580247,,,29.9,,,32.5,,,20.76172839506173,,,20.2,,,21.3,,,66.44444444444444,,,63.0,,,70.0,,,1017.1432098765433,,,1016.8,,,1017.5,,,0.0,,,False,,,False,,,0.7901234567901234,,,0.0,,,1.7,,,144.09876543209876,,,0.0,,,348.0,,,,46.86202531645569,,,45.0,,,48.5,,,21.67468354430379,,,21.3,,,22.0,,,57.40506329113924,,,55.0,,,61.0,,,1017.5379746835443,,,1017.4,,,1017.7,,,0.0,,,False,,,False,,,0.8240506329113924,,,0.0,,,1.6,,,190.30379746835442,,,0.0,,,359.0,0.0,0.0,0.0,0.0,,,,,,,,,,,,,72.17433333333334,88.1823012345679,86.7047876984127,6.333333333333333,87.58842857142858,99.48779618057324,96.4549720933828,5.928571428571429
2024,9,RUS,Mercedes,3.0,15.0,Finished,1,0,13.0,0.0,1.0,2.0,1.25,2.25,Canadian Grand Prix,28.0,3.5,3.0,1,0,2,2,88.0,8.25,11.0,0.25,0.75,8.25,11.0,0.25,,,,4.0,4.0,Canadian Grand Prix,88.541,,,90.08466666666668,,,89.875,,,1.8865608922057133,,,10.0,,,,76.273,,,88.48857142857142,,,82.46016666666667,,,5.37884100589213,,,2.0,,,,72.957,,,90.82776,,,97.77627272727273,,,16.45322521629671,,,3.0,28.68205128205127,,,25.5,,,32.2,,,18.237179487179485,,,17.2,,,19.3,,,83.57692307692308,,,77.0,,,89.0,,,998.6589743589747,,,998.2,,,999.5,,,0.1794871794871795,,,False,,,True,,,1.2474358974358977,,,0.0,,,2.8,,,226.64102564102564,,,0.0,,,355.0,,,,25.546249999999997,,,23.8,,,27.1,,,18.99625,,,18.1,,,19.6,,,68.5,,,64.0,,,72.0,,,999.23375,,,998.8,,,999.7,,,0.8875,,,False,,,True,,,1.2925,,,0.3,,,2.9,,,151.95,,,0.0,,,337.0,,,,36.4,,,32.2,,,39.1,,,20.854320987654322,,,19.9,,,21.6,,,61.925925925925924,,,59.0,,,64.0,,,1000.5185185185185,,,1000.2,,,1000.8,,,0.0,,,False,,,False,,,1.6790123456790123,,,0.8,,,2.9,,,157.17283950617283,,,0.0,,,348.0,0.0,0.0,0.0,0.0,,,,,,,,,,,,,79.25699999999999,89.8003326984127,90.03714646464647,5.0,85.66166666666666,98.07460931232258,95.23619904401154,5.979166666666667
2024,10,RUS,Mercedes,4.0,12.0,Finished,0,0,15.0,1.0,-1.0,-3.0,1.2222222222222223,2.2222222222222223,Spanish Grand Prix,27.0,3.5,3.0,1,0,2,2,116.0,7.722222222222222,12.88888888888889,0.2222222222222222,0.7777777777777778,7.722222222222222,12.88888888888889,0.2222222222222222,,,,4.0,4.0,Spanish Grand Prix,74.614,,,94.31528571428572,,,89.21499999999999,,,19.75272192888868,,,4.0,,,,73.722,,,94.9396111111111,,,95.8464,,,24.028363329615278,,,8.0,,,,73.164,,,81.5027,,,77.42585714285714,,,0.36495681414446524,,,5.0,47.092592592592595,,,45.3,,,48.0,,,28.16543209876543,,,27.5,,,28.5,,,33.666666666666664,,,29.0,,,38.0,,,1004.3987654320988,,,1004.1,,,1004.6,,,0.0,,,False,,,False,,,2.0950617283950614,,,0.0,,,3.5,,,214.14814814814815,,,0.0,,,276.0,,,,43.05185185185185,,,41.2,,,44.2,,,24.86543209876543,,,24.5,,,25.6,,,49.901234567901234,,,45.0,,,56.0,,,1004.495061728395,,,1004.3,,,1004.7,,,0.0,,,False,,,False,,,1.8407407407407406,,,0.8,,,2.9,,,205.08641975308643,,,0.0,,,340.0,,,,43.355000000000004,,,38.9,,,46.3,,,26.441250000000004,,,26.0,,,26.9,,,57.7125,,,47.0,,,62.0,,,1004.5975000000001,,,1004.3,,,1005.0,,,0.0,,,False,,,False,,,1.6612500000000001,,,0.4,,,2.7,,,218.975,,,0.0,,,355.0,0.0,0.0,0.0,0.0,,,,,,,,,,,,,73.83333333333333,90.25253227513228,87.49575238095237,5.666666666666667,84.95003703703703,97.15524524411038,94.6585265351932,5.87037037037037
2024,11,RUS,Mercedes,1.0,25.0,Finished,1,0,12.0,0.0,3.0,13.0,1.0,1.7,Austrian Grand Prix,37.0,2.5,1.0,1,0,2,2,143.0,7.3,14.3,0.2,0.8,7.3,14.3,0.2,,,,4.0,4.0,Austrian Grand Prix,66.386,,,78.92375,,,69.27914285714284,,,0.3917364882040978,,,8.0,,,,,,,,,,,,,,,,,,,,,,,,,,,,,,,,,36.88354430379747,,,30.7,,,42.5,,,23.24430379746836,,,21.9,,,24.5,,,59.54430379746835,,,56.0,,,64.0,,,940.7518987341775,,,940.5,,,940.9,,,0.0,,,False,,,False,,,2.6,,,0.7,,,4.0,,,104.36708860759494,,,0.0,,,142.0,,,,,,,,,,,,,,,,,,,,,,,,,,,,,,,,,,,,,,,,,,,,,,,,,,,,,,,,,,,,,,,,,,,,,,,,,,,,,,,,,,,,,,,,,,,,,,,,,,,,,,,,,,,,,,,,,,,,,,,,,,,,,,,,,1.0,0.0,0.0,0.0,,,,,,,,,,,,,66.386,78.92375,69.27914285714284,8.0,83.83836666666666,96.46497394721256,93.94224911976912,5.85
2024,12,RUS,Mercedes,19.0,0.0,Retired,0,1,25.0,1.0,-18.0,-25.0,1.181818181818182,2.727272727272727,British Grand Prix,25.0,10.0,1.0,1,1,1,2,180.0,6.863636363636363,16.363636363636363,0.1818181818181818,0.8181818181818181,6.863636363636363,16.363636363636363,0.1818181818181818,,,,4.0,4.0,British Grand Prix,87.738,,,98.53833333333333,,,98.91433333333333,,,18.416534744625544,,,5.0,,,,87.294,,,98.21715384615385,,,92.434875,,,0.6284626224821472,,,10.0,,,,97.529,,,107.99506666666666,,,111.41825,,,14.701239556581614,,,1.0,24.554320987654318,,,21.2,,,28.1,,,16.386419753086418,,,15.6,,,17.2,,,75.61728395061728,,,72.0,,,81.0,,,989.422222222222,,,989.2,,,989.6,,,0.0,,,False,,,False,,,1.3691358024691358,,,0.3,,,3.2,,,213.44444444444446,,,0.0,,,353.0,,,,29.296296296296298,,,25.0,,,32.7,,,18.319753086419755,,,17.5,,,18.9,,,67.5679012345679,,,61.0,,,74.0,,,987.8740740740741,,,987.4,,,988.5,,,0.1728395061728395,,,False,,,True,,,1.7185185185185183,,,0.5,,,2.9,,,223.8148148148148,,,0.0,,,289.0,,,,16.291463414634144,,,15.7,,,17.7,,,11.173170731707318,,,10.7,,,11.6,,,89.42682926829268,,,87.0,,,92.0,,,984.439024390244,,,983.7,,,985.1,,,0.6585365853658537,,,False,,,True,,,2.296341463414634,,,1.0,,,4.2,,,233.8170731707317,,,0.0,,,277.0,0.0,0.0,0.0,0.0,,,,,,,,,,,,,90.85366666666665,101.58351794871794,100.92248611111113,5.333333333333333,82.25178787878788,94.8703172247387,91.70014855043945,6.045454545454546
2024,13,RUS,Mercedes,8.0,5.0,Finished,0,0,15.0,1.0,-5.0,-10.0,-0.4166666666666667,0.4166666666666667,Hungarian Grand Prix,20.0,5.5,3.0,1,0,2,2,205.0,7.125,17.083333333333332,0.25,0.75,7.125,17.083333333333332,0.25,,,,4.0,4.0,Hungarian Grand Prix,79.137,,,88.18335294117648,,,90.66530769230768,,,16.41710435483176,,,4.0,,,,78.294,,,84.32172727272727,,,85.6031111111111,,,2.041496292210961,,,5.0,,,,76.564,,,90.29639999999999,,,76.564,,,,,,4.0,58.49878048780489,,,56.9,,,60.6,,,31.00487804878049,,,30.4,,,31.8,,,38.0,,,34.0,,,40.0,,,990.5731707317075,,,990.1,,,991.0,,,0.0,,,False,,,False,,,1.2621951219512195,,,0.3,,,3.8,,,207.78048780487805,,,0.0,,,345.0,,,,45.81975308641975,,,41.5,,,49.8,,,31.196296296296293,,,30.5,,,31.9,,,37.17283950617284,,,35.0,,,40.0,,,988.1012345679012,,,987.7,,,988.6,,,0.0,,,False,,,False,,,1.008641975308642,,,0.0,,,2.5,,,162.4320987654321,,,0.0,,,284.0,,,,39.0575,,,36.9,,,41.3,,,26.839999999999996,,,26.6,,,27.1,,,42.9375,,,42.0,,,44.0,,,984.8787500000001,,,984.6,,,985.2,,,0.0,,,False,,,False,,,0.92875,,,0.0,,,1.9,,,218.125,,,0.0,,,338.0,0.0,0.0,0.0,0.0,,,,,,,,,,,,,77.99833333333332,87.60049340463458,84.27747293447293,4.333333333333333,82.96861111111112,95.42975061840362,92.46867668049543,5.986111111111111
2024,14,RUS,Mercedes,20.0,0.0,Disqualified,0,1,25.0,1.0,-19.0,-25.0,-0.7692307692307693,-0.3846153846153846,Belgian Grand Prix,25.0,10.5,1.0,1,1,1,2,225.0,7.0,17.307692307692307,0.2307692307692307,0.7692307692307692,7.0,17.307692307692307,0.2307692307692307,,,,4.0,4.0,Belgian Grand Prix,104.225,,,108.35618181818181,,,110.25699999999999,,,0.8357403903126874,,,4.0,,,,103.29,,,111.71773333333336,,,110.682,,,1.2308350823729401,,,6.0,,,,,,,,,,,,,,,,,38.3867469879518,,,35.2,,,40.9,,,22.012048192771083,,,21.4,,,22.5,,,60.855421686746986,,,58.0,,,65.0,,,964.7867469879518,,,964.5,,,965.0,,,0.012048192771084338,,,False,,,True,,,1.5518072289156624,,,0.0,,,4.0,,,156.0120481927711,,,0.0,,,359.0,,,,35.19024390243902,,,33.3,,,36.9,,,21.78170731707317,,,21.2,,,22.2,,,64.3048780487805,,,62.0,,,67.0,,,965.0170731707318,,,964.8,,,965.2,,,0.0,,,False,,,False,,,1.2378048780487805,,,0.4,,,2.7,,,134.90243902439025,,,0.0,,,358.0,,,,21.782926829268295,,,21.2,,,22.9,,,18.108536585365854,,,17.8,,,18.7,,,92.91463414634147,,,89.0,,,96.0,,,965.8914634146339,,,965.7,,,966.0,,,0.8902439024390244,,,False,,,True,,,1.423170731707317,,,0.5,,,2.4,,,156.6829268292683,,,102.0,,,244.0,0.0,0.0,0.0,0.0,,,,,,,,,,,,,103.7575,110.03695757575758,110.4695,5.0,82.58628205128205,94.8275000634983,91.83858408464754,5.8589743589743595
2024,15,RUS,Mercedes,7.0,6.0,Finished,0,0,4.0,0.0,1.0,2.0,-2.071428571428572,-2.142857142857143,Dutch Grand Prix,10.0,7.5,7.0,0,0,2,2,250.0,7.25,17.857142857142858,0.2857142857142857,0.7142857142857143,7.25,17.857142857142858,0.2857142857142857,,,,4.0,4.0,Dutch Grand Prix,73.142,,,90.4898181818182,,,92.7275,,,19.365613958767227,,,5.0,,,,70.702,,,82.72966666666666,,,78.40158333333333,,,8.31838738150538,,,1.0,,,,83.958,,,89.35466666666667,,,86.99600000000001,,,4.2963808024894625,,,13.0,21.725925925925925,,,20.3,,,23.8,,,20.233333333333334,,,19.4,,,21.3,,,83.87654320987654,,,75.0,,,92.0,,,1003.335802469136,,,1002.6,,,1004.1,,,0.14814814814814814,,,False,,,True,,,7.109876543209876,,,4.7,,,9.6,,,223.8395061728395,,,204.0,,,242.0,,,,31.169620253164563,,,29.8,,,31.9,,,21.37721518987342,,,21.1,,,21.6,,,62.51898734177215,,,60.0,,,65.0,,,1006.8721518987339,,,1006.2,,,1007.4,,,0.0,,,False,,,False,,,5.472151898734178,,,4.3,,,7.0,,,207.31645569620252,,,187.0,,,230.0,,,,21.572151898734177,,,19.3,,,25.1,,,19.350632911392406,,,17.5,,,21.4,,,94.20253164556962,,,88.0,,,96.0,,,1004.4113924050635,,,1004.0,,,1004.7,,,0.21518987341772153,,,False,,,True,,,1.9759493670886072,,,0.0,,,3.5,,,209.34177215189874,,,0.0,,,244.0,0.0,0.0,0.0,0.0,,,,,,,,,,,,,75.934,87.52471717171717,86.04169444444445,6.333333333333333,84.0985119047619,95.91388988580255,93.16936379288701,5.797619047619048
2024,16,RUS,Mercedes,7.0,6.0,Finished,0,0,10.0,0.0,-2.0,-4.0,-1.8666666666666667,-1.8666666666666667,Italian Grand Prix,16.0,6.0,5.0,0,0,2,2,260.0,7.266666666666667,17.333333333333332,0.2666666666666666,0.7333333333333334,7.266666666666667,17.333333333333332,0.2666666666666666,,,,4.0,4.0,Italian Grand Prix,,,,,,,,,,,,,,,,,81.086,,,89.36361538461537,,,84.95533333333333,,,0.540525546728978,,,6.0,,,,80.21,,,86.60341666666666,,,84.12757142857143,,,0.8948975466764986,,,2.0,50.81358024691359,,,48.7,,,52.1,,,32.7641975308642,,,32.2,,,33.4,,,38.135802469135804,,,36.0,,,40.0,,,996.3456790123457,,,995.9,,,996.7,,,0.0,,,False,,,False,,,1.0333333333333334,,,0.0,,,2.1,,,192.23456790123456,,,0.0,,,357.0,,,,44.350632911392395,,,41.6,,,48.0,,,34.029113924050634,,,33.7,,,34.4,,,32.177215189873415,,,31.0,,,34.0,,,994.7316455696205,,,994.5,,,995.0,,,0.0,,,False,,,False,,,1.092405063291139,,,0.0,,,2.9,,,213.26582278481013,,,0.0,,,357.0,,,,46.333333333333336,,,43.3,,,48.5,,,31.627160493827162,,,30.9,,,32.4,,,41.7037037037037,,,35.0,,,46.0,,,997.4049382716049,,,997.2,,,997.6,,,0.0,,,False,,,False,,,1.1246913580246913,,,0.0,,,2.3,,,206.4814814814815,,,0.0,,,351.0,0.0,0.0,0.0,0.0,,,,,,,,,,,,,80.648,87.98351602564102,84.54145238095238,4.0,83.5542111111111,95.35461170486353,92.69418583632417,5.833333333333333
2024,17,RUS,Mercedes,3.0,15.0,Finished,1,0,2.0,0.0,6.0,13.0,-2.1333333333333333,-2.4,Azerbaijan Grand Prix,17.0,6.0,3.0,1,0,2,2,276.0,7.1875,17.25,0.25,0.75,7.266666666666667,17.333333333333332,0.2666666666666666,,,,4.0,4.0,Azerbaijan Grand Prix,106.516,,,116.60344444444445,,,111.89699999999999,,,4.406594036214357,,,8.0,,,,104.536,,,108.33163636363638,,,108.7112,,,0.9190051142403903,,,9.0,,,,102.514,,,115.55071428571429,,,122.53099999999999,,,16.172859703837155,,,1.0,43.68478260869565,,,39.8,,,46.2,,,29.195652173913032,,,28.0,,,30.6,,,39.09782608695652,,,26.0,,,50.0,,,1015.1771739130434,,,1014.9,,,1015.6,,,0.0,,,False,,,False,,,1.6956521739130432,,,0.5,,,3.5,,,119.3695652173913,,,0.0,,,353.0,,,,36.34878048780487,,,32.9,,,41.2,,,28.52926829268293,,,27.5,,,29.2,,,33.09756097560975,,,27.0,,,47.0,,,1015.0731707317074,,,1014.8,,,1015.3,,,0.0,,,False,,,False,,,1.224390243902439,,,0.0,,,2.6,,,115.8170731707317,,,0.0,,,358.0,,,,31.889024390243897,,,31.0,,,33.1,,,26.991463414634143,,,26.7,,,27.3,,,39.40243902439025,,,35.0,,,44.0,,,1016.6475609756096,,,1016.3,,,1016.9,,,0.35365853658536583,,,False,,,True,,,0.7658536585365854,,,0.0,,,1.7,,,125.02439024390245,,,0.0,,,357.0,0.0,0.0,0.0,0.0,,,,,,,,,,,,,104.522,113.49526503126503,114.37973333333333,6.0,82.81916666666667,94.48697891080572,91.84351447990281,5.766666666666667
2024,18,RUS,Mercedes,4.0,12.0,Finished,0,0,8.0,0.0,2.0,4.0,-1.9333333333333331,-1.9333333333333331,Singapore Grand Prix,20.0,5.0,4.0,0,0,2,2,293.0,7.117647058823529,17.235294117647058,0.2352941176470588,0.7647058823529411,7.166666666666667,17.8,0.2666666666666666,,,,4.0,4.0,Singapore Grand Prix,93.334,,,100.823125,,,103.24054545454545,,,10.75380694790116,,,16.0,,,,91.488,,,98.0532857142857,,,100.1721,,,5.208950554361002,,,7.0,,,,90.125,,,111.7135,,,92.38,,,0.6396413057331508,,,2.0,37.114999999999995,,,35.6,,,38.8,,,31.35,,,31.2,,,31.5,,,64.4375,,,63.0,,,67.0,,,1005.6075000000001,,,1005.3,,,1005.9,,,0.0,,,False,,,False,,,2.44875,,,1.2,,,3.4,,,187.9,,,177.0,,,214.0,,,,32.95000000000001,,,32.3,,,33.6,,,30.181707317073165,,,30.0,,,30.3,,,73.98780487804878,,,73.0,,,75.0,,,1008.1158536585366,,,1007.8,,,1008.6,,,0.0,,,False,,,False,,,1.6597560975609755,,,1.1,,,2.4,,,203.09756097560975,,,171.0,,,222.0,,,,37.0670731707317,,,34.9,,,38.6,,,30.06219512195122,,,29.9,,,30.2,,,75.13414634146342,,,74.0,,,77.0,,,1006.7951219512195,,,1006.6,,,1007.0,,,0.0,,,False,,,False,,,0.4817073170731707,,,0.0,,,1.5,,,199.15853658536585,,,0.0,,,323.0,0.0,0.0,0.0,0.0,,,,,,,,,,,,,91.649,103.52997023809525,98.59754848484847,8.333333333333334,83.83263333333333,95.19309599754614,92.56002447990281,5.944444444444445
2024,19,RUS,Mercedes,6.0,8.0,Finished,0,0,0.0,0.0,14.0,8.0,-1.8666666666666667,-1.6666666666666667,United States Grand Prix,8.0,13.0,6.0,0,1,1,2,313.0,7.0,17.38888888888889,0.2222222222222222,0.7777777777777778,6.333333333333333,19.133333333333333,0.1333333333333333,,,,4.0,4.0,United States Grand Prix,94.093,,,100.78086666666667,,,97.667875,,,0.447473363133815,,,7.0,,,,,,,,,,,,,,,,,,,,,,,,,,,,,,,,,36.703703703703695,,,33.9,,,38.7,,,25.27777777777778,,,23.5,,,26.4,,,52.24691358024691,,,47.0,,,56.0,,,1004.1839506172839,,,1003.5,,,1005.0,,,0.0,,,False,,,False,,,3.34074074074074,,,1.4,,,5.4,,,158.8641975308642,,,128.0,,,186.0,,,,,,,,,,,,,,,,,,,,,,,,,,,,,,,,,,,,,,,,,,,,,,,,,,,,,,,,,,,,,,,,,,,,,,,,,,,,,,,,,,,,,,,,,,,,,,,,,,,,,,,,,,,,,,,,,,,,,,,,,,,,,,,,,1.0,0.0,0.0,0.0,,,,,,,,,,,,,94.093,100.78086666666667,97.667875,7.0,84.75514444444443,95.70764731770383,92.95856382333714,6.188888888888888
2024,20,RUS,Mercedes,5.0,10.0,Finished,0,0,12.0,0.0,-1.0,-2.0,-1.0666666666666669,-1.4,Mexico City Grand Prix,22.0,4.5,4.0,0,0,2,2,321.0,7.315789473684211,16.894736842105264,0.2631578947368421,0.736842105263158,6.666666666666667,19.133333333333333,0.2,,,,4.0,4.0,Mexico City Grand Prix,77.998,,,89.1976875,,,85.65270000000001,,,7.362480334627572,,,1.0,,,,79.041,,,110.0725,,,110.0725,,,43.88516816078071,,,18.0,,,,77.341,,,87.67313333333335,,,81.00414285714285,,,1.0305950430975046,,,8.0,45.61772151898734,,,42.1,,,48.6,,,19.534177215189874,,,17.6,,,21.1,,,45.139240506329116,,,34.0,,,57.0,,,784.5962025316454,,,784.0,,,785.2,,,0.0,,,False,,,False,,,1.6050632911392404,,,0.6,,,3.9,,,208.873417721519,,,0.0,,,344.0,,,,37.789908256880736,,,31.3,,,42.9,,,22.755963302752296,,,22.1,,,23.0,,,27.513761467889907,,,19.0,,,34.0,,,783.3422018348625,,,783.2,,,783.6,,,0.0,,,False,,,False,,,1.4238532110091744,,,0.0,,,3.1,,,255.9724770642202,,,0.0,,,358.0,,,,32.757831325301204,,,29.0,,,38.0,,,18.249397590361443,,,16.9,,,19.7,,,53.855421686746986,,,50.0,,,59.0,,,787.2807228915663,,,786.6,,,787.9,,,0.0,,,False,,,False,,,1.5783132530120483,,,0.0,,,3.8,,,265.90361445783134,,,0.0,,,357.0,0.0,0.0,0.0,0.0,,,,,,,,,,,,,78.12666666666667,95.64777361111112,92.2431142857143,9.0,85.01307777777778,96.0155591695557,93.07766660111493,6.422222222222222
2024,21,RUS,Mercedes,4.0,12.0,Finished,0,0,1.0,0.0,6.0,11.0,-1.3333333333333333,-1.9333333333333331,São Paulo Grand Prix,13.0,7.0,4.0,0,0,2,2,343.0,7.175,17.15,0.25,0.75,6.466666666666667,19.933333333333334,0.2,,,,4.0,4.0,São Paulo Grand Prix,70.791,,,85.85422222222223,,,79.35600000000001,,,15.831411920608971,,,2.0,,,,,,,,,,,,,,,,,,,,,,,,,,,,,,,,,54.140243902439025,,,49.7,,,57.5,,,26.103658536585368,,,25.7,,,26.4,,,54.9390243902439,,,48.0,,,59.0,,,928.0024390243904,,,927.6,,,928.4,,,0.0,,,False,,,False,,,1.0865853658536584,,,0.0,,,2.1,,,180.59756097560975,,,0.0,,,350.0,,,,,,,,,,,,,,,,,,,,,,,,,,,,,,,,,,,,,,,,,,,,,,,,,,,,,,,,,,,,,,,,,,,,,,,,,,,,,,,,,,,,,,,,,,,,,,,,,,,,,,,,,,,,,,,,,,,,,,,,,,,,,,,,,1.0,0.0,0.0,0.0,,,,,,,,,,,,,70.791,85.85422222222223,79.35600000000001,2.0,83.63445555555556,95.27881074362976,92.05017725046558,5.888888888888888
2024,22,RUS,Mercedes,1.0,25.0,Finished,1,0,18.0,1.0,1.0,7.0,-0.8,-0.9333333333333332,Las Vegas Grand Prix,43.0,1.5,1.0,2,0,2,2,356.0,7.166666666666667,16.952380952380953,0.238095238095238,0.7619047619047619,6.466666666666667,20.0,0.2,,,,4.0,4.0,Las Vegas Grand Prix,95.397,,,108.84626086956521,,,109.85418181818181,,,13.400751559656507,,,2.0,,,,94.015,,,105.84513636363634,,,99.30030000000001,,,0.871742960332282,,,3.0,,,,93.57,,,110.20722222222223,,,106.7334,,,16.681562016190217,,,1.0,15.683132530120483,,,14.9,,,16.5,,,14.065060240963856,,,13.3,,,14.6,,,19.626506024096386,,,17.0,,,22.0,,,947.4734939759037,,,947.2,,,947.7,,,0.0,,,False,,,False,,,0.9951807228915662,,,0.5,,,1.7,,,212.16867469879517,,,146.0,,,242.0,,,,12.870987654320986,,,12.6,,,13.2,,,11.146296296296295,,,10.8,,,11.5,,,24.290123456790123,,,23.0,,,26.0,,,947.783950617284,,,947.6,,,948.0,,,0.0,,,False,,,False,,,0.9117283950617283,,,0.4,,,1.4,,,216.62345679012347,,,184.0,,,260.0,,,,16.830487804878047,,,16.1,,,17.7,,,14.853658536585366,,,14.2,,,15.3,,,18.573170731707318,,,17.0,,,20.0,,,942.1670731707317,,,942.0,,,942.4,,,0.0,,,False,,,False,,,0.6524390243902439,,,0.0,,,1.5,,,178.41463414634146,,,0.0,,,310.0,0.0,0.0,0.0,0.0,,,,,,,,,,,,,94.32733333333333,108.2995398184746,105.2959606060606,2.0,82.43492222222223,94.2261677806668,91.07755820284653,5.7555555555555555
2024,23,RUS,Mercedes,4.0,12.0,Finished,0,0,0.0,0.0,8.0,12.0,-0.6666666666666666,-0.4,Qatar Grand Prix,12.0,8.0,4.0,0,0,2,2,399.0,6.909090909090909,18.13636363636364,0.2272727272727272,0.7727272727272727,6.133333333333334,21.866666666666667,0.2,,,,4.0,4.0,,,,,,,,,,,,,,,,,,,,,,,,,,,,,,,,,,,,,,,,,,,,,,,,,,,,,,,,,,,,,,,,,,,,,,,,,,,,,,,,,,,,,,,,,,,,,,,,,,,,,,,,,,,,,,,,,,,,,,,,,,,,,,,,,,,,,,,,,,,,,,,,,,,,,,,,,,,,,,,,,,,,,,,,,,,,,,,,,,,,,,,,,,,,,,,,,,,,,,,,,,,,,,,,,,,,,,,,,,,,,,,,,,,,,,,,,,,,,,,,,,,,,,,,,,,,,,,,,,,
2024,24,RUS,Mercedes,5.0,10.0,Finished,0,0,12.0,0.0,-1.0,-2.0,-0.2666666666666666,0.2,Abu Dhabi Grand Prix,22.0,4.5,4.0,0,0,2,2,411.0,6.956521739130435,17.869565217391305,0.217391304347826,0.782608695652174,6.266666666666667,21.53333333333333,0.2,,,,4.0,4.0,,,,,,,,,,,,,,,,,,,,,,,,,,,,,,,,,,,,,,,,,,,,,,,,,,,,,,,,,,,,,,,,,,,,,,,,,,,,,,,,,,,,,,,,,,,,,,,,,,,,,,,,,,,,,,,,,,,,,,,,,,,,,,,,,,,,,,,,,,,,,,,,,,,,,,,,,,,,,,,,,,,,,,,,,,,,,,,,,,,,,,,,,,,,,,,,,,,,,,,,,,,,,,,,,,,,,,,,,,,,,,,,,,,,,,,,,,,,,,,,,,,,,,,,,,,,,,,,,,,
2025,1,RUS,Mercedes,3.0,15.0,Finished,1,0,12.0,0.0,1.0,3.0,-0.4,-0.0666666666666666,Australian Grand Prix,27.0,3.5,3.0,1,0,2,2,0.0,,,,,,,,17.5,0.0,0.0,1.0,,,,,,,,,,,,,,,,,,,,,,,,,,,,,,,,,,,,,,,,,,,,,,,,,,,,,,,,,,,,,,,,,,,,,,,,,,,,,,,,,,,,,,,,,,,,,,,,,,,,,,,,,,,,,,,,,,,,,,,,,,,,,,,,,,,,,,,,,,,,,,,,,,,,,,,,,,,,,,,,,,,,,,,,,,,,,,,,,,,,,,,,,,,,,,,,,,,,,,,,,,,,,,,,,,,,,,,,,,,,,,,,,,,,,,,,,,,,,,,,,,,,,,,,,,,,,,,,,,,,
2025,2,RUS,Mercedes,3.0,15.0,Finished,1,0,8.0,0.0,3.0,7.0,-0.2666666666666666,0.3333333333333333,Chinese Grand Prix,23.0,4.5,3.0,1,0,2,2,27.0,3.5,27.0,0.0,1.0,3.5,27.0,0.0,7.5,10.0,0.0,1.0,1.0,,,,,,,,,,,,,,,,,,,,,,,,,,,,,,,,,,,,,,,,,,,,,,,,,,,,,,,,,,,,,,,,,,,,,,,,,,,,,,,,,,,,,,,,,,,,,,,,,,,,,,,,,,,,,,,,,,,,,,,,,,,,,,,,,,,,,,,,,,,,,,,,,,,,,,,,,,,,,,,,,,,,,,,,,,,,,,,,,,,,,,,,,,,,,,,,,,,,,,,,,,,,,,,,,,,,,,,,,,,,,,,,,,,,,,,,,,,,,,,,,,,,,,,,,,,,,,,,,,,
2025,3,RUS,Mercedes,5.0,10.0,Finished,0,0,8.0,0.0,1.0,2.0,-0.2666666666666666,-0.0666666666666666,Japanese Grand Prix,18.0,5.5,5.0,0,0,2,2,50.0,4.0,25.0,0.0,1.0,4.0,25.0,0.0,8.0,8.0,0.0,2.0,2.0,,,,,,,,,,,,,,,,,,,,,,,,,,,,,,,,,,,,,,,,,,,,,,,,,,,,,,,,,,,,,,,,,,,,,,,,,,,,,,,,,,,,,,,,,,,,,,,,,,,,,,,,,,,,,,,,,,,,,,,,,,,,,,,,,,,,,,,,,,,,,,,,,,,,,,,,,,,,,,,,,,,,,,,,,,,,,,,,,,,,,,,,,,,,,,,,,,,,,,,,,,,,,,,,,,,,,,,,,,,,,,,,,,,,,,,,,,,,,,,,,,,,,,,,,,,,,,,,,,,
2025,4,RUS,Mercedes,2.0,18.0,Finished,1,0,0.0,0.0,9.0,18.0,1.0,1.7333333333333334,Bahrain Grand Prix,18.0,6.5,2.0,1,0,2,2,68.0,4.5,22.666666666666668,0.0,1.0,4.5,22.666666666666668,0.0,6.0,16.0,0.0,2.0,2.0,,,,,,,,,,,,,,,,,,,,,,,,,,,,,,,,,,,,,,,,,,,,,,,,,,,,,,,,,,,,,,,,,,,,,,,,,,,,,,,,,,,,,,,,,,,,,,,,,,,,,,,,,,,,,,,,,,,,,,,,,,,,,,,,,,,,,,,,,,,,,,,,,,,,,,,,,,,,,,,,,,,,,,,,,,,,,,,,,,,,,,,,,,,,,,,,,,,,,,,,,,,,,,,,,,,,,,,,,,,,,,,,,,,,,,,,,,,,,,,,,,,,,,,,,,,,,,,,,,,
2025,5,RUS,Mercedes,5.0,10.0,Finished,0,0,8.0,0.0,1.0,2.0,1.9333333333333331,3.6,Saudi Arabian Grand Prix,18.0,5.5,5.0,0,0,2,2,86.0,5.0,21.5,0.0,1.0,5.0,21.5,0.0,7.5,10.0,0.0,2.0,2.0,,,,,,,,,,,,,,,,,,,,,,,,,,,,,,,,,,,,,,,,,,,,,,,,,,,,,,,,,,,,,,,,,,,,,,,,,,,,,,,,,,,,,,,,,,,,,,,,,,,,,,,,,,,,,,,,,,,,,,,,,,,,,,,,,,,,,,,,,,,,,,,,,,,,,,,,,,,,,,,,,,,,,,,,,,,,,,,,,,,,,,,,,,,,,,,,,,,,,,,,,,,,,,,,,,,,,,,,,,,,,,,,,,,,,,,,,,,,,,,,,,,,,,,,,,,,,,,,,,,
2025,6,RUS,Mercedes,3.0,15.0,Finished,1,0,8.0,0.0,3.0,7.0,3.2666666666666666,5.4,Miami Grand Prix,23.0,4.5,3.0,1,0,2,2,104.0,5.1,20.8,0.0,1.0,5.1,20.8,0.0,7.0,12.0,0.0,2.0,2.0,,,,,,,,,,,,,,,,,,,,,,,,,,,,,,,,,,,,,,,,,,,,,,,,,,,,,,,,,,,,,,,,,,,,,,,,,,,,,,,,,,,,,,,,,,,,,,,,,,,,,,,,,,,,,,,,,,,,,,,,,,,,,,,,,,,,,,,,,,,,,,,,,,,,,,,,,,,,,,,,,,,,,,,,,,,,,,,,,,,,,,,,,,,,,,,,,,,,,,,,,,,,,,,,,,,,,,,,,,,,,,,,,,,,,,,,,,,,,,,,,,,,,,,,,,,,,,,,,,,
2025,7,RUS,Mercedes,7.0,6.0,Finished,0,0,0.0,0.0,12.0,6.0,3.4,5.733333333333333,Emilia Romagna Grand Prix,6.0,13.0,7.0,0,1,1,2,127.0,5.0,21.166666666666668,0.0,1.0,5.0,21.166666666666668,0.0,6.5,15.0,0.0,2.0,2.0,,,,,,,,,,,,,,,,,,,,,,,,,,,,,,,,,,,,,,,,,,,,,,,,,,,,,,,,,,,,,,,,,,,,,,,,,,,,,,,,,,,,,,,,,,,,,,,,,,,,,,,,,,,,,,,,,,,,,,,,,,,,,,,,,,,,,,,,,,,,,,,,,,,,,,,,,,,,,,,,,,,,,,,,,,,,,,,,,,,,,,,,,,,,,,,,,,,,,,,,,,,,,,,,,,,,,,,,,,,,,,,,,,,,,,,,,,,,,,,,,,,,,,,,,,,,,,,,,,,
2025,8,RUS,Mercedes,11.0,0.0,Lapped,0,1,0.0,0.0,7.0,0.0,4.333333333333333,6.4,Monaco Grand Prix,0.0,14.5,11.0,0,0,2,2,133.0,6.142857142857143,19.0,0.1428571428571428,0.8571428571428572,6.142857142857143,19.0,0.1428571428571428,6.0,17.0,0.0,2.0,2.0,,,,,,,,,,,,,,,,,,,,,,,,,,,,,,,,,,,,,,,,,,,,,,,,,,,,,,,,,,,,,,,,,,,,,,,,,,,,,,,,,,,,,,,,,,,,,,,,,,,,,,,,,,,,,,,,,,,,,,,,,,,,,,,,,,,,,,,,,,,,,,,,,,,,,,,,,,,,,,,,,,,,,,,,,,,,,,,,,,,,,,,,,,,,,,,,,,,,,,,,,,,,,,,,,,,,,,,,,,,,,,,,,,,,,,,,,,,,,,,,,,,,,,,,,,,,,,,,,,,
2025,9,RUS,Mercedes,4.0,12.0,Finished,0,0,0.0,0.0,14.0,12.0,4.4,5.533333333333333,Spanish Grand Prix,12.0,11.0,4.0,0,1,1,2,133.0,7.1875,16.625,0.125,0.875,7.1875,16.625,0.125,3.5,27.0,1.0,3.0,2.0,,,,,,,,,,,,,,,,,,,,,,,,,,,,,,,,,,,,,,,,,,,,,,,,,,,,,,,,,,,,,,,,,,,,,,,,,,,,,,,,,,,,,,,,,,,,,,,,,,,,,,,,,,,,,,,,,,,,,,,,,,,,,,,,,,,,,,,,,,,,,,,,,,,,,,,,,,,,,,,,,,,,,,,,,,,,,,,,,,,,,,,,,,,,,,,,,,,,,,,,,,,,,,,,,,,,,,,,,,,,,,,,,,,,,,,,,,,,,,,,,,,,,,,,,,,,,,,,,,,
2024,1,SAI,Ferrari,3.0,15.0,Finished,1,0,12.0,0.0,1.0,3.0,,,Bahrain Grand Prix,27.0,3.5,3.0,1,0,2,2,0.0,,,,,,,,,,,1.0,,Bahrain Grand Prix,93.385,,,105.25935714285713,,,102.33042857142857,,,11.905748987458995,,,11.0,,,,90.769,,,100.43393333333333,,,102.70341666666667,,,12.049844430971133,,,4.0,,,,90.824,,,105.72455555555557,,,116.15100000000002,,,22.91288330830496,,,1.0,34.21585365853659,,,31.9,,,36.0,,,19.373170731707315,,,19.0,,,19.8,,,38.74390243902439,,,36.0,,,41.0,,,1016.1012195121951,,,1015.9,,,1016.3,,,0.0,,,False,,,False,,,3.3780487804878048,,,2.1,,,4.7,,,66.45121951219512,,,35.0,,,109.0,,,,22.098780487804877,,,21.1,,,23.4,,,17.24756097560976,,,17.1,,,17.4,,,39.02439024390244,,,34.0,,,46.0,,,1017.2317073170732,,,1017.0,,,1017.6,,,0.0,,,False,,,False,,,2.2817073170731708,,,1.2,,,3.5,,,82.76829268292683,,,41.0,,,134.0,,,,32.01341463414634,,,29.2,,,35.2,,,20.259756097560977,,,19.9,,,20.6,,,35.71951219512195,,,30.0,,,41.0,,,1017.720731707317,,,1017.4,,,1018.0,,,0.0,,,False,,,False,,,2.778048780487805,,,1.6,,,4.0,,,54.5,,,28.0,,,85.0,0.0,0.0,0.0,0.0,,,,,,,,,,,,,91.65933333333334,103.80594867724868,107.06161507936508,5.333333333333333,,,,
2024,3,SAI,Ferrari,1.0,25.0,Finished,1,0,19.0,1.0,1.0,6.0,1.0,3.0,Australian Grand Prix,44.0,1.5,1.0,2,0,2,2,49.0,4.25,24.5,0.0,1.0,4.25,24.5,0.0,,,,2.0,2.0,Australian Grand Prix,78.686,,,94.93,,,97.4474,,,28.224586999635616,,,8.0,,,,77.707,,,92.82347058823531,,,90.3049,,,20.34938303432754,,,3.0,,,,76.791,,,89.8310909090909,,,101.55460000000001,,,32.82127170449067,,,3.0,33.70987654320987,,,29.9,,,36.8,,,18.469135802469136,,,18.0,,,19.0,,,61.01234567901235,,,55.0,,,64.0,,,1023.5641975308641,,,1023.2,,,1023.9,,,0.0,,,False,,,False,,,1.262962962962963,,,0.5,,,2.7,,,142.54320987654322,,,0.0,,,342.0,,,,36.15731707317073,,,34.0,,,38.3,,,20.157317073170734,,,20.0,,,20.4,,,56.926829268292686,,,55.0,,,58.0,,,1022.0512195121953,,,1021.8,,,1022.2,,,0.0,,,False,,,False,,,1.803658536585366,,,0.7,,,3.0,,,147.47560975609755,,,0.0,,,354.0,,,,27.669135802469132,,,25.2,,,31.0,,,18.27283950617284,,,17.9,,,18.8,,,59.39506172839506,,,56.0,,,62.0,,,1025.324691358025,,,1025.0,,,1025.6,,,0.0,,,False,,,False,,,1.4333333333333333,,,0.5,,,2.8,,,133.25925925925927,,,0.0,,,346.0,0.0,0.0,0.0,0.0,,,,,,,,,,,,,77.728,92.5281871657754,96.43563333333333,4.666666666666667,90.73441666666668,105.28005375038904,106.53583878968254,5.916666666666666
2024,4,SAI,Ferrari,3.0,15.0,Finished,1,0,12.0,0.0,1.0,3.0,1.0,4.5,Japanese Grand Prix,27.0,3.5,3.0,1,0,2,2,93.0,3.333333333333333,31.0,0.0,1.0,3.333333333333333,31.0,0.0,,,,2.0,1.0,Japanese Grand Prix,90.269,,,104.3735,,,109.64542857142858,,,22.689612431368552,,,3.0,,,,112.579,,,112.579,,,112.579,,,,,,7.0,,,,90.171,,,100.83063157894736,,,97.153,,,2.038819658527946,,,7.0,24.296249999999997,,,22.9,,,25.8,,,16.566250000000004,,,15.4,,,17.2,,,42.6875,,,35.0,,,53.0,,,1013.31125,,,1012.9,,,1013.6,,,0.0,,,False,,,False,,,1.3625,,,0.4,,,3.0,,,178.175,,,10.0,,,359.0,,,,16.752325581395347,,,16.2,,,18.1,,,13.02093023255814,,,12.5,,,14.1,,,72.95348837209302,,,60.0,,,80.0,,,1013.4674418604648,,,1013.3,,,1013.7,,,0.20930232558139536,,,False,,,True,,,1.0046511627906978,,,0.0,,,1.9,,,157.5,,,0.0,,,218.0,,,,26.660759493670884,,,24.2,,,29.6,,,17.38227848101266,,,16.7,,,17.9,,,66.10126582278481,,,62.0,,,69.0,,,1015.8417721518989,,,1015.0,,,1016.5,,,0.0,,,False,,,False,,,1.3746835443037975,,,0.4,,,2.5,,,171.72151898734177,,,0.0,,,358.0,0.0,0.0,0.0,0.0,,,,,,,,,,,,,97.673,105.92771052631578,106.45914285714287,5.666666666666667,86.39894444444444,101.02943155551783,103.16910363756614,5.5
2024,5,SAI,Ferrari,5.0,10.0,Finished,0,0,12.0,0.0,-1.0,-2.0,1.0,4.0,Chinese Grand Prix,22.0,4.5,4.0,0,0,2,2,120.0,3.375,30.0,0.0,1.0,3.375,30.0,0.0,,,,2.0,1.0,Chinese Grand Prix,98.284,,,110.9417,,,115.67371428571428,,,22.787930355887124,,,14.0,,,,,,,,,,,,,,,,,,,,,,,,,,,,,,,,,39.46829268292684,,,38.2,,,42.1,,,23.142682926829266,,,22.3,,,23.8,,,22.865853658536587,,,21.0,,,25.0,,,1009.3329268292683,,,1008.5,,,1010.1,,,0.0,,,False,,,False,,,1.3536585365853657,,,0.0,,,3.2,,,146.96341463414635,,,0.0,,,356.0,,,,,,,,,,,,,,,,,,,,,,,,,,,,,,,,,,,,,,,,,,,,,,,,,,,,,,,,,,,,,,,,,,,,,,,,,,,,,,,,,,,,,,,,,,,,,,,,,,,,,,,,,,,,,,,,,,,,,,,,,,,,,,,,,1.0,0.0,0.0,0.0,,,,,,,,,,,,,98.284,110.9417,115.67371428571428,14.0,89.21745833333333,102.25400129821732,103.99161344246032,5.541666666666667
2024,6,SAI,Ferrari,5.0,10.0,Finished,0,0,15.0,1.0,-2.0,-5.0,0.5,2.5,Miami Grand Prix,25.0,4.0,3.0,1,0,2,2,142.0,3.6,28.4,0.0,1.0,3.6,28.4,0.0,,,,2.0,1.0,Miami Grand Prix,88.711,,,105.26156250000001,,,106.4864,,,22.529445119171886,,,3.0,,,,,,,,,,,,,,,,,,,,,,,,,,,,,,,,,49.958441558441564,,,43.4,,,54.9,,,28.780519480519484,,,28.3,,,29.3,,,56.27272727272727,,,53.0,,,59.0,,,1015.31038961039,,,1015.0,,,1015.6,,,0.0,,,False,,,False,,,3.0090909090909084,,,1.3,,,4.7,,,160.14285714285714,,,99.0,,,197.0,,,,,,,,,,,,,,,,,,,,,,,,,,,,,,,,,,,,,,,,,,,,,,,,,,,,,,,,,,,,,,,,,,,,,,,,,,,,,,,,,,,,,,,,,,,,,,,,,,,,,,,,,,,,,,,,,,,,,,,,,,,,,,,,,1.0,0.0,0.0,0.0,,,,,,,,,,,,,88.711,105.26156250000001,106.4864,3.0,91.03076666666666,103.99154103857386,106.32803361111112,7.233333333333334
2024,7,SAI,Ferrari,5.0,10.0,Finished,0,0,15.0,1.0,-2.0,-5.0,0.0,1.0,Emilia Romagna Grand Prix,25.0,4.0,3.0,1,0,2,2,167.0,3.6666666666666665,27.83333333333333,0.0,1.0,3.6666666666666665,27.83333333333333,0.0,,,,2.0,2.0,Emilia Romagna Grand Prix,77.12,,,88.31647058823529,,,91.75833333333334,,,16.424181349461534,,,3.0,,,,76.423,,,92.3643,,,86.39775000000002,,,15.583674838666031,,,6.0,,,,76.067,,,93.519,,,101.16525,,,30.548388264904148,,,3.0,43.45443037974684,,,42.6,,,44.5,,,23.972151898734175,,,23.3,,,24.6,,,32.53164556962025,,,30.0,,,35.0,,,1006.8518987341771,,,1006.6,,,1007.1,,,0.0,,,False,,,False,,,3.951898734177215,,,2.3,,,5.3,,,301.0506329113924,,,239.0,,,338.0,,,,36.84230769230769,,,35.1,,,39.0,,,24.379487179487178,,,24.0,,,24.7,,,33.94871794871795,,,29.0,,,36.0,,,1006.4525641025638,,,1006.2,,,1006.7,,,0.0,,,False,,,False,,,2.5230769230769234,,,0.5,,,4.6,,,284.1923076923077,,,2.0,,,350.0,,,,44.48076923076923,,,42.4,,,45.9,,,23.603846153846156,,,23.0,,,24.3,,,41.32051282051282,,,39.0,,,44.0,,,1009.2435897435897,,,1008.9,,,1009.5,,,0.0,,,False,,,False,,,1.9025641025641027,,,0.7,,,3.8,,,137.17948717948718,,,0.0,,,354.0,0.0,0.0,0.0,0.0,,,,,,,,,,,,,76.53666666666668,91.39992352941177,93.10711111111112,4.0,90.64413888888889,104.20321128214488,106.35442800925927,6.527777777777779
2024,8,SAI,Ferrari,3.0,15.0,Finished,1,0,25.0,1.0,-2.0,-10.0,-0.3333333333333333,0.0,Monaco Grand Prix,40.0,2.0,1.0,2,0,2,2,192.0,3.7142857142857135,27.428571428571427,0.0,1.0,3.7142857142857135,27.428571428571427,0.0,,,,2.0,1.0,Monaco Grand Prix,72.954,,,86.71813793103446,,,84.1931052631579,,,9.910156983254529,,,10.0,,,,71.962,,,91.19103571428572,,,85.20611111111111,,,21.96977336845129,,,6.0,,,,71.979,,,92.23124999999999,,,89.931,,,22.5896916756294,,,7.0,35.56103896103896,,,32.5,,,38.6,,,20.71688311688312,,,19.9,,,21.5,,,66.72727272727273,,,61.0,,,72.0,,,1018.2766233766234,,,1017.7,,,1018.7,,,0.09090909090909091,,,False,,,True,,,0.7467532467532466,,,0.0,,,1.5,,,156.16883116883116,,,0.0,,,359.0,,,,31.30246913580247,,,29.9,,,32.5,,,20.76172839506173,,,20.2,,,21.3,,,66.44444444444444,,,63.0,,,70.0,,,1017.1432098765433,,,1016.8,,,1017.5,,,0.0,,,False,,,False,,,0.7901234567901234,,,0.0,,,1.7,,,144.09876543209876,,,0.0,,,348.0,,,,46.86202531645569,,,45.0,,,48.5,,,21.67468354430379,,,21.3,,,22.0,,,57.40506329113924,,,55.0,,,61.0,,,1017.5379746835443,,,1017.4,,,1017.7,,,0.0,,,False,,,False,,,0.8240506329113924,,,0.0,,,1.6,,,190.30379746835442,,,0.0,,,359.0,0.0,0.0,0.0,0.0,,,,,,,,,,,,,72.29833333333333,90.0468078817734,86.44340545808967,7.666666666666667,88.62878571428573,102.37417017461158,104.46195416666667,6.166666666666667
2024,9,SAI,Ferrari,16.0,0.0,Retired,0,1,0.0,0.0,3.0,0.0,-0.5714285714285714,-1.4285714285714286,Canadian Grand Prix,0.0,17.5,16.0,0,2,0,2,232.0,3.5,29.0,0.0,1.0,3.5,29.0,0.0,,,,2.0,1.0,Canadian Grand Prix,84.763,,,90.73633333333333,,,89.44133333333333,,,2.1327799542693904,,,2.0,,,,77.722,,,91.39277272727273,,,85.82216666666666,,,4.583271595176475,,,13.0,,,,73.57,,,87.24391304347827,,,79.60133333333333,,,3.48195201958135,,,12.0,28.68205128205127,,,25.5,,,32.2,,,18.237179487179485,,,17.2,,,19.3,,,83.57692307692308,,,77.0,,,89.0,,,998.6589743589747,,,998.2,,,999.5,,,0.1794871794871795,,,False,,,True,,,1.2474358974358977,,,0.0,,,2.8,,,226.64102564102564,,,0.0,,,355.0,,,,25.546249999999997,,,23.8,,,27.1,,,18.99625,,,18.1,,,19.6,,,68.5,,,64.0,,,72.0,,,999.23375,,,998.8,,,999.7,,,0.8875,,,False,,,True,,,1.2925,,,0.3,,,2.9,,,151.95,,,0.0,,,337.0,,,,36.4,,,32.2,,,39.1,,,20.854320987654322,,,19.9,,,21.6,,,61.925925925925924,,,59.0,,,64.0,,,1000.5185185185185,,,1000.2,,,1000.8,,,0.0,,,False,,,False,,,1.6790123456790123,,,0.8,,,2.9,,,157.17283950617283,,,0.0,,,348.0,0.0,0.0,0.0,0.0,,,,,,,,,,,,,78.685,89.7910063680281,84.95494444444444,9.0,86.58747916666667,100.8332498880068,102.20963557809455,6.354166666666667
2024,10,SAI,Ferrari,6.0,8.0,Finished,0,0,10.0,0.0,-1.0,-2.0,-0.125,-1.25,Spanish Grand Prix,18.0,5.5,5.0,0,0,2,2,232.0,5.055555555555555,25.77777777777778,0.2222222222222222,0.7777777777777778,5.055555555555555,25.77777777777778,0.2222222222222222,,,,2.0,2.0,Spanish Grand Prix,74.572,,,88.26227272727273,,,85.34758333333333,,,15.301218902476858,,,3.0,,,,73.286,,,81.8625,,,81.02708333333334,,,2.7410407266495573,,,2.0,,,,73.013,,,82.70777777777778,,,78.26225,,,0.14227760423434418,,,1.0,47.092592592592595,,,45.3,,,48.0,,,28.16543209876543,,,27.5,,,28.5,,,33.666666666666664,,,29.0,,,38.0,,,1004.3987654320988,,,1004.1,,,1004.6,,,0.0,,,False,,,False,,,2.0950617283950614,,,0.0,,,3.5,,,214.14814814814815,,,0.0,,,276.0,,,,43.05185185185185,,,41.2,,,44.2,,,24.86543209876543,,,24.5,,,25.6,,,49.901234567901234,,,45.0,,,56.0,,,1004.495061728395,,,1004.3,,,1004.7,,,0.0,,,False,,,False,,,1.8407407407407406,,,0.8,,,2.9,,,205.08641975308643,,,0.0,,,340.0,,,,43.355000000000004,,,38.9,,,46.3,,,26.441250000000004,,,26.0,,,26.9,,,57.7125,,,47.0,,,62.0,,,1004.5975000000001,,,1004.3,,,1005.0,,,0.0,,,False,,,False,,,1.6612500000000001,,,0.4,,,2.7,,,218.975,,,0.0,,,355.0,0.0,0.0,0.0,0.0,,,,,,,,,,,,,73.62366666666667,84.27751683501684,81.54563888888889,2.0,85.70942592592593,99.6063339413425,100.29244767435564,6.648148148148149
2024,11,SAI,Ferrari,3.0,15.0,Finished,1,0,0.0,0.0,8.0,15.0,-0.2222222222222222,-1.3333333333333333,Austrian Grand Prix,15.0,7.0,3.0,1,0,2,2,250.0,5.1,25.0,0.2,0.8,5.1,25.0,0.2,,,,2.0,2.0,Austrian Grand Prix,66.128,,,80.27926315789473,,,70.47516666666667,,,3.228264017497121,,,4.0,,,,,,,,,,,,,,,,,,,,,,,,,,,,,,,,,36.88354430379747,,,30.7,,,42.5,,,23.24430379746836,,,21.9,,,24.5,,,59.54430379746835,,,56.0,,,64.0,,,940.7518987341775,,,940.5,,,940.9,,,0.0,,,False,,,False,,,2.6,,,0.7,,,4.0,,,104.36708860759494,,,0.0,,,142.0,,,,,,,,,,,,,,,,,,,,,,,,,,,,,,,,,,,,,,,,,,,,,,,,,,,,,,,,,,,,,,,,,,,,,,,,,,,,,,,,,,,,,,,,,,,,,,,,,,,,,,,,,,,,,,,,,,,,,,,,,,,,,,,,,1.0,0.0,0.0,0.0,,,,,,,,,,,,,66.128,80.27926315789473,70.47516666666667,4.0,84.50085,98.07345223070993,98.41776679580897,6.183333333333334
2024,12,SAI,Ferrari,5.0,11.0,Finished,0,0,0.0,0.0,9.0,11.0,0.6,0.3,British Grand Prix,11.0,9.5,5.0,0,0,2,2,265.0,5.2727272727272725,24.09090909090909,0.1818181818181818,0.8181818181818181,5.2727272727272725,24.09090909090909,0.1818181818181818,,,,2.0,1.0,British Grand Prix,87.925,,,97.33923529411766,,,97.6032857142857,,,12.081781142341073,,,9.0,,,,87.249,,,100.05117647058823,,,94.52533333333334,,,2.3838488766418626,,,8.0,,,,98.139,,,108.63258823529412,,,110.15630000000002,,,13.539353316659305,,,4.0,24.554320987654318,,,21.2,,,28.1,,,16.386419753086418,,,15.6,,,17.2,,,75.61728395061728,,,72.0,,,81.0,,,989.422222222222,,,989.2,,,989.6,,,0.0,,,False,,,False,,,1.3691358024691358,,,0.3,,,3.2,,,213.44444444444446,,,0.0,,,353.0,,,,29.296296296296298,,,25.0,,,32.7,,,18.319753086419755,,,17.5,,,18.9,,,67.5679012345679,,,61.0,,,74.0,,,987.8740740740741,,,987.4,,,988.5,,,0.1728395061728395,,,False,,,True,,,1.7185185185185183,,,0.5,,,2.9,,,223.8148148148148,,,0.0,,,289.0,,,,16.291463414634144,,,15.7,,,17.7,,,11.173170731707318,,,10.7,,,11.6,,,89.42682926829268,,,87.0,,,92.0,,,984.439024390244,,,983.7,,,985.1,,,0.6585365853658537,,,False,,,True,,,2.296341463414634,,,1.0,,,4.2,,,233.8170731707317,,,0.0,,,277.0,0.0,0.0,0.0,0.0,,,,,,,,,,,,,91.10433333333333,102.00766666666668,100.76163968253968,7.0,82.83059090909092,96.45579867863582,95.87753042043241,5.984848484848485
2024,13,SAI,Ferrari,6.0,8.0,Finished,0,0,12.0,0.0,-2.0,-4.0,1.3636363636363635,1.2727272727272727,Hungarian Grand Prix,20.0,5.0,4.0,0,0,2,2,276.0,5.625,23.0,0.1666666666666666,0.8333333333333334,5.625,23.0,0.1666666666666666,,,,2.0,2.0,Hungarian Grand Prix,78.713,,,90.76470588235294,,,91.11354545454546,,,18.365249267917044,,,1.0,,,,78.185,,,87.3894,,,89.53425,,,15.48001756591087,,,3.0,,,,76.639,,,87.60283333333332,,,108.2485,,,43.565555895684376,,,5.0,58.49878048780489,,,56.9,,,60.6,,,31.00487804878049,,,30.4,,,31.8,,,38.0,,,34.0,,,40.0,,,990.5731707317075,,,990.1,,,991.0,,,0.0,,,False,,,False,,,1.2621951219512195,,,0.3,,,3.8,,,207.78048780487805,,,0.0,,,345.0,,,,45.81975308641975,,,41.5,,,49.8,,,31.196296296296293,,,30.5,,,31.9,,,37.17283950617284,,,35.0,,,40.0,,,988.1012345679012,,,987.7,,,988.6,,,0.0,,,False,,,False,,,1.008641975308642,,,0.0,,,2.5,,,162.4320987654321,,,0.0,,,284.0,,,,39.0575,,,36.9,,,41.3,,,26.839999999999996,,,26.6,,,27.1,,,42.9375,,,42.0,,,44.0,,,984.8787500000001,,,984.6,,,985.2,,,0.0,,,False,,,False,,,0.92875,,,0.0,,,1.9,,,218.125,,,0.0,,,338.0,0.0,0.0,0.0,0.0,,,,,,,,,,,,,77.84566666666666,88.58564640522876,96.29876515151516,3.0,83.52006944444445,96.91845434430508,96.28453952560801,6.0694444444444455
2024,14,SAI,Ferrari,6.0,8.0,Finished,0,0,15.0,1.0,-3.0,-7.0,1.0833333333333333,0.8333333333333334,Belgian Grand Prix,23.0,4.5,3.0,1,0,2,2,296.0,5.576923076923077,22.76923076923077,0.1538461538461538,0.8461538461538461,5.576923076923077,22.76923076923077,0.1538461538461538,,,,3.0,2.0,Belgian Grand Prix,104.574,,,115.24406666666668,,,114.30825,,,12.358402170761634,,,9.0,,,,103.098,,,108.292,,,109.82922222222221,,,0.6994408083922794,,,5.0,,,,,,,,,,,,,,,,,38.3867469879518,,,35.2,,,40.9,,,22.012048192771083,,,21.4,,,22.5,,,60.855421686746986,,,58.0,,,65.0,,,964.7867469879518,,,964.5,,,965.0,,,0.012048192771084338,,,False,,,True,,,1.5518072289156624,,,0.0,,,4.0,,,156.0120481927711,,,0.0,,,359.0,,,,35.19024390243902,,,33.3,,,36.9,,,21.78170731707317,,,21.2,,,22.2,,,64.3048780487805,,,62.0,,,67.0,,,965.0170731707318,,,964.8,,,965.2,,,0.0,,,False,,,False,,,1.2378048780487805,,,0.4,,,2.7,,,134.90243902439025,,,0.0,,,358.0,,,,21.782926829268295,,,21.2,,,22.9,,,18.108536585365854,,,17.8,,,18.7,,,92.91463414634147,,,89.0,,,96.0,,,965.8914634146339,,,965.7,,,966.0,,,0.8902439024390244,,,False,,,True,,,1.423170731707317,,,0.5,,,2.4,,,156.6829268292683,,,102.0,,,244.0,0.0,0.0,0.0,0.0,,,,,,,,,,,,,103.836,111.76803333333334,112.06873611111111,7.0,83.08357692307692,96.27746911822229,96.28563380452394,5.833333333333334
2024,15,SAI,Ferrari,5.0,10.0,Finished,0,0,15.0,1.0,-2.0,-5.0,0.7692307692307693,0.2307692307692307,Dutch Grand Prix,25.0,4.0,3.0,1,0,2,2,319.0,5.5,22.785714285714285,0.1428571428571428,0.8571428571428572,5.5,22.785714285714285,0.1428571428571428,,,,3.0,2.0,Dutch Grand Prix,73.074,,,86.79974999999999,,,84.63850000000001,,,15.35622349081961,,,4.0,,,,73.108,,,87.86533333333334,,,87.86533333333334,,,25.057253926424846,,,19.0,,,,82.589,,,82.589,,,82.589,,,,,,10.0,21.725925925925925,,,20.3,,,23.8,,,20.233333333333334,,,19.4,,,21.3,,,83.87654320987654,,,75.0,,,92.0,,,1003.335802469136,,,1002.6,,,1004.1,,,0.14814814814814814,,,False,,,True,,,7.109876543209876,,,4.7,,,9.6,,,223.8395061728395,,,204.0,,,242.0,,,,31.169620253164563,,,29.8,,,31.9,,,21.37721518987342,,,21.1,,,21.6,,,62.51898734177215,,,60.0,,,65.0,,,1006.8721518987339,,,1006.2,,,1007.4,,,0.0,,,False,,,False,,,5.472151898734178,,,4.3,,,7.0,,,207.31645569620252,,,187.0,,,230.0,,,,21.572151898734177,,,19.3,,,25.1,,,19.350632911392406,,,17.5,,,21.4,,,94.20253164556962,,,88.0,,,96.0,,,1004.4113924050635,,,1004.0,,,1004.7,,,0.21518987341772153,,,False,,,True,,,1.9759493670886072,,,0.0,,,3.5,,,209.34177215189874,,,0.0,,,244.0,0.0,0.0,0.0,0.0,,,,,,,,,,,,,76.257,85.75136111111111,85.03094444444444,11.0,84.56589285714286,97.38393799073022,97.41299825499445,5.916666666666667
2024,16,SAI,Ferrari,4.0,12.0,Finished,0,0,25.0,1.0,-3.0,-13.0,0.5714285714285714,-0.1428571428571428,Italian Grand Prix,37.0,2.5,1.0,1,0,2,2,344.0,5.4,22.933333333333334,0.1333333333333333,0.8666666666666667,5.4,22.933333333333334,0.1333333333333333,,,,3.0,2.0,Italian Grand Prix,82.126,,,101.12735714285715,,,99.6525,,,16.31007914348261,,,4.0,,,,80.841,,,92.13173333333334,,,85.99775,,,1.2776545195899298,,,3.0,,,,80.463,,,96.109125,,,111.2735,,,35.49411561090092,,,7.0,50.81358024691359,,,48.7,,,52.1,,,32.7641975308642,,,32.2,,,33.4,,,38.135802469135804,,,36.0,,,40.0,,,996.3456790123457,,,995.9,,,996.7,,,0.0,,,False,,,False,,,1.0333333333333334,,,0.0,,,2.1,,,192.23456790123456,,,0.0,,,357.0,,,,44.350632911392395,,,41.6,,,48.0,,,34.029113924050634,,,33.7,,,34.4,,,32.177215189873415,,,31.0,,,34.0,,,994.7316455696205,,,994.5,,,995.0,,,0.0,,,False,,,False,,,1.092405063291139,,,0.0,,,2.9,,,213.26582278481013,,,0.0,,,357.0,,,,46.333333333333336,,,43.3,,,48.5,,,31.627160493827162,,,30.9,,,32.4,,,41.7037037037037,,,35.0,,,46.0,,,997.4049382716049,,,997.2,,,997.6,,,0.0,,,False,,,False,,,1.1246913580246913,,,0.0,,,2.3,,,206.4814814814815,,,0.0,,,351.0,0.0,0.0,0.0,0.0,,,,,,,,,,,,,81.14333333333333,96.45607182539682,98.97458333333333,4.666666666666667,84.01196666666667,96.60843286542226,96.58752800095778,6.255555555555556
2024,17,SAI,Ferrari,18.0,0.0,Retired,0,1,18.0,1.0,-16.0,-18.0,0.3333333333333333,-1.0,Azerbaijan Grand Prix,18.0,10.0,2.0,1,1,1,2,381.0,5.21875,23.8125,0.125,0.875,5.333333333333333,23.6,0.1333333333333333,,,,3.0,2.0,Azerbaijan Grand Prix,106.173,,,116.73500000000001,,,119.40425,,,18.702128940756097,,,5.0,,,,103.95,,,114.77914285714287,,,114.22711111111113,,,10.591652933376887,,,4.0,,,,102.968,,,123.39057142857143,,,130.932,,,17.53605914964933,,,6.0,43.68478260869565,,,39.8,,,46.2,,,29.195652173913032,,,28.0,,,30.6,,,39.09782608695652,,,26.0,,,50.0,,,1015.1771739130434,,,1014.9,,,1015.6,,,0.0,,,False,,,False,,,1.6956521739130432,,,0.5,,,3.5,,,119.3695652173913,,,0.0,,,353.0,,,,36.34878048780487,,,32.9,,,41.2,,,28.52926829268293,,,27.5,,,29.2,,,33.09756097560975,,,27.0,,,47.0,,,1015.0731707317074,,,1014.8,,,1015.3,,,0.0,,,False,,,False,,,1.224390243902439,,,0.0,,,2.6,,,115.8170731707317,,,0.0,,,358.0,,,,31.889024390243897,,,31.0,,,33.1,,,26.991463414634143,,,26.7,,,27.3,,,39.40243902439025,,,35.0,,,44.0,,,1016.6475609756096,,,1016.3,,,1016.9,,,0.35365853658536583,,,False,,,True,,,0.7658536585365854,,,0.0,,,1.7,,,125.02439024390245,,,0.0,,,357.0,0.0,0.0,0.0,0.0,,,,,,,,,,,,,104.36366666666667,118.30157142857144,121.52112037037038,5.0,83.3109,96.11844107529882,96.04839255122234,6.211111111111111
2024,18,SAI,Ferrari,7.0,6.0,Finished,0,0,10.0,0.0,-2.0,-4.0,-0.8,-2.4,Singapore Grand Prix,16.0,6.0,5.0,0,0,2,2,399.0,5.5,23.47058823529412,0.1764705882352941,0.8235294117647058,5.666666666666667,23.33333333333333,0.2,,,,3.0,2.0,Singapore Grand Prix,91.952,,,107.35500000000002,,,105.47183333333334,,,18.117568108514632,,,3.0,,,,91.356,,,102.98325,,,103.39533333333333,,,11.812912109213379,,,3.0,,,,90.807,,,100.55088888888889,,,110.765,,,23.20988769181503,,,6.0,37.114999999999995,,,35.6,,,38.8,,,31.35,,,31.2,,,31.5,,,64.4375,,,63.0,,,67.0,,,1005.6075000000001,,,1005.3,,,1005.9,,,0.0,,,False,,,False,,,2.44875,,,1.2,,,3.4,,,187.9,,,177.0,,,214.0,,,,32.95000000000001,,,32.3,,,33.6,,,30.181707317073165,,,30.0,,,30.3,,,73.98780487804878,,,73.0,,,75.0,,,1008.1158536585366,,,1007.8,,,1008.6,,,0.0,,,False,,,False,,,1.6597560975609755,,,1.1,,,2.4,,,203.09756097560975,,,171.0,,,222.0,,,,37.0670731707317,,,34.9,,,38.6,,,30.06219512195122,,,29.9,,,30.2,,,75.13414634146342,,,74.0,,,77.0,,,1006.7951219512195,,,1006.6,,,1007.0,,,0.0,,,False,,,False,,,0.4817073170731707,,,0.0,,,1.5,,,199.15853658536585,,,0.0,,,323.0,0.0,0.0,0.0,0.0,,,,,,,,,,,,,91.37166666666667,103.62971296296297,106.54405555555554,4.0,84.28117777777778,96.88826858230162,97.0824630759137,6.111111111111112
2024,19,SAI,Ferrari,2.0,18.0,Finished,1,0,25.0,1.0,-1.0,-7.0,-1.0,-3.066666666666667,United States Grand Prix,43.0,1.5,1.0,2,0,2,2,415.0,5.527777777777778,23.05555555555556,0.1666666666666666,0.8333333333333334,5.966666666666667,21.466666666666665,0.2,,,,3.0,2.0,United States Grand Prix,93.602,,,108.141125,,,103.03733333333332,,,15.34132985978291,,,1.0,,,,,,,,,,,,,,,,,,,,,,,,,,,,,,,,,36.703703703703695,,,33.9,,,38.7,,,25.27777777777778,,,23.5,,,26.4,,,52.24691358024691,,,47.0,,,56.0,,,1004.1839506172839,,,1003.5,,,1005.0,,,0.0,,,False,,,False,,,3.34074074074074,,,1.4,,,5.4,,,158.8641975308642,,,128.0,,,186.0,,,,,,,,,,,,,,,,,,,,,,,,,,,,,,,,,,,,,,,,,,,,,,,,,,,,,,,,,,,,,,,,,,,,,,,,,,,,,,,,,,,,,,,,,,,,,,,,,,,,,,,,,,,,,,,,,,,,,,,,,,,,,,,,,1.0,0.0,0.0,0.0,,,,,,,,,,,,,93.602,108.141125,103.03733333333332,1.0,85.19075555555555,97.6283703021141,97.75635789072852,6.066666666666666
2024,20,SAI,Ferrari,1.0,25.0,Finished,1,0,16.0,1.0,2.0,9.0,-1.1333333333333333,-3.733333333333333,Mexico City Grand Prix,41.0,2.0,1.0,2,0,2,2,458.0,5.315789473684211,24.105263157894736,0.1578947368421052,0.8421052631578947,5.833333333333333,22.53333333333333,0.2,,,,3.0,2.0,Mexico City Grand Prix,78.315,,,85.91884615384615,,,87.77816666666666,,,13.786390628684023,,,2.0,,,,77.699,,,85.82953846153848,,,81.95,,,1.497050581792229,,,1.0,,,,76.832,,,88.23988888888887,,,100.07300000000001,,,18.08839018081304,,,3.0,45.61772151898734,,,42.1,,,48.6,,,19.534177215189874,,,17.6,,,21.1,,,45.139240506329116,,,34.0,,,57.0,,,784.5962025316454,,,784.0,,,785.2,,,0.0,,,False,,,False,,,1.6050632911392404,,,0.6,,,3.9,,,208.873417721519,,,0.0,,,344.0,,,,37.789908256880736,,,31.3,,,42.9,,,22.755963302752296,,,22.1,,,23.0,,,27.513761467889907,,,19.0,,,34.0,,,783.3422018348625,,,783.2,,,783.6,,,0.0,,,False,,,False,,,1.4238532110091744,,,0.0,,,3.1,,,255.9724770642202,,,0.0,,,358.0,,,,32.757831325301204,,,29.0,,,38.0,,,18.249397590361443,,,16.9,,,19.7,,,53.855421686746986,,,50.0,,,59.0,,,787.2807228915663,,,786.6,,,787.9,,,0.0,,,False,,,False,,,1.5783132530120483,,,0.0,,,3.8,,,265.90361445783134,,,0.0,,,357.0,0.0,0.0,0.0,0.0,,,,,,,,,,,,,77.61533333333334,86.66275783475783,89.93372222222222,2.0,84.91935555555555,97.77593126702641,97.52823725580787,5.7555555555555555
2024,21,SAI,Ferrari,16.0,0.0,Retired,0,1,10.0,0.0,-11.0,-10.0,-0.9333333333333332,-3.0,São Paulo Grand Prix,10.0,10.5,5.0,0,1,1,2,499.0,5.15,24.95,0.15,0.85,5.666666666666667,23.8,0.2,,,,2.0,2.0,São Paulo Grand Prix,71.1,,,88.13804999999999,,,81.53575,,,12.654277670303543,,,7.0,,,,,,,,,,,,,,,,,,,,,,,,,,,,,,,,,54.140243902439025,,,49.7,,,57.5,,,26.103658536585368,,,25.7,,,26.4,,,54.9390243902439,,,48.0,,,59.0,,,928.0024390243904,,,927.6,,,928.4,,,0.0,,,False,,,False,,,1.0865853658536584,,,0.0,,,2.1,,,180.59756097560975,,,0.0,,,350.0,,,,,,,,,,,,,,,,,,,,,,,,,,,,,,,,,,,,,,,,,,,,,,,,,,,,,,,,,,,,,,,,,,,,,,,,,,,,,,,,,,,,,,,,,,,,,,,,,,,,,,,,,,,,,,,,,,,,,,,,,,,,,,,,,1.0,0.0,0.0,0.0,,,,,,,,,,,,,71.1,88.13804999999999,81.53575,7.0,83.54144444444445,96.15733512267691,95.8122377849084,4.955555555555555
2024,22,SAI,Ferrari,3.0,15.0,Finished,1,0,12.0,0.0,1.0,3.0,-1.5333333333333334,-3.333333333333333,Las Vegas Grand Prix,27.0,3.5,3.0,1,0,2,2,509.0,5.404761904761905,24.23809523809524,0.1904761904761904,0.8095238095238095,6.1,22.8,0.2666666666666666,,,,2.0,2.0,Las Vegas Grand Prix,96.218,,,112.18695,,,111.00425,,,10.43573489266568,,,6.0,,,,94.105,,,107.11230434782611,,,103.0316,,,9.716027162488908,,,4.0,,,,93.918,,,108.55525,,,114.6395,,,22.649850926661742,,,3.0,15.683132530120483,,,14.9,,,16.5,,,14.065060240963856,,,13.3,,,14.6,,,19.626506024096386,,,17.0,,,22.0,,,947.4734939759037,,,947.2,,,947.7,,,0.0,,,False,,,False,,,0.9951807228915662,,,0.5,,,1.7,,,212.16867469879517,,,146.0,,,242.0,,,,12.870987654320986,,,12.6,,,13.2,,,11.146296296296295,,,10.8,,,11.5,,,24.290123456790123,,,23.0,,,26.0,,,947.783950617284,,,947.6,,,948.0,,,0.0,,,False,,,False,,,0.9117283950617283,,,0.4,,,1.4,,,216.62345679012347,,,184.0,,,260.0,,,,16.830487804878047,,,16.1,,,17.7,,,14.853658536585366,,,14.2,,,15.3,,,18.573170731707318,,,17.0,,,20.0,,,942.1670731707317,,,942.0,,,942.4,,,0.0,,,False,,,False,,,0.6524390243902439,,,0.0,,,1.5,,,178.41463414634146,,,0.0,,,310.0,0.0,0.0,0.0,0.0,,,,,,,,,,,,,94.747,109.2848347826087,109.55845,4.333333333333333,82.36737777777779,95.01576762267692,94.14886111824174,5.222222222222222
2024,23,SAI,Ferrari,6.0,8.0,Finished,0,0,18.0,1.0,-4.0,-10.0,-1.3333333333333333,-2.8,Qatar Grand Prix,26.0,4.0,2.0,1,0,2,2,536.0,5.318181818181818,24.363636363636363,0.1818181818181818,0.8181818181818181,6.066666666666666,22.933333333333334,0.2666666666666666,,,,2.0,2.0,,,,,,,,,,,,,,,,,,,,,,,,,,,,,,,,,,,,,,,,,,,,,,,,,,,,,,,,,,,,,,,,,,,,,,,,,,,,,,,,,,,,,,,,,,,,,,,,,,,,,,,,,,,,,,,,,,,,,,,,,,,,,,,,,,,,,,,,,,,,,,,,,,,,,,,,,,,,,,,,,,,,,,,,,,,,,,,,,,,,,,,,,,,,,,,,,,,,,,,,,,,,,,,,,,,,,,,,,,,,,,,,,,,,,,,,,,,,,,,,,,,,,,,,,,,,,,,,,,,
2024,24,SAI,Ferrari,2.0,18.0,Finished,1,0,15.0,1.0,1.0,3.0,-1.4666666666666666,-2.8,Abu Dhabi Grand Prix,33.0,2.5,2.0,2,0,2,2,562.0,5.260869565217392,24.43478260869565,0.1739130434782608,0.8260869565217391,6.2,22.0,0.2666666666666666,,,,2.0,2.0,,,,,,,,,,,,,,,,,,,,,,,,,,,,,,,,,,,,,,,,,,,,,,,,,,,,,,,,,,,,,,,,,,,,,,,,,,,,,,,,,,,,,,,,,,,,,,,,,,,,,,,,,,,,,,,,,,,,,,,,,,,,,,,,,,,,,,,,,,,,,,,,,,,,,,,,,,,,,,,,,,,,,,,,,,,,,,,,,,,,,,,,,,,,,,,,,,,,,,,,,,,,,,,,,,,,,,,,,,,,,,,,,,,,,,,,,,,,,,,,,,,,,,,,,,,,,,,,,,,
2025,1,SAI,Williams,18.0,0.0,Retired,0,1,10.0,0.0,-13.0,-10.0,-1.6,-2.6,Australian Grand Prix,10.0,11.5,5.0,0,1,1,2,0.0,,,,,,,,11.0,0.0,0.0,1.0,,,,,,,,,,,,,,,,,,,,,,,,,,,,,,,,,,,,,,,,,,,,,,,,,,,,,,,,,,,,,,,,,,,,,,,,,,,,,,,,,,,,,,,,,,,,,,,,,,,,,,,,,,,,,,,,,,,,,,,,,,,,,,,,,,,,,,,,,,,,,,,,,,,,,,,,,,,,,,,,,,,,,,,,,,,,,,,,,,,,,,,,,,,,,,,,,,,,,,,,,,,,,,,,,,,,,,,,,,,,,,,,,,,,,,,,,,,,,,,,,,,,,,,,,,,,,,,,,,,,
2025,2,SAI,Williams,10.0,1.0,Finished,0,0,6.0,0.0,-3.0,-5.0,-2.4,-3.1333333333333333,Chinese Grand Prix,7.0,8.5,7.0,0,0,2,2,10.0,11.5,10.0,1.0,0.0,11.5,10.0,1.0,14.5,0.0,0.0,4.0,5.0,,,,,,,,,,,,,,,,,,,,,,,,,,,,,,,,,,,,,,,,,,,,,,,,,,,,,,,,,,,,,,,,,,,,,,,,,,,,,,,,,,,,,,,,,,,,,,,,,,,,,,,,,,,,,,,,,,,,,,,,,,,,,,,,,,,,,,,,,,,,,,,,,,,,,,,,,,,,,,,,,,,,,,,,,,,,,,,,,,,,,,,,,,,,,,,,,,,,,,,,,,,,,,,,,,,,,,,,,,,,,,,,,,,,,,,,,,,,,,,,,,,,,,,,,,,,,,,,,,,
2025,3,SAI,Williams,14.0,0.0,Finished,0,0,2.0,0.0,-5.0,-2.0,-3.1333333333333333,-4.466666666666667,Japanese Grand Prix,2.0,11.5,9.0,0,0,2,2,17.0,10.0,8.5,0.5,0.5,10.0,8.5,0.5,18.5,0.0,0.0,4.0,4.0,,,,,,,,,,,,,,,,,,,,,,,,,,,,,,,,,,,,,,,,,,,,,,,,,,,,,,,,,,,,,,,,,,,,,,,,,,,,,,,,,,,,,,,,,,,,,,,,,,,,,,,,,,,,,,,,,,,,,,,,,,,,,,,,,,,,,,,,,,,,,,,,,,,,,,,,,,,,,,,,,,,,,,,,,,,,,,,,,,,,,,,,,,,,,,,,,,,,,,,,,,,,,,,,,,,,,,,,,,,,,,,,,,,,,,,,,,,,,,,,,,,,,,,,,,,,,,,,,,,
2025,4,SAI,Williams,19.0,0.0,Retired,0,1,0.0,0.0,-7.0,0.0,-4.066666666666666,-5.333333333333333,Bahrain Grand Prix,0.0,15.5,12.0,0,1,1,2,19.0,10.5,6.333333333333333,0.3333333333333333,0.6666666666666667,10.5,6.333333333333333,0.3333333333333333,17.5,0.0,0.0,5.0,4.0,,,,,,,,,,,,,,,,,,,,,,,,,,,,,,,,,,,,,,,,,,,,,,,,,,,,,,,,,,,,,,,,,,,,,,,,,,,,,,,,,,,,,,,,,,,,,,,,,,,,,,,,,,,,,,,,,,,,,,,,,,,,,,,,,,,,,,,,,,,,,,,,,,,,,,,,,,,,,,,,,,,,,,,,,,,,,,,,,,,,,,,,,,,,,,,,,,,,,,,,,,,,,,,,,,,,,,,,,,,,,,,,,,,,,,,,,,,,,,,,,,,,,,,,,,,,,,,,,,,
2025,5,SAI,Williams,8.0,4.0,Finished,0,0,2.0,0.0,1.0,2.0,-4.4,-5.066666666666666,Saudi Arabian Grand Prix,6.0,8.5,8.0,0,0,2,2,19.0,11.75,4.75,0.5,0.5,11.75,4.75,0.5,12.5,0.0,0.0,6.0,6.0,,,,,,,,,,,,,,,,,,,,,,,,,,,,,,,,,,,,,,,,,,,,,,,,,,,,,,,,,,,,,,,,,,,,,,,,,,,,,,,,,,,,,,,,,,,,,,,,,,,,,,,,,,,,,,,,,,,,,,,,,,,,,,,,,,,,,,,,,,,,,,,,,,,,,,,,,,,,,,,,,,,,,,,,,,,,,,,,,,,,,,,,,,,,,,,,,,,,,,,,,,,,,,,,,,,,,,,,,,,,,,,,,,,,,,,,,,,,,,,,,,,,,,,,,,,,,,,,,,,
2025,6,SAI,Williams,9.0,2.0,Finished,0,0,10.0,0.0,-4.0,-8.0,-4.133333333333334,-4.466666666666667,Miami Grand Prix,12.0,7.0,5.0,0,0,2,2,25.0,11.1,5.0,0.4,0.6,11.1,5.0,0.4,19.0,0.0,0.0,5.0,5.0,,,,,,,,,,,,,,,,,,,,,,,,,,,,,,,,,,,,,,,,,,,,,,,,,,,,,,,,,,,,,,,,,,,,,,,,,,,,,,,,,,,,,,,,,,,,,,,,,,,,,,,,,,,,,,,,,,,,,,,,,,,,,,,,,,,,,,,,,,,,,,,,,,,,,,,,,,,,,,,,,,,,,,,,,,,,,,,,,,,,,,,,,,,,,,,,,,,,,,,,,,,,,,,,,,,,,,,,,,,,,,,,,,,,,,,,,,,,,,,,,,,,,,,,,,,,,,,,,,,
2025,7,SAI,Williams,8.0,4.0,Finished,0,0,10.0,0.0,-3.0,-6.0,-4.266666666666667,-4.666666666666667,Emilia Romagna Grand Prix,14.0,6.5,5.0,0,0,2,2,37.0,10.416666666666666,6.166666666666667,0.3333333333333333,0.6666666666666667,10.416666666666666,6.166666666666667,0.3333333333333333,18.5,0.0,0.0,5.0,5.0,,,,,,,,,,,,,,,,,,,,,,,,,,,,,,,,,,,,,,,,,,,,,,,,,,,,,,,,,,,,,,,,,,,,,,,,,,,,,,,,,,,,,,,,,,,,,,,,,,,,,,,,,,,,,,,,,,,,,,,,,,,,,,,,,,,,,,,,,,,,,,,,,,,,,,,,,,,,,,,,,,,,,,,,,,,,,,,,,,,,,,,,,,,,,,,,,,,,,,,,,,,,,,,,,,,,,,,,,,,,,,,,,,,,,,,,,,,,,,,,,,,,,,,,,,,,,,,,,,,
2025,8,SAI,Williams,10.0,1.0,Lapped,0,1,2.0,0.0,-1.0,-1.0,-4.266666666666667,-4.2,Monaco Grand Prix,3.0,9.5,9.0,0,0,2,2,51.0,9.857142857142858,7.285714285714286,0.2857142857142857,0.7142857142857143,9.857142857142858,7.285714285714286,0.2857142857142857,12.0,2.0,0.0,5.0,5.0,,,,,,,,,,,,,,,,,,,,,,,,,,,,,,,,,,,,,,,,,,,,,,,,,,,,,,,,,,,,,,,,,,,,,,,,,,,,,,,,,,,,,,,,,,,,,,,,,,,,,,,,,,,,,,,,,,,,,,,,,,,,,,,,,,,,,,,,,,,,,,,,,,,,,,,,,,,,,,,,,,,,,,,,,,,,,,,,,,,,,,,,,,,,,,,,,,,,,,,,,,,,,,,,,,,,,,,,,,,,,,,,,,,,,,,,,,,,,,,,,,,,,,,,,,,,,,,,,,,
2025,9,SAI,Williams,14.0,0.0,Finished,0,0,0.0,0.0,5.0,0.0,-3.2666666666666666,-3.066666666666667,Spanish Grand Prix,0.0,16.5,14.0,0,1,1,2,54.0,9.8125,6.75,0.25,0.75,9.8125,6.75,0.25,19.0,0.0,0.0,5.0,5.0,,,,,,,,,,,,,,,,,,,,,,,,,,,,,,,,,,,,,,,,,,,,,,,,,,,,,,,,,,,,,,,,,,,,,,,,,,,,,,,,,,,,,,,,,,,,,,,,,,,,,,,,,,,,,,,,,,,,,,,,,,,,,,,,,,,,,,,,,,,,,,,,,,,,,,,,,,,,,,,,,,,,,,,,,,,,,,,,,,,,,,,,,,,,,,,,,,,,,,,,,,,,,,,,,,,,,,,,,,,,,,,,,,,,,,,,,,,,,,,,,,,,,,,,,,,,,,,,,,,
2024,1,SAR,Williams,20.0,0.0,Lapped,0,1,0.0,0.0,-5.0,0.0,,,Bahrain Grand Prix,0.0,17.5,15.0,0,0,2,2,0.0,,,,,,,,,,,1.0,,Bahrain Grand Prix,94.213,,,102.94584615384613,,,101.23416666666667,,,12.57178454184873,,,16.0,,,,91.715,,,101.44749999999999,,,102.16144444444444,,,14.401950571980791,,,13.0,,,,92.125,,,100.1818,,,92.125,,,,,,19.0,34.21585365853659,,,31.9,,,36.0,,,19.373170731707315,,,19.0,,,19.8,,,38.74390243902439,,,36.0,,,41.0,,,1016.1012195121951,,,1015.9,,,1016.3,,,0.0,,,False,,,False,,,3.3780487804878048,,,2.1,,,4.7,,,66.45121951219512,,,35.0,,,109.0,,,,22.098780487804877,,,21.1,,,23.4,,,17.24756097560976,,,17.1,,,17.4,,,39.02439024390244,,,34.0,,,46.0,,,1017.2317073170732,,,1017.0,,,1017.6,,,0.0,,,False,,,False,,,2.2817073170731708,,,1.2,,,3.5,,,82.76829268292683,,,41.0,,,134.0,,,,32.01341463414634,,,29.2,,,35.2,,,20.259756097560977,,,19.9,,,20.6,,,35.71951219512195,,,30.0,,,41.0,,,1017.720731707317,,,1017.4,,,1018.0,,,0.0,,,False,,,False,,,2.778048780487805,,,1.6,,,4.0,,,54.5,,,28.0,,,85.0,0.0,0.0,0.0,0.0,,,,,,,,,,,,,92.68433333333333,101.5250487179487,98.50687037037038,16.0,,,,
2024,2,SAR,Williams,14.0,0.0,Lapped,0,1,0.0,0.0,-3.0,0.0,-5.0,0.0,Saudi Arabian Grand Prix,0.0,12.5,11.0,0,0,2,2,0.0,17.5,0.0,0.0,1.0,17.5,0.0,0.0,,,,6.0,9.0,Saudi Arabian Grand Prix,90.966,,,102.9488947368421,,,95.27428571428572,,,0.25687851492207675,,,14.0,,,,89.934,,,102.67961111111111,,,96.9384,,,4.206311268663897,,,16.0,,,,,,,,,,,,,,,,,39.70125,,,38.2,,,41.9,,,26.754999999999995,,,26.4,,,27.1,,,57.575,,,53.0,,,61.0,,,1012.2375,,,1012.0,,,1012.5,,,0.0,,,False,,,False,,,4.80625,,,3.2,,,6.8,,,24.6125,,,1.0,,,41.0,,,,30.59677419354838,,,29.2,,,31.5,,,25.370967741935488,,,25.2,,,25.6,,,59.784946236559136,,,58.0,,,63.0,,,1013.7204301075269,,,1013.2,,,1014.1,,,0.0,,,False,,,False,,,2.4010752688172046,,,0.6,,,4.1,,,92.86021505376344,,,0.0,,,360.0,,,,39.558536585365864,,,37.3,,,43.5,,,25.98414634146341,,,25.6,,,26.3,,,60.34146341463415,,,57.0,,,63.0,,,1012.940243902439,,,1012.7,,,1013.4,,,0.0,,,False,,,False,,,4.16219512195122,,,2.1,,,5.8,,,23.451219512195124,,,0.0,,,54.0,0.0,0.0,0.0,0.0,,,,,,,,,,,,,90.44999999999999,102.81425292397661,96.10634285714286,15.0,92.68433333333333,101.5250487179487,98.50687037037038,16.0
2024,4,SAR,Williams,17.0,0.0,Lapped,0,1,0.0,0.0,3.0,0.0,-4.0,0.0,Japanese Grand Prix,0.0,18.5,17.0,0,1,1,2,0.0,13.666666666666666,0.0,0.0,1.0,13.666666666666666,0.0,0.0,,,,8.0,8.0,Japanese Grand Prix,93.204,,,114.36183333333332,,,114.36183333333334,,,21.41355651372903,,,20.0,,,,,,,,,,,,,,,,,,,,91.452,,,105.9490909090909,,,97.22175,,,1.6592117355338785,,,19.0,24.296249999999997,,,22.9,,,25.8,,,16.566250000000004,,,15.4,,,17.2,,,42.6875,,,35.0,,,53.0,,,1013.31125,,,1012.9,,,1013.6,,,0.0,,,False,,,False,,,1.3625,,,0.4,,,3.0,,,178.175,,,10.0,,,359.0,,,,16.752325581395347,,,16.2,,,18.1,,,13.02093023255814,,,12.5,,,14.1,,,72.95348837209302,,,60.0,,,80.0,,,1013.4674418604648,,,1013.3,,,1013.7,,,0.20930232558139536,,,False,,,True,,,1.0046511627906978,,,0.0,,,1.9,,,157.5,,,0.0,,,218.0,,,,26.660759493670884,,,24.2,,,29.6,,,17.38227848101266,,,16.7,,,17.9,,,66.10126582278481,,,62.0,,,69.0,,,1015.8417721518989,,,1015.0,,,1016.5,,,0.0,,,False,,,False,,,1.3746835443037975,,,0.4,,,2.5,,,171.72151898734177,,,0.0,,,358.0,0.0,0.0,0.0,0.0,,,,,,,,,,,,,92.328,110.15546212121211,105.79179166666667,19.5,87.39427777777776,98.867956102864,95.20387107583775,14.833333333333334
2024,5,SAR,Williams,17.0,0.0,Finished,0,0,0.0,0.0,-5.0,0.0,-1.6666666666666667,0.0,Chinese Grand Prix,0.0,14.5,12.0,0,0,2,2,0.0,14.875,0.0,0.25,0.75,14.875,0.0,0.25,,,,8.0,8.0,Chinese Grand Prix,98.286,,,112.65021428571428,,,103.09733333333334,,,0.5684356310671059,,,15.0,,,,,,,,,,,,,,,,,,,,,,,,,,,,,,,,,39.46829268292684,,,38.2,,,42.1,,,23.142682926829266,,,22.3,,,23.8,,,22.865853658536587,,,21.0,,,25.0,,,1009.3329268292683,,,1008.5,,,1010.1,,,0.0,,,False,,,False,,,1.3536585365853657,,,0.0,,,3.2,,,146.96341463414635,,,0.0,,,356.0,,,,,,,,,,,,,,,,,,,,,,,,,,,,,,,,,,,,,,,,,,,,,,,,,,,,,,,,,,,,,,,,,,,,,,,,,,,,,,,,,,,,,,,,,,,,,,,,,,,,,,,,,,,,,,,,,,,,,,,,,,,,,,,,,1.0,0.0,0.0,0.0,,,,,,,,,,,,,98.286,112.65021428571428,103.09733333333334,15.0,88.62770833333333,101.68983260745102,97.85085122354498,16.0
2024,6,SAR,Williams,20.0,0.0,Retired,0,1,0.0,0.0,-2.0,0.0,-2.5,0.0,Miami Grand Prix,0.0,19.0,18.0,0,1,1,2,0.0,14.8,0.0,0.2,0.8,14.8,0.0,0.2,,,,8.0,8.0,Miami Grand Prix,89.891,,,100.36999999999999,,,93.20150000000001,,,1.0189719819504344,,,18.0,,,,,,,,,,,,,,,,,,,,,,,,,,,,,,,,,49.958441558441564,,,43.4,,,54.9,,,28.780519480519484,,,28.3,,,29.3,,,56.27272727272727,,,53.0,,,59.0,,,1015.31038961039,,,1015.0,,,1015.6,,,0.0,,,False,,,False,,,3.0090909090909084,,,1.3,,,4.7,,,160.14285714285714,,,99.0,,,197.0,,,,,,,,,,,,,,,,,,,,,,,,,,,,,,,,,,,,,,,,,,,,,,,,,,,,,,,,,,,,,,,,,,,,,,,,,,,,,,,,,,,,,,,,,,,,,,,,,,,,,,,,,,,,,,,,,,,,,,,,,,,,,,,,,1.0,0.0,0.0,0.0,,,,,,,,,,,,,89.891,100.36999999999999,93.20150000000001,18.0,90.55936666666666,103.88190894310367,98.90014764550264,15.8
2024,7,SAR,Williams,17.0,0.0,Lapped,0,1,0.0,0.0,3.0,0.0,-2.4,0.0,Emilia Romagna Grand Prix,0.0,18.5,17.0,0,1,1,2,0.0,15.5,0.0,0.3333333333333333,0.6666666666666667,15.5,0.0,0.3333333333333333,,,,9.0,9.0,Emilia Romagna Grand Prix,80.215,,,96.4115714285714,,,89.35342857142858,,,19.839638856400107,,,19.0,,,,77.848,,,85.2005,,,85.39825,,,10.969965725686079,,,20.0,,,,76.794,,,93.86914285714286,,,98.19875,,,25.07902721897323,,,15.0,43.45443037974684,,,42.6,,,44.5,,,23.972151898734175,,,23.3,,,24.6,,,32.53164556962025,,,30.0,,,35.0,,,1006.8518987341771,,,1006.6,,,1007.1,,,0.0,,,False,,,False,,,3.951898734177215,,,2.3,,,5.3,,,301.0506329113924,,,239.0,,,338.0,,,,36.84230769230769,,,35.1,,,39.0,,,24.379487179487178,,,24.0,,,24.7,,,33.94871794871795,,,29.0,,,36.0,,,1006.4525641025638,,,1006.2,,,1006.7,,,0.0,,,False,,,False,,,2.5230769230769234,,,0.5,,,4.6,,,284.1923076923077,,,2.0,,,350.0,,,,44.48076923076923,,,42.4,,,45.9,,,23.603846153846156,,,23.0,,,24.3,,,41.32051282051282,,,39.0,,,44.0,,,1009.2435897435897,,,1008.9,,,1009.5,,,0.0,,,False,,,False,,,1.9025641025641027,,,0.7,,,3.8,,,137.17948717948718,,,0.0,,,354.0,0.0,0.0,0.0,0.0,,,,,,,,,,,,,78.28566666666666,91.82707142857141,90.9834761904762,18.0,90.44797222222222,103.29659078591972,97.95037303791888,16.166666666666668
2024,8,SAR,Williams,15.0,0.0,Lapped,0,1,2.0,0.0,-6.0,-2.0,-1.5,0.0,Monaco Grand Prix,2.0,12.0,9.0,0,0,2,2,0.0,15.928571428571429,0.0,0.4285714285714285,0.5714285714285714,15.928571428571429,0.0,0.4285714285714285,,,,9.0,9.0,Monaco Grand Prix,74.15,,,85.47614285714288,,,87.56127272727272,,,13.598092940489185,,,17.0,,,,72.79,,,79.72017391304347,,,77.2606,,,1.0420024738720859,,,18.0,,,,72.703,,,95.60993333333333,,,95.9305,,,20.209440036068013,,,17.0,35.56103896103896,,,32.5,,,38.6,,,20.71688311688312,,,19.9,,,21.5,,,66.72727272727273,,,61.0,,,72.0,,,1018.2766233766234,,,1017.7,,,1018.7,,,0.09090909090909091,,,False,,,True,,,0.7467532467532466,,,0.0,,,1.5,,,156.16883116883116,,,0.0,,,359.0,,,,31.30246913580247,,,29.9,,,32.5,,,20.76172839506173,,,20.2,,,21.3,,,66.44444444444444,,,63.0,,,70.0,,,1017.1432098765433,,,1016.8,,,1017.5,,,0.0,,,False,,,False,,,0.7901234567901234,,,0.0,,,1.7,,,144.09876543209876,,,0.0,,,348.0,,,,46.86202531645569,,,45.0,,,48.5,,,21.67468354430379,,,21.3,,,22.0,,,57.40506329113924,,,55.0,,,61.0,,,1017.5379746835443,,,1017.4,,,1017.7,,,0.0,,,False,,,False,,,0.8240506329113924,,,0.0,,,1.6,,,190.30379746835442,,,0.0,,,359.0,0.0,0.0,0.0,0.0,,,,,,,,,,,,,73.21433333333333,86.93541670117322,86.91745757575757,17.333333333333332,88.7105,101.65808802058426,96.95510205971277,16.428571428571427
2024,9,SAR,Williams,20.0,0.0,Retired,0,1,0.0,0.0,-3.0,0.0,-2.142857142857143,-0.2857142857142857,Canadian Grand Prix,0.0,18.5,17.0,0,2,0,2,2.0,15.4375,0.25,0.375,0.625,15.4375,0.25,0.375,,,,8.0,9.0,Canadian Grand Prix,96.586,,,96.586,,,96.586,,,,,,16.0,,,,77.496,,,85.64900000000002,,,82.5013,,,3.5609202945930214,,,12.0,,,,73.663,,,90.80319047619048,,,88.96457142857142,,,17.97905039072923,,,14.0,28.68205128205127,,,25.5,,,32.2,,,18.237179487179485,,,17.2,,,19.3,,,83.57692307692308,,,77.0,,,89.0,,,998.6589743589747,,,998.2,,,999.5,,,0.1794871794871795,,,False,,,True,,,1.2474358974358977,,,0.0,,,2.8,,,226.64102564102564,,,0.0,,,355.0,,,,25.546249999999997,,,23.8,,,27.1,,,18.99625,,,18.1,,,19.6,,,68.5,,,64.0,,,72.0,,,999.23375,,,998.8,,,999.7,,,0.8875,,,False,,,True,,,1.2925,,,0.3,,,2.9,,,151.95,,,0.0,,,337.0,,,,36.4,,,32.2,,,39.1,,,20.854320987654322,,,19.9,,,21.6,,,61.925925925925924,,,59.0,,,64.0,,,1000.5185185185185,,,1000.2,,,1000.8,,,0.0,,,False,,,False,,,1.6790123456790123,,,0.8,,,2.9,,,157.17283950617283,,,0.0,,,348.0,0.0,0.0,0.0,0.0,,,,,,,,,,,,,82.58166666666666,91.01273015873016,89.35062380952381,14.0,86.77347916666666,99.81775410565788,95.70039649921839,16.541666666666668
2024,10,SAR,Williams,20.0,0.0,Lapped,0,1,0.0,0.0,-2.0,0.0,-2.25,-0.25,Spanish Grand Prix,0.0,19.0,18.0,0,0,2,2,2.0,15.77777777777778,0.2222222222222222,0.5555555555555556,0.4444444444444444,15.77777777777778,0.2222222222222222,0.5555555555555556,,,,9.0,10.0,Spanish Grand Prix,75.752,,,89.4367857142857,,,88.36142857142856,,,17.592663526378853,,,18.0,,,,75.07,,,85.81243478260869,,,84.0676875,,,10.111047612842436,,,20.0,,,,74.729,,,83.76875,,,74.729,,,,,,20.0,47.092592592592595,,,45.3,,,48.0,,,28.16543209876543,,,27.5,,,28.5,,,33.666666666666664,,,29.0,,,38.0,,,1004.3987654320988,,,1004.1,,,1004.6,,,0.0,,,False,,,False,,,2.0950617283950614,,,0.0,,,3.5,,,214.14814814814815,,,0.0,,,276.0,,,,43.05185185185185,,,41.2,,,44.2,,,24.86543209876543,,,24.5,,,25.6,,,49.901234567901234,,,45.0,,,56.0,,,1004.495061728395,,,1004.3,,,1004.7,,,0.0,,,False,,,False,,,1.8407407407407406,,,0.8,,,2.9,,,205.08641975308643,,,0.0,,,340.0,,,,43.355000000000004,,,38.9,,,46.3,,,26.441250000000004,,,26.0,,,26.9,,,57.7125,,,47.0,,,62.0,,,1004.5975000000001,,,1004.3,,,1005.0,,,0.0,,,False,,,False,,,1.6612500000000001,,,0.4,,,2.7,,,218.975,,,0.0,,,355.0,0.0,0.0,0.0,0.0,,,,,,,,,,,,,75.18366666666667,86.3393234989648,82.38603869047618,19.333333333333332,86.30772222222222,98.8394181115548,94.99486620036343,16.25925925925926
2024,11,SAR,Williams,19.0,0.0,Lapped,0,1,0.0,0.0,-4.0,0.0,-2.2222222222222223,-0.2222222222222222,Austrian Grand Prix,0.0,17.0,15.0,0,0,2,2,2.0,16.1,0.2,0.5,0.5,16.1,0.2,0.5,,,,9.0,10.0,Austrian Grand Prix,67.259,,,80.82644444444445,,,70.42216666666667,,,0.4947667800758996,,,20.0,,,,,,,,,,,,,,,,,,,,,,,,,,,,,,,,,36.88354430379747,,,30.7,,,42.5,,,23.24430379746836,,,21.9,,,24.5,,,59.54430379746835,,,56.0,,,64.0,,,940.7518987341775,,,940.5,,,940.9,,,0.0,,,False,,,False,,,2.6,,,0.7,,,4.0,,,104.36708860759494,,,0.0,,,142.0,,,,,,,,,,,,,,,,,,,,,,,,,,,,,,,,,,,,,,,,,,,,,,,,,,,,,,,,,,,,,,,,,,,,,,,,,,,,,,,,,,,,,,,,,,,,,,,,,,,,,,,,,,,,,,,,,,,,,,,,,,,,,,,,,1.0,0.0,0.0,0.0,,,,,,,,,,,,,67.259,80.82644444444445,70.42216666666667,20.0,85.19531666666667,97.5894086502958,93.7339834493747,16.566666666666666
2024,12,SAR,Williams,11.0,0.0,Finished,0,0,2.0,0.0,-2.0,-2.0,-2.4,-0.2,British Grand Prix,2.0,10.0,9.0,0,0,2,2,2.0,16.181818181818183,0.1818181818181818,0.4545454545454545,0.5454545454545454,16.181818181818183,0.1818181818181818,0.4545454545454545,,,,9.0,10.0,British Grand Prix,,,,,,,,,,,,,,,,,87.809,,,103.48133333333334,,,93.49066666666667,,,0.15658224675869076,,,17.0,,,,99.702,,,110.307,,,107.76615384615386,,,8.360083809848575,,,13.0,24.554320987654318,,,21.2,,,28.1,,,16.386419753086418,,,15.6,,,17.2,,,75.61728395061728,,,72.0,,,81.0,,,989.422222222222,,,989.2,,,989.6,,,0.0,,,False,,,False,,,1.3691358024691358,,,0.3,,,3.2,,,213.44444444444446,,,0.0,,,353.0,,,,29.296296296296298,,,25.0,,,32.7,,,18.319753086419755,,,17.5,,,18.9,,,67.5679012345679,,,61.0,,,74.0,,,987.8740740740741,,,987.4,,,988.5,,,0.1728395061728395,,,False,,,True,,,1.7185185185185183,,,0.5,,,2.9,,,223.8148148148148,,,0.0,,,289.0,,,,16.291463414634144,,,15.7,,,17.7,,,11.173170731707318,,,10.7,,,11.6,,,89.42682926829268,,,87.0,,,92.0,,,984.439024390244,,,983.7,,,985.1,,,0.6585365853658537,,,False,,,True,,,2.296341463414634,,,1.0,,,4.2,,,233.8170731707317,,,0.0,,,277.0,0.0,0.0,0.0,0.0,,,,,,,,,,,,,93.7555,106.89416666666668,100.62841025641026,15.0,83.56474242424243,96.06550281340023,91.61472737821943,16.87878787878788
2024,13,SAR,Williams,17.0,0.0,Lapped,0,1,0.0,0.0,-3.0,0.0,-2.363636363636364,-0.3636363636363636,Hungarian Grand Prix,0.0,15.5,14.0,0,0,2,2,4.0,15.666666666666666,0.3333333333333333,0.4166666666666667,0.5833333333333333,15.666666666666666,0.3333333333333333,0.4166666666666667,,,,9.0,10.0,Hungarian Grand Prix,79.885,,,93.68193333333332,,,93.42866666666666,,,19.520785441421147,,,16.0,,,,78.611,,,86.66507692307692,,,88.94239999999999,,,12.052260997653326,,,12.0,,,,77.168,,,83.1268,,,77.168,,,,,,16.0,58.49878048780489,,,56.9,,,60.6,,,31.00487804878049,,,30.4,,,31.8,,,38.0,,,34.0,,,40.0,,,990.5731707317075,,,990.1,,,991.0,,,0.0,,,False,,,False,,,1.2621951219512195,,,0.3,,,3.8,,,207.78048780487805,,,0.0,,,345.0,,,,45.81975308641975,,,41.5,,,49.8,,,31.196296296296293,,,30.5,,,31.9,,,37.17283950617284,,,35.0,,,40.0,,,988.1012345679012,,,987.7,,,988.6,,,0.0,,,False,,,False,,,1.008641975308642,,,0.0,,,2.5,,,162.4320987654321,,,0.0,,,284.0,,,,39.0575,,,36.9,,,41.3,,,26.839999999999996,,,26.6,,,27.1,,,42.9375,,,42.0,,,44.0,,,984.8787500000001,,,984.6,,,985.2,,,0.0,,,False,,,False,,,0.92875,,,0.0,,,1.9,,,218.125,,,0.0,,,338.0,0.0,0.0,0.0,0.0,,,,,,,,,,,,,78.55466666666668,87.82460341880342,86.51302222222222,14.666666666666666,84.41397222222223,96.9678914678391,92.36586761806866,16.72222222222222
2024,14,SAR,Williams,17.0,0.0,Finished,0,0,0.0,0.0,-5.0,0.0,-2.4166666666666665,-0.3333333333333333,Belgian Grand Prix,0.0,14.5,12.0,0,0,2,2,4.0,15.653846153846152,0.3076923076923077,0.3846153846153846,0.6153846153846154,15.653846153846152,0.3076923076923077,0.3846153846153846,,,,9.0,9.0,Belgian Grand Prix,105.311,,,109.541,,,110.86742857142858,,,0.48936178067044717,,,15.0,,,,104.226,,,109.53407692307692,,,110.58800000000001,,,0.8004292598349985,,,18.0,,,,131.22,,,131.22,,,131.22,,,,,,17.0,38.3867469879518,,,35.2,,,40.9,,,22.012048192771083,,,21.4,,,22.5,,,60.855421686746986,,,58.0,,,65.0,,,964.7867469879518,,,964.5,,,965.0,,,0.012048192771084338,,,False,,,True,,,1.5518072289156624,,,0.0,,,4.0,,,156.0120481927711,,,0.0,,,359.0,,,,35.19024390243902,,,33.3,,,36.9,,,21.78170731707317,,,21.2,,,22.2,,,64.3048780487805,,,62.0,,,67.0,,,965.0170731707318,,,964.8,,,965.2,,,0.0,,,False,,,False,,,1.2378048780487805,,,0.4,,,2.7,,,134.90243902439025,,,0.0,,,358.0,,,,21.782926829268295,,,21.2,,,22.9,,,18.108536585365854,,,17.8,,,18.7,,,92.91463414634147,,,89.0,,,96.0,,,965.8914634146339,,,965.7,,,966.0,,,0.8902439024390244,,,False,,,True,,,1.423170731707317,,,0.5,,,2.4,,,156.6829268292683,,,102.0,,,244.0,0.0,0.0,0.0,0.0,,,,,,,,,,,,,113.58566666666667,116.76502564102564,117.5584761904762,16.666666666666668,83.9632564102564,96.26456161791326,91.91564874146509,16.564102564102566
2024,15,SAR,Williams,16.0,0.0,Lapped,0,1,0.0,0.0,-2.0,0.0,-2.6153846153846154,-0.3076923076923077,Dutch Grand Prix,0.0,15.0,14.0,0,0,2,2,4.0,15.571428571428571,0.2857142857142857,0.3571428571428571,0.6428571428571428,15.571428571428571,0.2857142857142857,0.3571428571428571,,,,9.0,9.0,Dutch Grand Prix,75.605,,,94.66250000000001,,,96.494,,,22.63408233174033,,,17.0,,,,71.818,,,84.99149999999999,,,80.79592307692307,,,12.835281807460369,,,15.0,,,,83.287,,,84.2825,,,84.2825,,,1.4078496013424109,,,12.0,21.725925925925925,,,20.3,,,23.8,,,20.233333333333334,,,19.4,,,21.3,,,83.87654320987654,,,75.0,,,92.0,,,1003.335802469136,,,1002.6,,,1004.1,,,0.14814814814814814,,,False,,,True,,,7.109876543209876,,,4.7,,,9.6,,,223.8395061728395,,,204.0,,,242.0,,,,31.169620253164563,,,29.8,,,31.9,,,21.37721518987342,,,21.1,,,21.6,,,62.51898734177215,,,60.0,,,65.0,,,1006.8721518987339,,,1006.2,,,1007.4,,,0.0,,,False,,,False,,,5.472151898734178,,,4.3,,,7.0,,,207.31645569620252,,,187.0,,,230.0,,,,21.572151898734177,,,19.3,,,25.1,,,19.350632911392406,,,17.5,,,21.4,,,94.20253164556962,,,88.0,,,96.0,,,1004.4113924050635,,,1004.0,,,1004.7,,,0.21518987341772153,,,False,,,True,,,1.9759493670886072,,,0.0,,,3.5,,,209.34177215189874,,,0.0,,,244.0,0.0,0.0,0.0,0.0,,,,,,,,,,,,,76.90333333333334,87.97883333333334,87.1908076923077,14.666666666666666,86.07914285714286,97.728880476707,93.74727927353732,16.571428571428573
2024,1,STR,Aston Martin,10.0,1.0,Finished,0,0,2.0,0.0,-1.0,-1.0,,,Bahrain Grand Prix,3.0,9.5,9.0,0,0,2,2,0.0,,,,,,,,,,,1.0,,Bahrain Grand Prix,93.868,,,104.4821818181818,,,104.71333333333332,,,13.26092914793932,,,14.0,,,,90.891,,,105.61885,,,100.08733333333333,,,8.207433441519319,,,8.0,,,,91.396,,,110.24722222222222,,,106.399,,,27.61304144783765,,,10.0,34.21585365853659,,,31.9,,,36.0,,,19.373170731707315,,,19.0,,,19.8,,,38.74390243902439,,,36.0,,,41.0,,,1016.1012195121951,,,1015.9,,,1016.3,,,0.0,,,False,,,False,,,3.3780487804878048,,,2.1,,,4.7,,,66.45121951219512,,,35.0,,,109.0,,,,22.098780487804877,,,21.1,,,23.4,,,17.24756097560976,,,17.1,,,17.4,,,39.02439024390244,,,34.0,,,46.0,,,1017.2317073170732,,,1017.0,,,1017.6,,,0.0,,,False,,,False,,,2.2817073170731708,,,1.2,,,3.5,,,82.76829268292683,,,41.0,,,134.0,,,,32.01341463414634,,,29.2,,,35.2,,,20.259756097560977,,,19.9,,,20.6,,,35.71951219512195,,,30.0,,,41.0,,,1017.720731707317,,,1017.4,,,1018.0,,,0.0,,,False,,,False,,,2.778048780487805,,,1.6,,,4.0,,,54.5,,,28.0,,,85.0,0.0,0.0,0.0,0.0,,,,,,,,,,,,,92.05166666666668,106.78275134680133,103.73322222222221,10.666666666666666,,,,
2024,2,STR,Aston Martin,19.0,0.0,Retired,0,1,10.0,0.0,-14.0,-10.0,-1.0,-1.0,Saudi Arabian Grand Prix,10.0,12.0,5.0,0,1,1,2,3.0,9.5,3.0,0.0,1.0,9.5,3.0,0.0,,,,5.0,5.0,Saudi Arabian Grand Prix,90.58,,,104.527,,,108.7104,,,25.388433750430536,,,9.0,,,,89.336,,,102.28427777777777,,,95.32666666666665,,,0.447063194638075,,,6.0,,,,89.127,,,109.251375,,,108.00800000000001,,,24.10232796847641,,,7.0,39.70125,,,38.2,,,41.9,,,26.754999999999995,,,26.4,,,27.1,,,57.575,,,53.0,,,61.0,,,1012.2375,,,1012.0,,,1012.5,,,0.0,,,False,,,False,,,4.80625,,,3.2,,,6.8,,,24.6125,,,1.0,,,41.0,,,,30.59677419354838,,,29.2,,,31.5,,,25.370967741935488,,,25.2,,,25.6,,,59.784946236559136,,,58.0,,,63.0,,,1013.7204301075269,,,1013.2,,,1014.1,,,0.0,,,False,,,False,,,2.4010752688172046,,,0.6,,,4.1,,,92.86021505376344,,,0.0,,,360.0,,,,39.558536585365864,,,37.3,,,43.5,,,25.98414634146341,,,25.6,,,26.3,,,60.34146341463415,,,57.0,,,63.0,,,1012.940243902439,,,1012.7,,,1013.4,,,0.0,,,False,,,False,,,4.16219512195122,,,2.1,,,5.8,,,23.451219512195124,,,0.0,,,54.0,0.0,0.0,0.0,0.0,,,,,,,,,,,,,89.681,105.35421759259259,104.01502222222223,7.333333333333333,92.05166666666668,106.78275134680133,103.73322222222221,10.666666666666666
2024,3,STR,Aston Martin,6.0,8.0,Finished,0,0,4.0,0.0,2.0,4.0,-7.5,-5.5,Australian Grand Prix,12.0,7.0,6.0,0,0,2,2,13.0,10.75,6.5,0.5,0.5,10.75,6.5,0.5,,,,5.0,5.0,Australian Grand Prix,78.667,,,92.62458823529411,,,84.8948,,,0.08966437419622318,,,7.0,,,,77.822,,,88.89694999999999,,,84.96627272727272,,,3.619635066989744,,,4.0,,,,77.341,,,90.77825,,,87.9092,,,13.56783375119256,,,9.0,33.70987654320987,,,29.9,,,36.8,,,18.469135802469136,,,18.0,,,19.0,,,61.01234567901235,,,55.0,,,64.0,,,1023.5641975308641,,,1023.2,,,1023.9,,,0.0,,,False,,,False,,,1.262962962962963,,,0.5,,,2.7,,,142.54320987654322,,,0.0,,,342.0,,,,36.15731707317073,,,34.0,,,38.3,,,20.157317073170734,,,20.0,,,20.4,,,56.926829268292686,,,55.0,,,58.0,,,1022.0512195121953,,,1021.8,,,1022.2,,,0.0,,,False,,,False,,,1.803658536585366,,,0.7,,,3.0,,,147.47560975609755,,,0.0,,,354.0,,,,27.669135802469132,,,25.2,,,31.0,,,18.27283950617284,,,17.9,,,18.8,,,59.39506172839506,,,56.0,,,62.0,,,1025.324691358025,,,1025.0,,,1025.6,,,0.0,,,False,,,False,,,1.4333333333333333,,,0.5,,,2.8,,,133.25925925925927,,,0.0,,,346.0,0.0,0.0,0.0,0.0,,,,,,,,,,,,,77.94333333333333,90.76659607843136,85.92342424242425,6.666666666666667,90.86633333333333,106.06848446969695,103.87412222222221,9.0
2024,4,STR,Aston Martin,12.0,0.0,Lapped,0,1,8.0,0.0,-6.0,-8.0,-4.333333333333333,-2.333333333333333,Japanese Grand Prix,8.0,9.0,6.0,0,0,2,2,25.0,9.5,8.333333333333334,0.3333333333333333,0.6666666666666667,9.5,8.333333333333334,0.3333333333333333,,,,5.0,4.0,Japanese Grand Prix,92.055,,,105.00588888888889,,,106.61725,,,11.56473496958173,,,15.0,,,,,,,,,,,,,,,,,,,,91.342,,,108.754625,,,97.045,,,2.3046873974576267,,,18.0,24.296249999999997,,,22.9,,,25.8,,,16.566250000000004,,,15.4,,,17.2,,,42.6875,,,35.0,,,53.0,,,1013.31125,,,1012.9,,,1013.6,,,0.0,,,False,,,False,,,1.3625,,,0.4,,,3.0,,,178.175,,,10.0,,,359.0,,,,16.752325581395347,,,16.2,,,18.1,,,13.02093023255814,,,12.5,,,14.1,,,72.95348837209302,,,60.0,,,80.0,,,1013.4674418604648,,,1013.3,,,1013.7,,,0.20930232558139536,,,False,,,True,,,1.0046511627906978,,,0.0,,,1.9,,,157.5,,,0.0,,,218.0,,,,26.660759493670884,,,24.2,,,29.6,,,17.38227848101266,,,16.7,,,17.9,,,66.10126582278481,,,62.0,,,69.0,,,1015.8417721518989,,,1015.0,,,1016.5,,,0.0,,,False,,,False,,,1.3746835443037975,,,0.4,,,2.5,,,171.72151898734177,,,0.0,,,358.0,0.0,0.0,0.0,0.0,,,,,,,,,,,,,91.6985,106.88025694444445,101.831125,16.5,86.55866666666667,100.96785500594176,97.89055622895621,8.222222222222221
2024,5,STR,Aston Martin,15.0,0.0,Finished,0,0,7.0,0.0,-8.0,-7.0,-4.75,-3.75,Chinese Grand Prix,7.0,11.0,7.0,0,0,2,2,33.0,9.375,8.25,0.25,0.75,9.375,8.25,0.25,,,,5.0,4.0,Chinese Grand Prix,96.302,,,111.75166666666665,,,107.251,,,9.951758270108186,,,1.0,,,,,,,,,,,,,,,,,,,,,,,,,,,,,,,,,39.46829268292684,,,38.2,,,42.1,,,23.142682926829266,,,22.3,,,23.8,,,22.865853658536587,,,21.0,,,25.0,,,1009.3329268292683,,,1008.5,,,1010.1,,,0.0,,,False,,,False,,,1.3536585365853657,,,0.0,,,3.2,,,146.96341463414635,,,0.0,,,356.0,,,,,,,,,,,,,,,,,,,,,,,,,,,,,,,,,,,,,,,,,,,,,,,,,,,,,,,,,,,,,,,,,,,,,,,,,,,,,,,,,,,,,,,,,,,,,,,,,,,,,,,,,,,,,,,,,,,,,,,,,,,,,,,,,1.0,0.0,0.0,0.0,,,,,,,,,,,,,96.302,111.75166666666665,107.251,1.0,87.843625,102.44595549056743,98.87569842171717,10.291666666666666
2024,6,STR,Aston Martin,17.0,0.0,Finished,0,0,2.0,0.0,-8.0,-2.0,-5.4,-4.4,Miami Grand Prix,2.0,13.0,9.0,0,0,2,2,40.0,9.7,8.0,0.2,0.8,9.7,8.0,0.2,,,,5.0,5.0,Miami Grand Prix,88.817,,,105.41673684210527,,,101.42823076923077,,,17.759351757847874,,,5.0,,,,,,,,,,,,,,,,,,,,,,,,,,,,,,,,,49.958441558441564,,,43.4,,,54.9,,,28.780519480519484,,,28.3,,,29.3,,,56.27272727272727,,,53.0,,,59.0,,,1015.31038961039,,,1015.0,,,1015.6,,,0.0,,,False,,,False,,,3.0090909090909084,,,1.3,,,4.7,,,160.14285714285714,,,99.0,,,197.0,,,,,,,,,,,,,,,,,,,,,,,,,,,,,,,,,,,,,,,,,,,,,,,,,,,,,,,,,,,,,,,,,,,,,,,,,,,,,,,,,,,,,,,,,,,,,,,,,,,,,,,,,,,,,,,,,,,,,,,,,,,,,,,,,1.0,0.0,0.0,0.0,,,,,,,,,,,,,88.817,105.41673684210527,101.42823076923077,5.0,89.5353,104.30709772578727,100.55075873737374,8.433333333333334
2024,7,STR,Aston Martin,9.0,2.0,Finished,0,0,0.0,0.0,10.0,2.0,-5.833333333333333,-4.0,Emilia Romagna Grand Prix,2.0,14.0,9.0,0,0,2,2,42.0,10.25,7.0,0.1666666666666666,0.8333333333333334,10.25,7.0,0.1666666666666666,,,,5.0,5.0,Emilia Romagna Grand Prix,78.072,,,95.03371428571427,,,89.5698,,,14.842450107714694,,,12.0,,,,76.991,,,93.53220000000002,,,85.78466666666667,,,12.048651200445631,,,13.0,,,,76.543,,,98.93078571428569,,,100.60871428571429,,,24.83019015710704,,,9.0,43.45443037974684,,,42.6,,,44.5,,,23.972151898734175,,,23.3,,,24.6,,,32.53164556962025,,,30.0,,,35.0,,,1006.8518987341771,,,1006.6,,,1007.1,,,0.0,,,False,,,False,,,3.951898734177215,,,2.3,,,5.3,,,301.0506329113924,,,239.0,,,338.0,,,,36.84230769230769,,,35.1,,,39.0,,,24.379487179487178,,,24.0,,,24.7,,,33.94871794871795,,,29.0,,,36.0,,,1006.4525641025638,,,1006.2,,,1006.7,,,0.0,,,False,,,False,,,2.5230769230769234,,,0.5,,,4.6,,,284.1923076923077,,,2.0,,,350.0,,,,44.48076923076923,,,42.4,,,45.9,,,23.603846153846156,,,23.0,,,24.3,,,41.32051282051282,,,39.0,,,44.0,,,1009.2435897435897,,,1008.9,,,1009.5,,,0.0,,,False,,,False,,,1.9025641025641027,,,0.7,,,3.8,,,137.17948717948718,,,0.0,,,354.0,0.0,0.0,0.0,0.0,,,,,,,,,,,,,77.202,95.83223333333332,91.987726984127,11.333333333333334,89.41558333333334,104.49203757850694,100.69700407601658,7.861111111111111
2024,8,STR,Aston Martin,14.0,0.0,Lapped,0,1,0.0,0.0,-3.0,0.0,-3.571428571428572,-3.142857142857143,Monaco Grand Prix,0.0,12.5,11.0,0,0,2,2,44.0,10.785714285714286,6.285714285714286,0.1428571428571428,0.8571428571428572,10.785714285714286,6.285714285714286,0.1428571428571428,,,,5.0,5.0,Monaco Grand Prix,72.789,,,86.58949999999999,,,80.80458333333333,,,10.189630187404282,,,7.0,,,,72.062,,,90.05505555555555,,,85.0954,,,13.855067474072836,,,7.0,,,,72.331,,,93.14926315789474,,,96.1530909090909,,,23.645700731653292,,,15.0,35.56103896103896,,,32.5,,,38.6,,,20.71688311688312,,,19.9,,,21.5,,,66.72727272727273,,,61.0,,,72.0,,,1018.2766233766234,,,1017.7,,,1018.7,,,0.09090909090909091,,,False,,,True,,,0.7467532467532466,,,0.0,,,1.5,,,156.16883116883116,,,0.0,,,359.0,,,,31.30246913580247,,,29.9,,,32.5,,,20.76172839506173,,,20.2,,,21.3,,,66.44444444444444,,,63.0,,,70.0,,,1017.1432098765433,,,1016.8,,,1017.5,,,0.0,,,False,,,False,,,0.7901234567901234,,,0.0,,,1.7,,,144.09876543209876,,,0.0,,,348.0,,,,46.86202531645569,,,45.0,,,48.5,,,21.67468354430379,,,21.3,,,22.0,,,57.40506329113924,,,55.0,,,61.0,,,1017.5379746835443,,,1017.4,,,1017.7,,,0.0,,,False,,,False,,,0.8240506329113924,,,0.0,,,1.6,,,190.30379746835442,,,0.0,,,359.0,0.0,0.0,0.0,0.0,,,,,,,,,,,,,72.394,89.93127290448342,87.35102474747475,9.666666666666666,87.67078571428571,103.25492268633927,99.45282163431807,8.357142857142858
2024,9,STR,Aston Martin,7.0,6.0,Finished,0,0,8.0,0.0,-1.0,-2.0,-3.5,-2.75,Canadian Grand Prix,14.0,6.5,6.0,0,0,2,2,44.0,11.0,5.5,0.125,0.875,11.0,5.5,0.125,,,,5.0,5.0,Canadian Grand Prix,100.53,,,100.53,,,100.53,,,,,,17.0,,,,76.464,,,89.93505000000002,,,82.2423,,,4.7239239350824045,,,3.0,,,,73.026,,,88.97772222222223,,,77.63816666666666,,,0.443491337758327,,,4.0,28.68205128205127,,,25.5,,,32.2,,,18.237179487179485,,,17.2,,,19.3,,,83.57692307692308,,,77.0,,,89.0,,,998.6589743589747,,,998.2,,,999.5,,,0.1794871794871795,,,False,,,True,,,1.2474358974358977,,,0.0,,,2.8,,,226.64102564102564,,,0.0,,,355.0,,,,25.546249999999997,,,23.8,,,27.1,,,18.99625,,,18.1,,,19.6,,,68.5,,,64.0,,,72.0,,,999.23375,,,998.8,,,999.7,,,0.8875,,,False,,,True,,,1.2925,,,0.3,,,2.9,,,151.95,,,0.0,,,337.0,,,,36.4,,,32.2,,,39.1,,,20.854320987654322,,,19.9,,,21.6,,,61.925925925925924,,,59.0,,,64.0,,,1000.5185185185185,,,1000.2,,,1000.8,,,0.0,,,False,,,False,,,1.6790123456790123,,,0.8,,,2.9,,,157.17283950617283,,,0.0,,,348.0,0.0,0.0,0.0,0.0,,,,,,,,,,,,,83.33999999999999,93.14759074074074,86.80348888888888,8.0,85.7611875,101.5894664636073,97.94009702346266,8.520833333333332
2024,10,STR,Aston Martin,14.0,0.0,Lapped,0,1,0.0,0.0,-2.0,0.0,-3.2222222222222223,-2.6666666666666665,Spanish Grand Prix,0.0,13.0,12.0,0,0,2,2,58.0,10.5,6.444444444444445,0.1111111111111111,0.8888888888888888,10.5,6.444444444444445,0.1111111111111111,,,,5.0,5.0,Spanish Grand Prix,75.512,,,94.97535,,,95.49463636363636,,,26.944251410171812,,,14.0,,,,74.402,,,87.70100000000001,,,86.00527272727273,,,13.996381868832453,,,18.0,,,,74.254,,,103.73866666666667,,,101.363,,,28.187706788598465,,,17.0,47.092592592592595,,,45.3,,,48.0,,,28.16543209876543,,,27.5,,,28.5,,,33.666666666666664,,,29.0,,,38.0,,,1004.3987654320988,,,1004.1,,,1004.6,,,0.0,,,False,,,False,,,2.0950617283950614,,,0.0,,,3.5,,,214.14814814814815,,,0.0,,,276.0,,,,43.05185185185185,,,41.2,,,44.2,,,24.86543209876543,,,24.5,,,25.6,,,49.901234567901234,,,45.0,,,56.0,,,1004.495061728395,,,1004.3,,,1004.7,,,0.0,,,False,,,False,,,1.8407407407407406,,,0.8,,,2.9,,,205.08641975308643,,,0.0,,,340.0,,,,43.355000000000004,,,38.9,,,46.3,,,26.441250000000004,,,26.0,,,26.9,,,57.7125,,,47.0,,,62.0,,,1004.5975000000001,,,1004.3,,,1005.0,,,0.0,,,False,,,False,,,1.6612500000000001,,,0.4,,,2.7,,,218.975,,,0.0,,,355.0,0.0,0.0,0.0,0.0,,,,,,,,,,,,,74.72266666666667,95.47167222222224,94.28763636363635,16.333333333333332,85.49216666666666,100.65148027217768,96.70269611962112,8.462962962962962
2024,11,STR,Aston Martin,13.0,0.0,Lapped,0,1,0.0,0.0,5.0,0.0,-3.1,-2.4,Austrian Grand Prix,0.0,15.5,13.0,0,0,2,2,58.0,10.75,5.8,0.1,0.9,10.75,5.8,0.1,,,,5.0,5.0,Austrian Grand Prix,66.384,,,82.25526666666666,,,87.62971428571429,,,24.058887939902,,,7.0,,,,,,,,,,,,,,,,,,,,,,,,,,,,,,,,,36.88354430379747,,,30.7,,,42.5,,,23.24430379746836,,,21.9,,,24.5,,,59.54430379746835,,,56.0,,,64.0,,,940.7518987341775,,,940.5,,,940.9,,,0.0,,,False,,,False,,,2.6,,,0.7,,,4.0,,,104.36708860759494,,,0.0,,,142.0,,,,,,,,,,,,,,,,,,,,,,,,,,,,,,,,,,,,,,,,,,,,,,,,,,,,,,,,,,,,,,,,,,,,,,,,,,,,,,,,,,,,,,,,,,,,,,,,,,,,,,,,,,,,,,,,,,,,,,,,,,,,,,,,,1.0,0.0,0.0,0.0,,,,,,,,,,,,,66.384,82.25526666666666,87.62971428571429,7.0,84.41521666666667,100.13349946718213,96.46119014402265,9.25
2024,12,STR,Aston Martin,7.0,6.0,Finished,0,0,4.0,0.0,1.0,2.0,-2.363636363636364,-2.1818181818181817,British Grand Prix,10.0,7.5,7.0,0,0,2,2,58.0,11.181818181818182,5.2727272727272725,0.0909090909090909,0.9090909090909092,11.181818181818182,5.2727272727272725,0.0909090909090909,,,,5.0,5.0,British Grand Prix,87.554,,,104.80866666666667,,,102.10275,,,20.04467711851988,,,2.0,,,,87.274,,,95.35141666666668,,,93.34899999999999,,,0.3721134235686703,,,9.0,,,,99.7,,,108.97029411764706,,,109.62477777777778,,,10.704337821390187,,,12.0,24.554320987654318,,,21.2,,,28.1,,,16.386419753086418,,,15.6,,,17.2,,,75.61728395061728,,,72.0,,,81.0,,,989.422222222222,,,989.2,,,989.6,,,0.0,,,False,,,False,,,1.3691358024691358,,,0.3,,,3.2,,,213.44444444444446,,,0.0,,,353.0,,,,29.296296296296298,,,25.0,,,32.7,,,18.319753086419755,,,17.5,,,18.9,,,67.5679012345679,,,61.0,,,74.0,,,987.8740740740741,,,987.4,,,988.5,,,0.1728395061728395,,,False,,,True,,,1.7185185185185183,,,0.5,,,2.9,,,223.8148148148148,,,0.0,,,289.0,,,,16.291463414634144,,,15.7,,,17.7,,,11.173170731707318,,,10.7,,,11.6,,,89.42682926829268,,,87.0,,,92.0,,,984.439024390244,,,983.7,,,985.1,,,0.6585365853658537,,,False,,,True,,,2.296341463414634,,,1.0,,,4.2,,,233.8170731707317,,,0.0,,,277.0,0.0,0.0,0.0,0.0,,,,,,,,,,,,,91.50933333333334,103.0434591503268,101.69217592592592,7.666666666666667,82.77601515151515,98.50820557622619,95.65832870235823,9.045454545454545
2024,13,STR,Aston Martin,10.0,1.0,Finished,0,0,0.0,0.0,1.0,1.0,-2.083333333333333,-1.8333333333333333,Hungarian Grand Prix,1.0,10.5,10.0,0,0,2,2,68.0,10.875,5.666666666666667,0.0833333333333333,0.9166666666666666,10.875,5.666666666666667,0.0833333333333333,,,,5.0,5.0,Hungarian Grand Prix,79.265,,,92.968,,,91.38328571428572,,,13.707948274806181,,,9.0,,,,79.179,,,101.38099999999999,,,90.61833333333334,,,15.939498525675138,,,17.0,,,,77.085,,,106.5896923076923,,,115.51579999999998,,,29.71472432481917,,,15.0,58.49878048780489,,,56.9,,,60.6,,,31.00487804878049,,,30.4,,,31.8,,,38.0,,,34.0,,,40.0,,,990.5731707317075,,,990.1,,,991.0,,,0.0,,,False,,,False,,,1.2621951219512195,,,0.3,,,3.8,,,207.78048780487805,,,0.0,,,345.0,,,,45.81975308641975,,,41.5,,,49.8,,,31.196296296296293,,,30.5,,,31.9,,,37.17283950617284,,,35.0,,,40.0,,,988.1012345679012,,,987.7,,,988.6,,,0.0,,,False,,,False,,,1.008641975308642,,,0.0,,,2.5,,,162.4320987654321,,,0.0,,,284.0,,,,39.0575,,,36.9,,,41.3,,,26.839999999999996,,,26.6,,,27.1,,,42.9375,,,42.0,,,44.0,,,984.8787500000001,,,984.6,,,985.2,,,0.0,,,False,,,False,,,0.92875,,,0.0,,,1.9,,,218.125,,,0.0,,,338.0,0.0,0.0,0.0,0.0,,,,,,,,,,,,,78.50966666666666,100.31289743589743,99.172473015873,13.666666666666666,83.50379166666666,98.8861433740679,96.16114930432222,8.930555555555555
2024,14,STR,Aston Martin,11.0,0.0,Finished,0,0,4.0,0.0,-3.0,-4.0,-1.8461538461538465,-1.6153846153846154,Belgian Grand Prix,4.0,9.5,8.0,0,0,2,2,69.0,10.846153846153848,5.307692307692308,0.0769230769230769,0.9230769230769232,10.846153846153848,5.307692307692308,0.0769230769230769,,,,5.0,5.0,Belgian Grand Prix,104.699,,,108.41119999999998,,,111.0814,,,1.9602194520002103,,,10.0,,,,103.532,,,111.40775000000001,,,113.84311111111111,,,8.842150112450652,,,11.0,,,,126.037,,,127.005,,,127.005,,,1.3689587283771458,,,7.0,38.3867469879518,,,35.2,,,40.9,,,22.012048192771083,,,21.4,,,22.5,,,60.855421686746986,,,58.0,,,65.0,,,964.7867469879518,,,964.5,,,965.0,,,0.012048192771084338,,,False,,,True,,,1.5518072289156624,,,0.0,,,4.0,,,156.0120481927711,,,0.0,,,359.0,,,,35.19024390243902,,,33.3,,,36.9,,,21.78170731707317,,,21.2,,,22.2,,,64.3048780487805,,,62.0,,,67.0,,,965.0170731707318,,,964.8,,,965.2,,,0.0,,,False,,,False,,,1.2378048780487805,,,0.4,,,2.7,,,134.90243902439025,,,0.0,,,358.0,,,,21.782926829268295,,,21.2,,,22.9,,,18.108536585365854,,,17.8,,,18.7,,,92.91463414634147,,,89.0,,,96.0,,,965.8914634146339,,,965.7,,,966.0,,,0.8902439024390244,,,False,,,True,,,1.423170731707317,,,0.5,,,2.4,,,156.6829268292683,,,102.0,,,244.0,0.0,0.0,0.0,0.0,,,,,,,,,,,,,111.42266666666667,115.60798333333332,117.30983703703703,9.333333333333334,83.11962820512821,98.99589368651633,96.39278958982612,9.294871794871794
2024,15,STR,Aston Martin,13.0,0.0,Lapped,0,1,1.0,0.0,-3.0,-1.0,-1.9285714285714288,-1.7857142857142858,Dutch Grand Prix,1.0,11.5,10.0,0,0,2,2,73.0,10.75,5.214285714285714,0.0714285714285714,0.9285714285714286,10.75,5.214285714285714,0.0714285714285714,,,,5.0,5.0,Dutch Grand Prix,74.151,,,87.49514285714285,,,87.97133333333333,,,16.126496689196536,,,11.0,,,,71.576,,,86.40991304347827,,,77.07079999999999,,,0.9755700100169433,,,11.0,,,,81.941,,,88.46433333333334,,,88.46433333333334,,,9.41042423769158,,,8.0,21.725925925925925,,,20.3,,,23.8,,,20.233333333333334,,,19.4,,,21.3,,,83.87654320987654,,,75.0,,,92.0,,,1003.335802469136,,,1002.6,,,1004.1,,,0.14814814814814814,,,False,,,True,,,7.109876543209876,,,4.7,,,9.6,,,223.8395061728395,,,204.0,,,242.0,,,,31.169620253164563,,,29.8,,,31.9,,,21.37721518987342,,,21.1,,,21.6,,,62.51898734177215,,,60.0,,,65.0,,,1006.8721518987339,,,1006.2,,,1007.4,,,0.0,,,False,,,False,,,5.472151898734178,,,4.3,,,7.0,,,207.31645569620252,,,187.0,,,230.0,,,,21.572151898734177,,,19.3,,,25.1,,,19.350632911392406,,,17.5,,,21.4,,,94.20253164556962,,,88.0,,,96.0,,,1004.4113924050635,,,1004.0,,,1004.7,,,0.21518987341772153,,,False,,,True,,,1.9759493670886072,,,0.0,,,3.5,,,209.34177215189874,,,0.0,,,244.0,0.0,0.0,0.0,0.0,,,,,,,,,,,,,75.88933333333333,87.45646307798482,84.50215555555555,10.0,85.14127380952381,100.18247151843183,97.88686440748404,9.297619047619047
2024,16,STR,Aston Martin,19.0,0.0,Lapped,0,1,0.0,0.0,-8.0,0.0,-2.0,-1.7333333333333334,Italian Grand Prix,0.0,15.0,11.0,0,0,2,2,74.0,10.8,4.933333333333334,0.0666666666666666,0.9333333333333332,10.8,4.933333333333334,0.0666666666666666,,,,5.0,5.0,Italian Grand Prix,82.864,,,106.61023076923077,,,110.15957142857143,,,25.28414768754751,,,16.0,,,,81.363,,,93.346,,,86.18785714285715,,,0.4939964333782882,,,10.0,,,,81.157,,,89.89614285714285,,,100.78633333333335,,,17.293273875508177,,,15.0,50.81358024691359,,,48.7,,,52.1,,,32.7641975308642,,,32.2,,,33.4,,,38.135802469135804,,,36.0,,,40.0,,,996.3456790123457,,,995.9,,,996.7,,,0.0,,,False,,,False,,,1.0333333333333334,,,0.0,,,2.1,,,192.23456790123456,,,0.0,,,357.0,,,,44.350632911392395,,,41.6,,,48.0,,,34.029113924050634,,,33.7,,,34.4,,,32.177215189873415,,,31.0,,,34.0,,,994.7316455696205,,,994.5,,,995.0,,,0.0,,,False,,,False,,,1.092405063291139,,,0.0,,,2.9,,,213.26582278481013,,,0.0,,,357.0,,,,46.333333333333336,,,43.3,,,48.5,,,31.627160493827162,,,30.9,,,32.4,,,41.7037037037037,,,35.0,,,46.0,,,997.4049382716049,,,997.2,,,997.6,,,0.0,,,False,,,False,,,1.1246913580246913,,,0.0,,,2.3,,,206.4814814814815,,,0.0,,,351.0,0.0,0.0,0.0,0.0,,,,,,,,,,,,,81.79466666666667,96.61745787545787,99.0445873015873,13.666666666666666,84.52447777777778,99.33407095573536,96.99455048402214,9.344444444444443
2024,17,STR,Aston Martin,19.0,0.0,Retired,0,1,8.0,0.0,-13.0,-8.0,-2.466666666666667,-1.6666666666666667,Azerbaijan Grand Prix,8.0,12.5,6.0,0,1,1,2,74.0,11.0625,4.625,0.0625,0.9375,11.166666666666666,4.733333333333333,0.0666666666666666,,,,5.0,5.0,Azerbaijan Grand Prix,107.184,,,116.4805714285714,,,118.44175000000001,,,13.72120760902626,,,13.0,,,,104.093,,,119.5271875,,,120.54825,,,13.348421830206856,,,7.0,,,,103.571,,,124.56233333333333,,,127.41420000000001,,,21.730654861278346,,,13.0,43.68478260869565,,,39.8,,,46.2,,,29.195652173913032,,,28.0,,,30.6,,,39.09782608695652,,,26.0,,,50.0,,,1015.1771739130434,,,1014.9,,,1015.6,,,0.0,,,False,,,False,,,1.6956521739130432,,,0.5,,,3.5,,,119.3695652173913,,,0.0,,,353.0,,,,36.34878048780487,,,32.9,,,41.2,,,28.52926829268293,,,27.5,,,29.2,,,33.09756097560975,,,27.0,,,47.0,,,1015.0731707317074,,,1014.8,,,1015.3,,,0.0,,,False,,,False,,,1.224390243902439,,,0.0,,,2.6,,,115.8170731707317,,,0.0,,,358.0,,,,31.889024390243897,,,31.0,,,33.1,,,26.991463414634143,,,26.7,,,27.3,,,39.40243902439025,,,35.0,,,44.0,,,1016.6475609756096,,,1016.3,,,1016.9,,,0.35365853658536583,,,False,,,True,,,0.7658536585365854,,,0.0,,,1.7,,,125.02439024390245,,,0.0,,,357.0,0.0,0.0,0.0,0.0,,,,,,,,,,,,,104.94933333333331,120.19003075396824,122.13473333333333,11.0,83.84067777777777,98.65638472431245,96.6819748226465,9.544444444444446
2024,18,STR,Aston Martin,14.0,0.0,Lapped,0,1,4.0,0.0,-6.0,-4.0,-2.4,-1.5333333333333334,Singapore Grand Prix,4.0,11.0,8.0,0,0,2,2,82.0,11.147058823529411,4.823529411764706,0.1176470588235294,0.8823529411764706,11.2,4.6,0.0666666666666666,,,,5.0,5.0,Singapore Grand Prix,92.778,,,108.89923076923077,,,108.1027142857143,,,21.813764971643366,,,15.0,,,,91.957,,,101.96757142857142,,,105.32014285714286,,,13.955621620319317,,,14.0,,,,91.719,,,109.60327272727272,,,116.96749999999999,,,22.685201896831337,,,18.0,37.114999999999995,,,35.6,,,38.8,,,31.35,,,31.2,,,31.5,,,64.4375,,,63.0,,,67.0,,,1005.6075000000001,,,1005.3,,,1005.9,,,0.0,,,False,,,False,,,2.44875,,,1.2,,,3.4,,,187.9,,,177.0,,,214.0,,,,32.95000000000001,,,32.3,,,33.6,,,30.181707317073165,,,30.0,,,30.3,,,73.98780487804878,,,73.0,,,75.0,,,1008.1158536585366,,,1007.8,,,1008.6,,,0.0,,,False,,,False,,,1.6597560975609755,,,1.1,,,2.4,,,203.09756097560975,,,171.0,,,222.0,,,,37.0670731707317,,,34.9,,,38.6,,,30.06219512195122,,,29.9,,,30.2,,,75.13414634146342,,,74.0,,,77.0,,,1006.7951219512195,,,1006.6,,,1007.0,,,0.0,,,False,,,False,,,0.4817073170731707,,,0.0,,,1.5,,,199.15853658536585,,,0.0,,,323.0,0.0,0.0,0.0,0.0,,,,,,,,,,,,,92.15133333333334,106.82335830835831,110.13011904761903,15.666666666666666,84.85856666666665,99.64543893507084,97.88995556338723,9.788888888888888
2024,19,STR,Aston Martin,15.0,0.0,Lapped,0,1,0.0,0.0,-2.0,0.0,-2.933333333333333,-2.066666666666667,United States Grand Prix,0.0,14.0,13.0,0,0,2,2,86.0,11.13888888888889,4.777777777777778,0.1111111111111111,0.8888888888888888,11.466666666666669,4.066666666666666,0.0666666666666666,,,,5.0,5.0,United States Grand Prix,94.619,,,103.57058333333332,,,97.896,,,1.288260998400553,,,15.0,,,,,,,,,,,,,,,,,,,,,,,,,,,,,,,,,36.703703703703695,,,33.9,,,38.7,,,25.27777777777778,,,23.5,,,26.4,,,52.24691358024691,,,47.0,,,56.0,,,1004.1839506172839,,,1003.5,,,1005.0,,,0.0,,,False,,,False,,,3.34074074074074,,,1.4,,,5.4,,,158.8641975308642,,,128.0,,,186.0,,,,,,,,,,,,,,,,,,,,,,,,,,,,,,,,,,,,,,,,,,,,,,,,,,,,,,,,,,,,,,,,,,,,,,,,,,,,,,,,,,,,,,,,,,,,,,,,,,,,,,,,,,,,,,,,,,,,,,,,,,,,,,,,,1.0,0.0,0.0,0.0,,,,,,,,,,,,,94.619,103.57058333333332,97.896,15.0,85.80576666666667,100.71588975039931,99.50373521706688,10.38888888888889
2024,20,STR,Aston Martin,11.0,0.0,Lapped,0,1,0.0,0.0,7.0,0.0,-2.6666666666666665,-1.5333333333333334,Mexico City Grand Prix,0.0,14.5,11.0,0,1,1,2,86.0,11.289473684210526,4.526315789473684,0.1052631578947368,0.8947368421052632,11.8,3.533333333333333,0.0666666666666666,,,,5.0,5.0,Mexico City Grand Prix,79.6,,,101.06200000000001,,,93.943,,,17.939615701012105,,,16.0,,,,78.89,,,85.68392307692307,,,82.7801,,,0.3409576220001512,,,14.0,,,,77.9,,,87.5473125,,,82.621,,,5.738716319875027,,,17.0,45.61772151898734,,,42.1,,,48.6,,,19.534177215189874,,,17.6,,,21.1,,,45.139240506329116,,,34.0,,,57.0,,,784.5962025316454,,,784.0,,,785.2,,,0.0,,,False,,,False,,,1.6050632911392404,,,0.6,,,3.9,,,208.873417721519,,,0.0,,,344.0,,,,37.789908256880736,,,31.3,,,42.9,,,22.755963302752296,,,22.1,,,23.0,,,27.513761467889907,,,19.0,,,34.0,,,783.3422018348625,,,783.2,,,783.6,,,0.0,,,False,,,False,,,1.4238532110091744,,,0.0,,,3.1,,,255.9724770642202,,,0.0,,,358.0,,,,32.757831325301204,,,29.0,,,38.0,,,18.249397590361443,,,16.9,,,19.7,,,53.855421686746986,,,50.0,,,59.0,,,787.2807228915663,,,786.6,,,787.9,,,0.0,,,False,,,False,,,1.5783132530120483,,,0.0,,,3.8,,,265.90361445783134,,,0.0,,,357.0,0.0,0.0,0.0,0.0,,,,,,,,,,,,,78.79666666666667,91.43107852564101,86.44803333333333,15.666666666666666,86.00046666666667,100.4952448429919,99.24139355040022,10.28888888888889
2024,21,STR,Aston Martin,19.0,0.0,Did not start,0,1,0.0,0.0,-5.0,0.0,-1.6666666666666667,-1.0666666666666669,São Paulo Grand Prix,0.0,16.5,14.0,0,1,1,2,86.0,11.45,4.3,0.15,0.85,12.033333333333331,3.066666666666667,0.1333333333333333,,,,5.0,5.0,São Paulo Grand Prix,71.783,,,91.49782352941176,,,89.9679,,,23.696967093561423,,,17.0,,,,,,,,,,,,,,,,,,,,,,,,,,,,,,,,,54.140243902439025,,,49.7,,,57.5,,,26.103658536585368,,,25.7,,,26.4,,,54.9390243902439,,,48.0,,,59.0,,,928.0024390243904,,,927.6,,,928.4,,,0.0,,,False,,,False,,,1.0865853658536584,,,0.0,,,2.1,,,180.59756097560975,,,0.0,,,350.0,,,,,,,,,,,,,,,,,,,,,,,,,,,,,,,,,,,,,,,,,,,,,,,,,,,,,,,,,,,,,,,,,,,,,,,,,,,,,,,,,,,,,,,,,,,,,,,,,,,,,,,,,,,,,,,,,,,,,,,,,,,,,,,,,1.0,0.0,0.0,0.0,,,,,,,,,,,,,71.783,91.49782352941176,89.9679,17.0,84.83344444444444,99.14053896692351,97.85452910595578,11.266666666666667
2024,22,STR,Aston Martin,15.0,0.0,Finished,0,0,0.0,0.0,-4.0,0.0,-1.4666666666666666,-0.9333333333333332,Las Vegas Grand Prix,0.0,13.0,11.0,0,0,2,2,86.0,11.69047619047619,4.095238095238095,0.1904761904761904,0.8095238095238095,12.266666666666667,2.933333333333333,0.2,,,,5.0,5.0,Las Vegas Grand Prix,96.817,,,107.33152631578947,,,100.539375,,,3.161582647865735,,,12.0,,,,95.251,,,104.4352105263158,,,101.64185714285715,,,2.9701649465179187,,,13.0,,,,96.95,,,107.71083333333335,,,107.71083333333333,,,12.55409411174963,,,19.0,15.683132530120483,,,14.9,,,16.5,,,14.065060240963856,,,13.3,,,14.6,,,19.626506024096386,,,17.0,,,22.0,,,947.4734939759037,,,947.2,,,947.7,,,0.0,,,False,,,False,,,0.9951807228915662,,,0.5,,,1.7,,,212.16867469879517,,,146.0,,,242.0,,,,12.870987654320986,,,12.6,,,13.2,,,11.146296296296295,,,10.8,,,11.5,,,24.290123456790123,,,23.0,,,26.0,,,947.783950617284,,,947.6,,,948.0,,,0.0,,,False,,,False,,,0.9117283950617283,,,0.4,,,1.4,,,216.62345679012347,,,184.0,,,260.0,,,,16.830487804878047,,,16.1,,,17.7,,,14.853658536585366,,,14.2,,,15.3,,,18.573170731707318,,,17.0,,,20.0,,,942.1670731707317,,,942.0,,,942.4,,,0.0,,,False,,,False,,,0.6524390243902439,,,0.0,,,1.5,,,178.41463414634146,,,0.0,,,310.0,0.0,0.0,0.0,0.0,,,,,,,,,,,,,96.33933333333333,106.49252339181288,103.29735515873016,14.666666666666666,83.69784444444444,98.21261141274395,97.09050705467371,12.066666666666666
2024,23,STR,Aston Martin,18.0,0.0,Retired,0,1,6.0,0.0,-11.0,-6.0,-2.4,-1.0666666666666669,Qatar Grand Prix,6.0,12.5,7.0,0,1,1,2,86.0,11.75,3.909090909090909,0.1818181818181818,0.8181818181818181,12.2,2.8,0.2,,,,5.0,5.0,,,,,,,,,,,,,,,,,,,,,,,,,,,,,,,,,,,,,,,,,,,,,,,,,,,,,,,,,,,,,,,,,,,,,,,,,,,,,,,,,,,,,,,,,,,,,,,,,,,,,,,,,,,,,,,,,,,,,,,,,,,,,,,,,,,,,,,,,,,,,,,,,,,,,,,,,,,,,,,,,,,,,,,,,,,,,,,,,,,,,,,,,,,,,,,,,,,,,,,,,,,,,,,,,,,,,,,,,,,,,,,,,,,,,,,,,,,,,,,,,,,,,,,,,,,,,,,,,,,
2024,24,STR,Aston Martin,14.0,0.0,Lapped,0,1,2.0,0.0,-5.0,-2.0,-2.933333333333333,-1.4666666666666666,Abu Dhabi Grand Prix,2.0,11.5,9.0,0,0,2,2,92.0,11.782608695652174,4.0,0.217391304347826,0.782608695652174,12.2,3.2,0.2666666666666666,,,,5.0,5.0,,,,,,,,,,,,,,,,,,,,,,,,,,,,,,,,,,,,,,,,,,,,,,,,,,,,,,,,,,,,,,,,,,,,,,,,,,,,,,,,,,,,,,,,,,,,,,,,,,,,,,,,,,,,,,,,,,,,,,,,,,,,,,,,,,,,,,,,,,,,,,,,,,,,,,,,,,,,,,,,,,,,,,,,,,,,,,,,,,,,,,,,,,,,,,,,,,,,,,,,,,,,,,,,,,,,,,,,,,,,,,,,,,,,,,,,,,,,,,,,,,,,,,,,,,,,,,,,,,,
2025,1,STR,Aston Martin,6.0,8.0,Finished,0,0,0.0,0.0,11.0,8.0,-3.2,-1.4666666666666666,Australian Grand Prix,8.0,11.5,6.0,0,1,1,2,0.0,,,,,,,,7.0,12.0,0.0,1.0,,,,,,,,,,,,,,,,,,,,,,,,,,,,,,,,,,,,,,,,,,,,,,,,,,,,,,,,,,,,,,,,,,,,,,,,,,,,,,,,,,,,,,,,,,,,,,,,,,,,,,,,,,,,,,,,,,,,,,,,,,,,,,,,,,,,,,,,,,,,,,,,,,,,,,,,,,,,,,,,,,,,,,,,,,,,,,,,,,,,,,,,,,,,,,,,,,,,,,,,,,,,,,,,,,,,,,,,,,,,,,,,,,,,,,,,,,,,,,,,,,,,,,,,,,,,,,,,,,,,
2025,2,STR,Aston Martin,9.0,2.0,Finished,0,0,0.0,0.0,8.0,2.0,-2.333333333333333,-0.9333333333333332,Chinese Grand Prix,2.0,13.0,9.0,0,1,1,2,8.0,11.5,8.0,1.0,0.0,11.5,8.0,1.0,11.0,7.0,0.0,5.0,5.0,,,,,,,,,,,,,,,,,,,,,,,,,,,,,,,,,,,,,,,,,,,,,,,,,,,,,,,,,,,,,,,,,,,,,,,,,,,,,,,,,,,,,,,,,,,,,,,,,,,,,,,,,,,,,,,,,,,,,,,,,,,,,,,,,,,,,,,,,,,,,,,,,,,,,,,,,,,,,,,,,,,,,,,,,,,,,,,,,,,,,,,,,,,,,,,,,,,,,,,,,,,,,,,,,,,,,,,,,,,,,,,,,,,,,,,,,,,,,,,,,,,,,,,,,,,,,,,,,,,
2025,3,STR,Aston Martin,20.0,0.0,Lapped,0,1,0.0,0.0,-9.0,0.0,-2.1333333333333333,-0.8,Japanese Grand Prix,0.0,15.5,11.0,0,0,2,2,10.0,12.25,5.0,1.0,0.0,12.25,5.0,1.0,9.0,8.0,0.0,6.0,6.0,,,,,,,,,,,,,,,,,,,,,,,,,,,,,,,,,,,,,,,,,,,,,,,,,,,,,,,,,,,,,,,,,,,,,,,,,,,,,,,,,,,,,,,,,,,,,,,,,,,,,,,,,,,,,,,,,,,,,,,,,,,,,,,,,,,,,,,,,,,,,,,,,,,,,,,,,,,,,,,,,,,,,,,,,,,,,,,,,,,,,,,,,,,,,,,,,,,,,,,,,,,,,,,,,,,,,,,,,,,,,,,,,,,,,,,,,,,,,,,,,,,,,,,,,,,,,,,,,,,
2025,4,STR,Aston Martin,17.0,0.0,Finished,0,0,0.0,0.0,-2.0,0.0,-2.8,-0.9333333333333332,Bahrain Grand Prix,0.0,16.0,15.0,0,0,2,2,10.0,13.333333333333334,3.333333333333333,0.6666666666666666,0.3333333333333333,13.333333333333334,3.333333333333333,0.6666666666666666,9.5,3.0,0.0,7.0,7.0,,,,,,,,,,,,,,,,,,,,,,,,,,,,,,,,,,,,,,,,,,,,,,,,,,,,,,,,,,,,,,,,,,,,,,,,,,,,,,,,,,,,,,,,,,,,,,,,,,,,,,,,,,,,,,,,,,,,,,,,,,,,,,,,,,,,,,,,,,,,,,,,,,,,,,,,,,,,,,,,,,,,,,,,,,,,,,,,,,,,,,,,,,,,,,,,,,,,,,,,,,,,,,,,,,,,,,,,,,,,,,,,,,,,,,,,,,,,,,,,,,,,,,,,,,,,,,,,,,,
2025,5,STR,Aston Martin,16.0,0.0,Lapped,0,1,0.0,0.0,-5.0,0.0,-3.0,-1.0,Saudi Arabian Grand Prix,0.0,13.5,11.0,0,0,2,2,10.0,14.0,2.5,0.5,0.5,14.0,2.5,0.5,12.0,10.0,0.0,7.0,7.0,,,,,,,,,,,,,,,,,,,,,,,,,,,,,,,,,,,,,,,,,,,,,,,,,,,,,,,,,,,,,,,,,,,,,,,,,,,,,,,,,,,,,,,,,,,,,,,,,,,,,,,,,,,,,,,,,,,,,,,,,,,,,,,,,,,,,,,,,,,,,,,,,,,,,,,,,,,,,,,,,,,,,,,,,,,,,,,,,,,,,,,,,,,,,,,,,,,,,,,,,,,,,,,,,,,,,,,,,,,,,,,,,,,,,,,,,,,,,,,,,,,,,,,,,,,,,,,,,,,
2025,6,STR,Aston Martin,16.0,0.0,Lapped,0,1,0.0,0.0,-1.0,0.0,-3.1333333333333333,-0.7333333333333333,Miami Grand Prix,0.0,15.5,15.0,0,0,2,2,10.0,13.9,2.0,0.4,0.6,13.9,2.0,0.4,13.0,2.0,0.0,7.0,8.0,,,,,,,,,,,,,,,,,,,,,,,,,,,,,,,,,,,,,,,,,,,,,,,,,,,,,,,,,,,,,,,,,,,,,,,,,,,,,,,,,,,,,,,,,,,,,,,,,,,,,,,,,,,,,,,,,,,,,,,,,,,,,,,,,,,,,,,,,,,,,,,,,,,,,,,,,,,,,,,,,,,,,,,,,,,,,,,,,,,,,,,,,,,,,,,,,,,,,,,,,,,,,,,,,,,,,,,,,,,,,,,,,,,,,,,,,,,,,,,,,,,,,,,,,,,,,,,,,,,
2025,7,STR,Aston Martin,15.0,0.0,Finished,0,0,0.0,0.0,-4.0,0.0,-3.0,-0.6666666666666666,Emilia Romagna Grand Prix,0.0,13.0,11.0,0,0,2,2,10.0,14.166666666666666,1.6666666666666667,0.3333333333333333,0.6666666666666667,14.166666666666666,1.6666666666666667,0.3333333333333333,14.0,2.0,0.0,7.0,8.0,,,,,,,,,,,,,,,,,,,,,,,,,,,,,,,,,,,,,,,,,,,,,,,,,,,,,,,,,,,,,,,,,,,,,,,,,,,,,,,,,,,,,,,,,,,,,,,,,,,,,,,,,,,,,,,,,,,,,,,,,,,,,,,,,,,,,,,,,,,,,,,,,,,,,,,,,,,,,,,,,,,,,,,,,,,,,,,,,,,,,,,,,,,,,,,,,,,,,,,,,,,,,,,,,,,,,,,,,,,,,,,,,,,,,,,,,,,,,,,,,,,,,,,,,,,,,,,,,,,
2025,8,STR,Aston Martin,15.0,0.0,Lapped,0,1,0.0,0.0,4.0,0.0,-2.7333333333333334,-0.6666666666666666,Monaco Grand Prix,0.0,17.0,15.0,0,1,1,2,10.0,14.0,1.4285714285714286,0.2857142857142857,0.7142857142857143,14.0,1.4285714285714286,0.2857142857142857,12.5,0.0,0.0,7.0,8.0,,,,,,,,,,,,,,,,,,,,,,,,,,,,,,,,,,,,,,,,,,,,,,,,,,,,,,,,,,,,,,,,,,,,,,,,,,,,,,,,,,,,,,,,,,,,,,,,,,,,,,,,,,,,,,,,,,,,,,,,,,,,,,,,,,,,,,,,,,,,,,,,,,,,,,,,,,,,,,,,,,,,,,,,,,,,,,,,,,,,,,,,,,,,,,,,,,,,,,,,,,,,,,,,,,,,,,,,,,,,,,,,,,,,,,,,,,,,,,,,,,,,,,,,,,,,,,,,,,,
2024,1,TSU,RB,14.0,0.0,Lapped,0,1,0.0,0.0,-1.0,0.0,,,Bahrain Grand Prix,0.0,13.5,13.0,0,0,2,2,0.0,,,,,,,,,,,1.0,,Bahrain Grand Prix,93.183,,,109.85264705882352,,,100.78057142857142,,,5.2664222788386095,,,4.0,,,,91.881,,,104.67649999999999,,,100.45415384615384,,,7.182976296380142,,,15.0,,,,91.631,,,107.698,,,109.07475,,,21.772243436311292,,,13.0,34.21585365853659,,,31.9,,,36.0,,,19.373170731707315,,,19.0,,,19.8,,,38.74390243902439,,,36.0,,,41.0,,,1016.1012195121951,,,1015.9,,,1016.3,,,0.0,,,False,,,False,,,3.3780487804878048,,,2.1,,,4.7,,,66.45121951219512,,,35.0,,,109.0,,,,22.098780487804877,,,21.1,,,23.4,,,17.24756097560976,,,17.1,,,17.4,,,39.02439024390244,,,34.0,,,46.0,,,1017.2317073170732,,,1017.0,,,1017.6,,,0.0,,,False,,,False,,,2.2817073170731708,,,1.2,,,3.5,,,82.76829268292683,,,41.0,,,134.0,,,,32.01341463414634,,,29.2,,,35.2,,,20.259756097560977,,,19.9,,,20.6,,,35.71951219512195,,,30.0,,,41.0,,,1017.720731707317,,,1017.4,,,1018.0,,,0.0,,,False,,,False,,,2.778048780487805,,,1.6,,,4.0,,,54.5,,,28.0,,,85.0,0.0,0.0,0.0,0.0,,,,,,,,,,,,,92.23166666666668,107.40904901960783,103.43649175824176,10.666666666666666,,,,
2024,2,TSU,RB,15.0,0.0,Lapped,0,1,0.0,0.0,1.0,0.0,-1.0,0.0,Saudi Arabian Grand Prix,0.0,15.5,15.0,0,0,2,2,0.0,13.5,0.0,0.0,1.0,13.5,0.0,0.0,,,,6.0,6.0,Saudi Arabian Grand Prix,91.036,,,113.97605263157895,,,114.57180000000001,,,28.06743952142569,,,16.0,,,,89.666,,,102.32000000000002,,,98.244,,,9.392739217076135,,,11.0,,,,89.572,,,110.4245,,,112.23733333333332,,,24.74501437192281,,,13.0,39.70125,,,38.2,,,41.9,,,26.754999999999995,,,26.4,,,27.1,,,57.575,,,53.0,,,61.0,,,1012.2375,,,1012.0,,,1012.5,,,0.0,,,False,,,False,,,4.80625,,,3.2,,,6.8,,,24.6125,,,1.0,,,41.0,,,,30.59677419354838,,,29.2,,,31.5,,,25.370967741935488,,,25.2,,,25.6,,,59.784946236559136,,,58.0,,,63.0,,,1013.7204301075269,,,1013.2,,,1014.1,,,0.0,,,False,,,False,,,2.4010752688172046,,,0.6,,,4.1,,,92.86021505376344,,,0.0,,,360.0,,,,39.558536585365864,,,37.3,,,43.5,,,25.98414634146341,,,25.6,,,26.3,,,60.34146341463415,,,57.0,,,63.0,,,1012.940243902439,,,1012.7,,,1013.4,,,0.0,,,False,,,False,,,4.16219512195122,,,2.1,,,5.8,,,23.451219512195124,,,0.0,,,54.0,0.0,0.0,0.0,0.0,,,,,,,,,,,,,90.09133333333334,108.90685087719298,108.35104444444444,13.333333333333334,92.23166666666668,107.40904901960783,103.43649175824176,10.666666666666666
2024,3,TSU,RB,7.0,6.0,Finished,0,0,0.0,0.0,5.0,6.0,0.0,0.0,Australian Grand Prix,6.0,9.5,7.0,0,0,2,2,0.0,14.5,0.0,0.0,1.0,14.5,0.0,0.0,,,,7.0,7.0,Australian Grand Prix,78.621,,,99.15769999999998,,,103.94445454545453,,,25.37378970261887,,,5.0,,,,78.188,,,96.0918,,,90.43350000000001,,,20.137400004579643,,,10.0,,,,77.673,,,106.29753846153848,,,103.95157142857143,,,25.71306070759335,,,11.0,33.70987654320987,,,29.9,,,36.8,,,18.469135802469136,,,18.0,,,19.0,,,61.01234567901235,,,55.0,,,64.0,,,1023.5641975308641,,,1023.2,,,1023.9,,,0.0,,,False,,,False,,,1.262962962962963,,,0.5,,,2.7,,,142.54320987654322,,,0.0,,,342.0,,,,36.15731707317073,,,34.0,,,38.3,,,20.157317073170734,,,20.0,,,20.4,,,56.926829268292686,,,55.0,,,58.0,,,1022.0512195121953,,,1021.8,,,1022.2,,,0.0,,,False,,,False,,,1.803658536585366,,,0.7,,,3.0,,,147.47560975609755,,,0.0,,,354.0,,,,27.669135802469132,,,25.2,,,31.0,,,18.27283950617284,,,17.9,,,18.8,,,59.39506172839506,,,56.0,,,62.0,,,1025.324691358025,,,1025.0,,,1025.6,,,0.0,,,False,,,False,,,1.4333333333333333,,,0.5,,,2.8,,,133.25925925925927,,,0.0,,,346.0,0.0,0.0,0.0,0.0,,,,,,,,,,,,,78.16066666666667,100.5156794871795,99.44317532467532,8.666666666666666,91.16150000000002,108.15794994840041,105.8937681013431,12.0
2024,4,TSU,RB,10.0,1.0,Lapped,0,1,0.0,0.0,9.0,1.0,1.6666666666666667,2.0,Japanese Grand Prix,1.0,14.5,10.0,0,1,1,2,6.0,12.833333333333334,2.0,0.0,1.0,12.833333333333334,2.0,0.0,,,,6.0,7.0,Japanese Grand Prix,91.23,,,109.44754545454545,,,113.95183333333334,,,24.177078520091438,,,9.0,,,,100.946,,,116.1755,,,111.11033333333334,,,16.443104522362347,,,4.0,,,,90.341,,,106.49558333333333,,,116.6108,,,25.03417706256788,,,9.0,24.296249999999997,,,22.9,,,25.8,,,16.566250000000004,,,15.4,,,17.2,,,42.6875,,,35.0,,,53.0,,,1013.31125,,,1012.9,,,1013.6,,,0.0,,,False,,,False,,,1.3625,,,0.4,,,3.0,,,178.175,,,10.0,,,359.0,,,,16.752325581395347,,,16.2,,,18.1,,,13.02093023255814,,,12.5,,,14.1,,,72.95348837209302,,,60.0,,,80.0,,,1013.4674418604648,,,1013.3,,,1013.7,,,0.20930232558139536,,,False,,,True,,,1.0046511627906978,,,0.0,,,1.9,,,157.5,,,0.0,,,218.0,,,,26.660759493670884,,,24.2,,,29.6,,,17.38227848101266,,,16.7,,,17.9,,,66.10126582278481,,,62.0,,,69.0,,,1015.8417721518989,,,1015.0,,,1016.5,,,0.0,,,False,,,False,,,1.3746835443037975,,,0.4,,,2.5,,,171.72151898734177,,,0.0,,,358.0,0.0,0.0,0.0,0.0,,,,,,,,,,,,,94.17233333333333,110.70620959595959,113.8909888888889,7.333333333333333,86.82788888888889,105.61052646132676,103.7435705091205,10.888888888888888
2024,5,TSU,RB,19.0,0.0,Retired,0,1,0.0,0.0,-1.0,0.0,3.5,1.75,Chinese Grand Prix,0.0,18.5,18.0,0,2,0,2,7.0,13.25,1.75,0.25,0.75,13.25,1.75,0.25,,,,6.0,7.0,Chinese Grand Prix,98.006,,,112.74547368421054,,,111.41210000000001,,,15.380191679559779,,,12.0,,,,,,,,,,,,,,,,,,,,,,,,,,,,,,,,,39.46829268292684,,,38.2,,,42.1,,,23.142682926829266,,,22.3,,,23.8,,,22.865853658536587,,,21.0,,,25.0,,,1009.3329268292683,,,1008.5,,,1010.1,,,0.0,,,False,,,False,,,1.3536585365853657,,,0.0,,,3.2,,,146.96341463414635,,,0.0,,,356.0,,,,,,,,,,,,,,,,,,,,,,,,,,,,,,,,,,,,,,,,,,,,,,,,,,,,,,,,,,,,,,,,,,,,,,,,,,,,,,,,,,,,,,,,,,,,,,,,,,,,,,,,,,,,,,,,,,,,,,,,,,,,,,,,,1.0,0.0,0.0,0.0,,,,,,,,,,,,,98.006,112.74547368421054,111.41210000000001,12.0,88.664,106.88444724498498,106.2804251040626,10.0
2024,6,TSU,RB,7.0,6.0,Finished,0,0,0.0,0.0,8.0,6.0,2.6,1.4,Miami Grand Prix,6.0,11.0,7.0,0,0,2,2,7.0,14.3,1.4,0.6,0.4,14.3,1.4,0.6,,,,6.0,7.0,Miami Grand Prix,89.056,,,108.83342857142858,,,112.16420000000001,,,22.310248994576465,,,8.0,,,,,,,,,,,,,,,,,,,,,,,,,,,,,,,,,49.958441558441564,,,43.4,,,54.9,,,28.780519480519484,,,28.3,,,29.3,,,56.27272727272727,,,53.0,,,59.0,,,1015.31038961039,,,1015.0,,,1015.6,,,0.0,,,False,,,False,,,3.0090909090909084,,,1.3,,,4.7,,,160.14285714285714,,,99.0,,,197.0,,,,,,,,,,,,,,,,,,,,,,,,,,,,,,,,,,,,,,,,,,,,,,,,,,,,,,,,,,,,,,,,,,,,,,,,,,,,,,,,,,,,,,,,,,,,,,,,,,,,,,,,,,,,,,,,,,,,,,,,,,,,,,,,,1.0,0.0,0.0,0.0,,,,,,,,,,,,,89.056,108.83342857142858,112.16420000000001,8.0,90.53240000000001,108.0566525328301,107.30676008325008,10.4
2024,7,TSU,RB,10.0,1.0,Lapped,0,1,0.0,0.0,3.0,1.0,3.5,2.1666666666666665,Emilia Romagna Grand Prix,1.0,11.5,10.0,0,0,2,2,13.0,13.75,2.1666666666666665,0.5,0.5,13.75,2.1666666666666665,0.5,,,,6.0,7.0,Emilia Romagna Grand Prix,77.388,,,96.75272727272727,,,86.15511111111111,,,13.400788646983097,,,6.0,,,,76.286,,,93.68123076923078,,,85.52486666666667,,,13.479921258071554,,,3.0,,,,76.668,,,103.07860000000001,,,100.436,,,27.92974430005879,,,13.0,43.45443037974684,,,42.6,,,44.5,,,23.972151898734175,,,23.3,,,24.6,,,32.53164556962025,,,30.0,,,35.0,,,1006.8518987341771,,,1006.6,,,1007.1,,,0.0,,,False,,,False,,,3.951898734177215,,,2.3,,,5.3,,,301.0506329113924,,,239.0,,,338.0,,,,36.84230769230769,,,35.1,,,39.0,,,24.379487179487178,,,24.0,,,24.7,,,33.94871794871795,,,29.0,,,36.0,,,1006.4525641025638,,,1006.2,,,1006.7,,,0.0,,,False,,,False,,,2.5230769230769234,,,0.5,,,4.6,,,284.1923076923077,,,2.0,,,350.0,,,,44.48076923076923,,,42.4,,,45.9,,,23.603846153846156,,,23.0,,,24.3,,,41.32051282051282,,,39.0,,,44.0,,,1009.2435897435897,,,1008.9,,,1009.5,,,0.0,,,False,,,False,,,1.9025641025641027,,,0.7,,,3.8,,,137.17948717948718,,,0.0,,,354.0,0.0,0.0,0.0,0.0,,,,,,,,,,,,,76.78066666666668,97.83751934731936,90.70532592592592,7.333333333333333,90.28633333333335,108.18611520592985,108.1163334027084,10.0
2024,8,TSU,RB,8.0,4.0,Lapped,0,1,0.0,0.0,4.0,4.0,3.4285714285714284,2.0,Monaco Grand Prix,4.0,10.0,8.0,0,0,2,2,14.0,13.428571428571429,2.0,0.4285714285714285,0.5714285714285714,13.428571428571429,2.0,0.4285714285714285,,,,6.0,7.0,Monaco Grand Prix,72.875,,,88.69989285714284,,,85.46153333333334,,,12.697814574994876,,,8.0,,,,72.349,,,86.45363333333334,,,84.94263636363637,,,12.515512145115977,,,11.0,,,,71.991,,,96.05395454545454,,,94.20036363636363,,,18.690013083316593,,,9.0,35.56103896103896,,,32.5,,,38.6,,,20.71688311688312,,,19.9,,,21.5,,,66.72727272727273,,,61.0,,,72.0,,,1018.2766233766234,,,1017.7,,,1018.7,,,0.09090909090909091,,,False,,,True,,,0.7467532467532466,,,0.0,,,1.5,,,156.16883116883116,,,0.0,,,359.0,,,,31.30246913580247,,,29.9,,,32.5,,,20.76172839506173,,,20.2,,,21.3,,,66.44444444444444,,,63.0,,,70.0,,,1017.1432098765433,,,1016.8,,,1017.5,,,0.0,,,False,,,False,,,0.7901234567901234,,,0.0,,,1.7,,,144.09876543209876,,,0.0,,,348.0,,,,46.86202531645569,,,45.0,,,48.5,,,21.67468354430379,,,21.3,,,22.0,,,57.40506329113924,,,55.0,,,61.0,,,1017.5379746835443,,,1017.4,,,1017.7,,,0.0,,,False,,,False,,,0.8240506329113924,,,0.0,,,1.6,,,190.30379746835442,,,0.0,,,359.0,0.0,0.0,0.0,0.0,,,,,,,,,,,,,72.40499999999999,90.40249357864359,88.20151111111112,9.333333333333334,88.3569523809524,106.70774436898549,105.6290466203109,9.619047619047619
2024,9,TSU,RB,14.0,0.0,Finished,0,0,4.0,0.0,-6.0,-4.0,3.5,2.25,Canadian Grand Prix,4.0,11.0,8.0,0,0,2,2,18.0,13.0,2.25,0.375,0.625,13.0,2.25,0.375,,,,6.0,6.0,Canadian Grand Prix,88.723,,,90.6086,,,90.12366666666667,,,1.6708085866829074,,,12.0,,,,76.951,,,91.40293750000001,,,95.62819999999999,,,14.318299951848717,,,8.0,,,,73.716,,,90.0892,,,86.89627272727272,,,13.428600918121813,,,15.0,28.68205128205127,,,25.5,,,32.2,,,18.237179487179485,,,17.2,,,19.3,,,83.57692307692308,,,77.0,,,89.0,,,998.6589743589747,,,998.2,,,999.5,,,0.1794871794871795,,,False,,,True,,,1.2474358974358977,,,0.0,,,2.8,,,226.64102564102564,,,0.0,,,355.0,,,,25.546249999999997,,,23.8,,,27.1,,,18.99625,,,18.1,,,19.6,,,68.5,,,64.0,,,72.0,,,999.23375,,,998.8,,,999.7,,,0.8875,,,False,,,True,,,1.2925,,,0.3,,,2.9,,,151.95,,,0.0,,,337.0,,,,36.4,,,32.2,,,39.1,,,20.854320987654322,,,19.9,,,21.6,,,61.925925925925924,,,59.0,,,64.0,,,1000.5185185185185,,,1000.2,,,1000.8,,,0.0,,,False,,,False,,,1.6790123456790123,,,0.8,,,2.9,,,157.17283950617283,,,0.0,,,348.0,0.0,0.0,0.0,0.0,,,,,,,,,,,,,79.79666666666667,90.70024583333334,90.88271313131314,11.666666666666666,86.36295833333334,104.66958802019275,103.45060468166093,9.583333333333334
2024,10,TSU,RB,19.0,0.0,Lapped,0,1,0.0,0.0,-4.0,0.0,2.4444444444444446,1.5555555555555556,Spanish Grand Prix,0.0,17.0,15.0,0,0,2,2,22.0,12.77777777777778,2.4444444444444446,0.3333333333333333,0.6666666666666667,12.77777777777778,2.4444444444444446,0.3333333333333333,,,,6.0,6.0,Spanish Grand Prix,75.916,,,84.40639999999999,,,81.7312,,,0.8210327033681458,,,20.0,,,,74.211,,,88.43248,,,83.39800000000001,,,5.560880764321423,,,15.0,,,,74.42,,,93.27130769230767,,,88.01559999999999,,,14.525567744497982,,,18.0,47.092592592592595,,,45.3,,,48.0,,,28.16543209876543,,,27.5,,,28.5,,,33.666666666666664,,,29.0,,,38.0,,,1004.3987654320988,,,1004.1,,,1004.6,,,0.0,,,False,,,False,,,2.0950617283950614,,,0.0,,,3.5,,,214.14814814814815,,,0.0,,,276.0,,,,43.05185185185185,,,41.2,,,44.2,,,24.86543209876543,,,24.5,,,25.6,,,49.901234567901234,,,45.0,,,56.0,,,1004.495061728395,,,1004.3,,,1004.7,,,0.0,,,False,,,False,,,1.8407407407407406,,,0.8,,,2.9,,,205.08641975308643,,,0.0,,,340.0,,,,43.355000000000004,,,38.9,,,46.3,,,26.441250000000004,,,26.0,,,26.9,,,57.7125,,,47.0,,,62.0,,,1004.5975000000001,,,1004.3,,,1005.0,,,0.0,,,False,,,False,,,1.6612500000000001,,,0.4,,,2.7,,,218.975,,,0.0,,,355.0,0.0,0.0,0.0,0.0,,,,,,,,,,,,,74.849,88.70339589743588,84.3816,17.666666666666668,85.63337037037037,103.11743888831948,102.05417228717785,9.814814814814815
2024,11,TSU,RB,14.0,0.0,Lapped,0,1,2.0,0.0,-5.0,-2.0,1.8,1.4,Austrian Grand Prix,2.0,11.5,9.0,0,0,2,2,22.0,13.2,2.2,0.3,0.7,13.2,2.2,0.3,,,,6.0,7.0,Austrian Grand Prix,66.579,,,84.48131578947367,,,89.84616666666666,,,18.346273546979674,,,9.0,,,,,,,,,,,,,,,,,,,,,,,,,,,,,,,,,36.88354430379747,,,30.7,,,42.5,,,23.24430379746836,,,21.9,,,24.5,,,59.54430379746835,,,56.0,,,64.0,,,940.7518987341775,,,940.5,,,940.9,,,0.0,,,False,,,False,,,2.6,,,0.7,,,4.0,,,104.36708860759494,,,0.0,,,142.0,,,,,,,,,,,,,,,,,,,,,,,,,,,,,,,,,,,,,,,,,,,,,,,,,,,,,,,,,,,,,,,,,,,,,,,,,,,,,,,,,,,,,,,,,,,,,,,,,,,,,,,,,,,,,,,,,,,,,,,,,,,,,,,,,1.0,0.0,0.0,0.0,,,,,,,,,,,,,66.579,84.48131578947367,89.84616666666666,9.0,84.55493333333334,101.67603458923112,100.28691505846007,10.6
2024,12,TSU,RB,10.0,1.0,Finished,0,0,0.0,0.0,3.0,1.0,1.181818181818182,1.0909090909090908,British Grand Prix,1.0,11.5,10.0,0,0,2,2,24.0,13.045454545454543,2.1818181818181817,0.2727272727272727,0.7272727272727273,13.045454545454543,2.1818181818181817,0.2727272727272727,,,,6.0,7.0,British Grand Prix,89.864,,,100.49366666666667,,,100.49366666666667,,,16.939201289710606,,,20.0,,,,87.745,,,104.14958823529412,,,110.48299999999999,,,27.636625710579544,,,16.0,,,,99.82,,,106.45068749999999,,,106.9778,,,11.447100078185745,,,14.0,24.554320987654318,,,21.2,,,28.1,,,16.386419753086418,,,15.6,,,17.2,,,75.61728395061728,,,72.0,,,81.0,,,989.422222222222,,,989.2,,,989.6,,,0.0,,,False,,,False,,,1.3691358024691358,,,0.3,,,3.2,,,213.44444444444446,,,0.0,,,353.0,,,,29.296296296296298,,,25.0,,,32.7,,,18.319753086419755,,,17.5,,,18.9,,,67.5679012345679,,,61.0,,,74.0,,,987.8740740740741,,,987.4,,,988.5,,,0.1728395061728395,,,False,,,True,,,1.7185185185185183,,,0.5,,,2.9,,,223.8148148148148,,,0.0,,,289.0,,,,16.291463414634144,,,15.7,,,17.7,,,11.173170731707318,,,10.7,,,11.6,,,89.42682926829268,,,87.0,,,92.0,,,984.439024390244,,,983.7,,,985.1,,,0.6585365853658537,,,False,,,True,,,2.296341463414634,,,1.0,,,4.2,,,233.8170731707317,,,0.0,,,277.0,0.0,0.0,0.0,0.0,,,,,,,,,,,,,92.47633333333333,103.69798080065361,105.98482222222223,16.666666666666668,82.92075757575758,100.1128783347077,99.33775611375158,10.454545454545455
2024,13,TSU,RB,9.0,2.0,Finished,0,0,0.0,0.0,3.0,2.0,1.3333333333333333,1.0833333333333333,Hungarian Grand Prix,2.0,10.5,9.0,0,0,2,2,25.0,12.916666666666666,2.083333333333333,0.25,0.75,12.916666666666666,2.083333333333333,0.25,,,,6.0,7.0,Hungarian Grand Prix,79.26,,,99.54264285714285,,,105.20975,,,27.680656860883918,,,8.0,,,,79.606,,,90.926,,,98.432,,,23.282484811548787,,,19.0,,,,76.744,,,89.2882,,,93.478,,,21.7138350366765,,,9.0,58.49878048780489,,,56.9,,,60.6,,,31.00487804878049,,,30.4,,,31.8,,,38.0,,,34.0,,,40.0,,,990.5731707317075,,,990.1,,,991.0,,,0.0,,,False,,,False,,,1.2621951219512195,,,0.3,,,3.8,,,207.78048780487805,,,0.0,,,345.0,,,,45.81975308641975,,,41.5,,,49.8,,,31.196296296296293,,,30.5,,,31.9,,,37.17283950617284,,,35.0,,,40.0,,,988.1012345679012,,,987.7,,,988.6,,,0.0,,,False,,,False,,,1.008641975308642,,,0.0,,,2.5,,,162.4320987654321,,,0.0,,,284.0,,,,39.0575,,,36.9,,,41.3,,,26.839999999999996,,,26.6,,,27.1,,,42.9375,,,42.0,,,44.0,,,984.8787500000001,,,984.6,,,985.2,,,0.0,,,False,,,False,,,0.92875,,,0.0,,,1.9,,,218.125,,,0.0,,,338.0,0.0,0.0,0.0,0.0,,,,,,,,,,,,,78.53666666666666,93.25228095238096,99.03991666666667,12.0,83.71705555555555,100.41163687353655,99.89167828945746,10.972222222222221
2024,14,TSU,RB,16.0,0.0,Finished,0,0,1.0,0.0,-6.0,-1.0,1.4615384615384617,1.1538461538461535,Belgian Grand Prix,1.0,13.0,10.0,0,0,2,2,27.0,12.73076923076923,2.076923076923077,0.2307692307692307,0.7692307692307692,12.73076923076923,2.076923076923077,0.2307692307692307,,,,6.0,7.0,Belgian Grand Prix,105.564,,,115.77384615384615,,,119.96828571428571,,,14.526446029159896,,,16.0,,,,104.348,,,112.1125,,,114.06963636363638,,,7.659829805847214,,,20.0,,,,129.444,,,133.474,,,133.47400000000002,,,4.219279085341481,,,15.0,38.3867469879518,,,35.2,,,40.9,,,22.012048192771083,,,21.4,,,22.5,,,60.855421686746986,,,58.0,,,65.0,,,964.7867469879518,,,964.5,,,965.0,,,0.012048192771084338,,,False,,,True,,,1.5518072289156624,,,0.0,,,4.0,,,156.0120481927711,,,0.0,,,359.0,,,,35.19024390243902,,,33.3,,,36.9,,,21.78170731707317,,,21.2,,,22.2,,,64.3048780487805,,,62.0,,,67.0,,,965.0170731707318,,,964.8,,,965.2,,,0.0,,,False,,,False,,,1.2378048780487805,,,0.4,,,2.7,,,134.90243902439025,,,0.0,,,358.0,,,,21.782926829268295,,,21.2,,,22.9,,,18.108536585365854,,,17.8,,,18.7,,,92.91463414634147,,,89.0,,,96.0,,,965.8914634146339,,,965.7,,,966.0,,,0.8902439024390244,,,False,,,True,,,1.423170731707317,,,0.5,,,2.4,,,156.6829268292683,,,102.0,,,244.0,0.0,0.0,0.0,0.0,,,,,,,,,,,,,113.11866666666667,120.45344871794872,122.50397402597405,17.0,83.3185641025641,99.86091718729381,99.8261581646274,11.051282051282051
2024,15,TSU,RB,17.0,0.0,Lapped,0,1,0.0,0.0,-5.0,0.0,0.9285714285714286,1.0,Dutch Grand Prix,0.0,14.5,12.0,0,0,2,2,28.0,12.75,2.0,0.2142857142857142,0.7857142857142857,12.75,2.0,0.2142857142857142,,,,6.0,7.0,Dutch Grand Prix,74.418,,,93.87985714285715,,,91.8555,,,18.51631549922032,,,14.0,,,,71.374,,,85.15376,,,79.10592857142856,,,9.299606232063194,,,7.0,,,,,,,,,,,,,,,,,21.725925925925925,,,20.3,,,23.8,,,20.233333333333334,,,19.4,,,21.3,,,83.87654320987654,,,75.0,,,92.0,,,1003.335802469136,,,1002.6,,,1004.1,,,0.14814814814814814,,,False,,,True,,,7.109876543209876,,,4.7,,,9.6,,,223.8395061728395,,,204.0,,,242.0,,,,31.169620253164563,,,29.8,,,31.9,,,21.37721518987342,,,21.1,,,21.6,,,62.51898734177215,,,60.0,,,65.0,,,1006.8721518987339,,,1006.2,,,1007.4,,,0.0,,,False,,,False,,,5.472151898734178,,,4.3,,,7.0,,,207.31645569620252,,,187.0,,,230.0,,,,21.572151898734177,,,19.3,,,25.1,,,19.350632911392406,,,17.5,,,21.4,,,94.20253164556962,,,88.0,,,96.0,,,1004.4113924050635,,,1004.0,,,1004.7,,,0.21518987341772153,,,False,,,True,,,1.9759493670886072,,,0.0,,,3.5,,,209.34177215189874,,,0.0,,,244.0,0.0,0.0,0.0,0.0,,,,,,,,,,,,,72.896,89.51680857142858,85.48071428571428,10.5,85.44714285714285,101.3318122966263,101.44600215472359,11.476190476190476
2024,16,TSU,RB,20.0,0.0,Retired,0,1,0.0,0.0,-7.0,0.0,0.5333333333333333,0.9333333333333332,Italian Grand Prix,0.0,16.5,13.0,0,1,1,2,28.0,12.866666666666667,1.8666666666666667,0.2,0.8,12.866666666666667,1.8666666666666667,0.2,,,,6.0,7.0,Italian Grand Prix,82.714,,,99.47200000000001,,,93.03075,,,11.342336777901343,,,13.0,,,,81.735,,,99.21099999999998,,,95.538,,,20.135928858634752,,,16.0,,,,81.141,,,101.91499999999999,,,96.71199999999999,,,25.933633065962816,,,13.0,50.81358024691359,,,48.7,,,52.1,,,32.7641975308642,,,32.2,,,33.4,,,38.135802469135804,,,36.0,,,40.0,,,996.3456790123457,,,995.9,,,996.7,,,0.0,,,False,,,False,,,1.0333333333333334,,,0.0,,,2.1,,,192.23456790123456,,,0.0,,,357.0,,,,44.350632911392395,,,41.6,,,48.0,,,34.029113924050634,,,33.7,,,34.4,,,32.177215189873415,,,31.0,,,34.0,,,994.7316455696205,,,994.5,,,995.0,,,0.0,,,False,,,False,,,1.092405063291139,,,0.0,,,2.9,,,213.26582278481013,,,0.0,,,357.0,,,,46.333333333333336,,,43.3,,,48.5,,,31.627160493827162,,,30.9,,,32.4,,,41.7037037037037,,,35.0,,,46.0,,,997.4049382716049,,,997.2,,,997.6,,,0.0,,,False,,,False,,,1.1246913580246913,,,0.0,,,2.3,,,206.4814814814815,,,0.0,,,351.0,0.0,0.0,0.0,0.0,,,,,,,,,,,,,81.86333333333334,100.19933333333331,95.09358333333334,14.0,84.6104,100.54414538161312,100.38164963012296,11.41111111111111
2024,17,TSU,RB,20.0,0.0,Retired,0,1,0.0,0.0,-7.0,0.0,0.1333333333333333,0.9333333333333332,Azerbaijan Grand Prix,0.0,16.5,13.0,0,1,1,2,28.0,13.09375,1.75,0.25,0.75,13.066666666666666,1.8666666666666667,0.2666666666666666,,,,6.0,7.0,Azerbaijan Grand Prix,107.708,,,115.90981818181814,,,118.0626,,,10.383478237084137,,,15.0,,,,104.645,,,112.41946666666665,,,111.21163636363636,,,0.9974642121627503,,,11.0,,,,103.503,,,122.03966666666666,,,130.40525,,,20.542612368359258,,,12.0,43.68478260869565,,,39.8,,,46.2,,,29.195652173913032,,,28.0,,,30.6,,,39.09782608695652,,,26.0,,,50.0,,,1015.1771739130434,,,1014.9,,,1015.6,,,0.0,,,False,,,False,,,1.6956521739130432,,,0.5,,,3.5,,,119.3695652173913,,,0.0,,,353.0,,,,36.34878048780487,,,32.9,,,41.2,,,28.52926829268293,,,27.5,,,29.2,,,33.09756097560975,,,27.0,,,47.0,,,1015.0731707317074,,,1014.8,,,1015.3,,,0.0,,,False,,,False,,,1.224390243902439,,,0.0,,,2.6,,,115.8170731707317,,,0.0,,,358.0,,,,31.889024390243897,,,31.0,,,33.1,,,26.991463414634143,,,26.7,,,27.3,,,39.40243902439025,,,35.0,,,44.0,,,1016.6475609756096,,,1016.3,,,1016.9,,,0.35365853658536583,,,False,,,True,,,0.7658536585365854,,,0.0,,,1.7,,,125.02439024390245,,,0.0,,,357.0,0.0,0.0,0.0,0.0,,,,,,,,,,,,,105.28533333333333,116.78965050505049,119.89316212121211,12.666666666666666,83.91917777777779,100.0634976691948,99.82545573512907,11.633333333333333
2024,18,TSU,RB,12.0,0.0,Lapped,0,1,0.0,0.0,6.0,0.0,-0.4,0.9333333333333332,Singapore Grand Prix,0.0,15.0,12.0,0,0,2,2,28.0,13.294117647058824,1.6470588235294117,0.2941176470588235,0.7058823529411764,13.133333333333333,1.8666666666666667,0.3333333333333333,,,,6.0,7.0,Singapore Grand Prix,92.263,,,106.4740625,,,103.47633333333334,,,9.485946499954542,,,5.0,,,,91.468,,,103.62426315789473,,,102.67341666666668,,,9.646026769969573,,,4.0,,,,91.114,,,111.48262499999998,,,112.1858,,,26.38518525991432,,,11.0,37.114999999999995,,,35.6,,,38.8,,,31.35,,,31.2,,,31.5,,,64.4375,,,63.0,,,67.0,,,1005.6075000000001,,,1005.3,,,1005.9,,,0.0,,,False,,,False,,,2.44875,,,1.2,,,3.4,,,187.9,,,177.0,,,214.0,,,,32.95000000000001,,,32.3,,,33.6,,,30.181707317073165,,,30.0,,,30.3,,,73.98780487804878,,,73.0,,,75.0,,,1008.1158536585366,,,1007.8,,,1008.6,,,0.0,,,False,,,False,,,1.6597560975609755,,,1.1,,,2.4,,,203.09756097560975,,,171.0,,,222.0,,,,37.0670731707317,,,34.9,,,38.6,,,30.06219512195122,,,29.9,,,30.2,,,75.13414634146342,,,74.0,,,77.0,,,1006.7951219512195,,,1006.6,,,1007.0,,,0.0,,,False,,,False,,,0.4817073170731707,,,0.0,,,1.5,,,199.15853658536585,,,0.0,,,323.0,0.0,0.0,0.0,0.0,,,,,,,,,,,,,91.61500000000001,107.19365021929825,106.11185,6.666666666666667,84.9321111111111,100.58901764438532,100.59493024691359,11.58888888888889
2024,19,TSU,RB,14.0,0.0,Lapped,0,1,2.0,0.0,-5.0,-2.0,-0.3333333333333333,0.5333333333333333,United States Grand Prix,2.0,11.5,9.0,0,0,2,2,28.0,13.38888888888889,1.5555555555555556,0.2777777777777778,0.7222222222222222,13.5,1.4666666666666666,0.3333333333333333,,,,7.0,7.0,United States Grand Prix,94.313,,,108.6526153846154,,,100.258,,,1.032379968809934,,,10.0,,,,,,,,,,,,,,,,,,,,,,,,,,,,,,,,,36.703703703703695,,,33.9,,,38.7,,,25.27777777777778,,,23.5,,,26.4,,,52.24691358024691,,,47.0,,,56.0,,,1004.1839506172839,,,1003.5,,,1005.0,,,0.0,,,False,,,False,,,3.34074074074074,,,1.4,,,5.4,,,158.8641975308642,,,128.0,,,186.0,,,,,,,,,,,,,,,,,,,,,,,,,,,,,,,,,,,,,,,,,,,,,,,,,,,,,,,,,,,,,,,,,,,,,,,,,,,,,,,,,,,,,,,,,,,,,,,,,,,,,,,,,,,,,,,,,,,,,,,,,,,,,,,,,1.0,0.0,0.0,0.0,,,,,,,,,,,,,94.313,108.6526153846154,100.258,10.0,85.82906666666666,101.03421569319322,101.0395085586019,11.455555555555556
2024,20,TSU,RB,20.0,0.0,Retired,0,1,0.0,0.0,-4.0,0.0,-1.2666666666666666,0.3333333333333333,Mexico City Grand Prix,0.0,18.0,16.0,0,1,1,2,30.0,13.289473684210526,1.5789473684210529,0.2631578947368421,0.736842105263158,13.3,1.5333333333333334,0.2666666666666666,,,,7.0,7.0,Mexico City Grand Prix,78.699,,,90.38349999999998,,,87.47333333333334,,,9.24393268401856,,,3.0,,,,77.878,,,85.85104545454544,,,82.459375,,,0.3160162461917757,,,3.0,,,,77.302,,,86.60725,,,87.0835,,,12.686202761267852,,,7.0,45.61772151898734,,,42.1,,,48.6,,,19.534177215189874,,,17.6,,,21.1,,,45.139240506329116,,,34.0,,,57.0,,,784.5962025316454,,,784.0,,,785.2,,,0.0,,,False,,,False,,,1.6050632911392404,,,0.6,,,3.9,,,208.873417721519,,,0.0,,,344.0,,,,37.789908256880736,,,31.3,,,42.9,,,22.755963302752296,,,22.1,,,23.0,,,27.513761467889907,,,19.0,,,34.0,,,783.3422018348625,,,783.2,,,783.6,,,0.0,,,False,,,False,,,1.4238532110091744,,,0.0,,,3.1,,,255.9724770642202,,,0.0,,,358.0,,,,32.757831325301204,,,29.0,,,38.0,,,18.249397590361443,,,16.9,,,19.7,,,53.855421686746986,,,50.0,,,59.0,,,787.2807228915663,,,786.6,,,787.9,,,0.0,,,False,,,False,,,1.5783132530120483,,,0.0,,,3.8,,,265.90361445783134,,,0.0,,,357.0,0.0,0.0,0.0,0.0,,,,,,,,,,,,,77.95966666666668,87.6139318181818,85.67206944444445,4.333333333333333,85.83844444444445,100.89730941243695,100.13064263267597,11.633333333333333
2024,21,TSU,RB,7.0,6.0,Finished,0,0,2.0,0.0,2.0,4.0,-1.4666666666666666,0.3333333333333333,São Paulo Grand Prix,8.0,8.0,7.0,0,0,2,2,30.0,13.525,1.5,0.3,0.7,13.266666666666667,1.5333333333333334,0.2,,,,7.0,7.0,São Paulo Grand Prix,71.483,,,88.15193333333333,,,76.26957142857142,,,0.2628642597380269,,,12.0,,,,,,,,,,,,,,,,,,,,,,,,,,,,,,,,,54.140243902439025,,,49.7,,,57.5,,,26.103658536585368,,,25.7,,,26.4,,,54.9390243902439,,,48.0,,,59.0,,,928.0024390243904,,,927.6,,,928.4,,,0.0,,,False,,,False,,,1.0865853658536584,,,0.0,,,2.1,,,180.59756097560975,,,0.0,,,350.0,,,,,,,,,,,,,,,,,,,,,,,,,,,,,,,,,,,,,,,,,,,,,,,,,,,,,,,,,,,,,,,,,,,,,,,,,,,,,,,,,,,,,,,,,,,,,,,,,,,,,,,,,,,,,,,,,,,,,,,,,,,,,,,,,1.0,0.0,0.0,0.0,,,,,,,,,,,,,71.483,88.15193333333333,76.26957142857142,12.0,84.50202222222222,99.22187328803504,98.41464059563893,11.122222222222224
2024,22,TSU,RB,9.0,2.0,Finished,0,0,0.0,0.0,7.0,2.0,-1.8666666666666667,0.2,Las Vegas Grand Prix,2.0,12.5,9.0,0,0,2,2,38.0,13.261904761904765,1.809523809523809,0.2857142857142857,0.7142857142857143,13.066666666666666,1.6666666666666667,0.2,,,,8.0,8.0,Las Vegas Grand Prix,98.574,,,114.836375,,,115.388,,,15.02810803128591,,,19.0,,,,94.997,,,102.53949999999999,,,103.22333333333333,,,10.009436859783872,,,10.0,,,,96.215,,,112.7875,,,111.68322222222223,,,16.68973606575144,,,16.0,15.683132530120483,,,14.9,,,16.5,,,14.065060240963856,,,13.3,,,14.6,,,19.626506024096386,,,17.0,,,22.0,,,947.4734939759037,,,947.2,,,947.7,,,0.0,,,False,,,False,,,0.9951807228915662,,,0.5,,,1.7,,,212.16867469879517,,,146.0,,,242.0,,,,12.870987654320986,,,12.6,,,13.2,,,11.146296296296295,,,10.8,,,11.5,,,24.290123456790123,,,23.0,,,26.0,,,947.783950617284,,,947.6,,,948.0,,,0.0,,,False,,,False,,,0.9117283950617283,,,0.4,,,1.4,,,216.62345679012347,,,184.0,,,260.0,,,,16.830487804878047,,,16.1,,,17.7,,,14.853658536585366,,,14.2,,,15.3,,,18.573170731707318,,,17.0,,,20.0,,,942.1670731707317,,,942.0,,,942.4,,,0.0,,,False,,,False,,,0.6524390243902439,,,0.0,,,1.5,,,178.41463414634146,,,0.0,,,310.0,0.0,0.0,0.0,0.0,,,,,,,,,,,,,96.59533333333333,110.05445833333333,110.09818518518519,15.0,83.33048888888888,97.84310693882868,96.0216653575437,11.38888888888889
2024,23,TSU,RB,13.0,0.0,Finished,0,0,0.0,0.0,1.0,0.0,-1.6,0.2666666666666666,Qatar Grand Prix,0.0,13.5,13.0,0,0,2,2,40.0,13.227272727272728,1.818181818181818,0.2727272727272727,0.7272727272727273,13.133333333333333,1.7333333333333334,0.2,,,,8.0,7.0,,,,,,,,,,,,,,,,,,,,,,,,,,,,,,,,,,,,,,,,,,,,,,,,,,,,,,,,,,,,,,,,,,,,,,,,,,,,,,,,,,,,,,,,,,,,,,,,,,,,,,,,,,,,,,,,,,,,,,,,,,,,,,,,,,,,,,,,,,,,,,,,,,,,,,,,,,,,,,,,,,,,,,,,,,,,,,,,,,,,,,,,,,,,,,,,,,,,,,,,,,,,,,,,,,,,,,,,,,,,,,,,,,,,,,,,,,,,,,,,,,,,,,,,,,,,,,,,,,,
2024,24,TSU,RB,12.0,0.0,Lapped,0,1,0.0,0.0,5.0,0.0,-1.8,0.0,Abu Dhabi Grand Prix,0.0,14.5,12.0,0,1,1,2,40.0,13.23913043478261,1.7391304347826086,0.2608695652173913,0.7391304347826086,13.366666666666667,1.4666666666666666,0.2,,,,8.0,7.0,,,,,,,,,,,,,,,,,,,,,,,,,,,,,,,,,,,,,,,,,,,,,,,,,,,,,,,,,,,,,,,,,,,,,,,,,,,,,,,,,,,,,,,,,,,,,,,,,,,,,,,,,,,,,,,,,,,,,,,,,,,,,,,,,,,,,,,,,,,,,,,,,,,,,,,,,,,,,,,,,,,,,,,,,,,,,,,,,,,,,,,,,,,,,,,,,,,,,,,,,,,,,,,,,,,,,,,,,,,,,,,,,,,,,,,,,,,,,,,,,,,,,,,,,,,,,,,,,,,
2025,1,TSU,Racing Bulls,12.0,0.0,Finished,0,0,0.0,0.0,8.0,0.0,-1.0666666666666669,0.2666666666666666,Australian Grand Prix,0.0,16.0,12.0,0,1,1,2,0.0,,,,,,,,,,,1.0,,,,,,,,,,,,,,,,,,,,,,,,,,,,,,,,,,,,,,,,,,,,,,,,,,,,,,,,,,,,,,,,,,,,,,,,,,,,,,,,,,,,,,,,,,,,,,,,,,,,,,,,,,,,,,,,,,,,,,,,,,,,,,,,,,,,,,,,,,,,,,,,,,,,,,,,,,,,,,,,,,,,,,,,,,,,,,,,,,,,,,,,,,,,,,,,,,,,,,,,,,,,,,,,,,,,,,,,,,,,,,,,,,,,,,,,,,,,,,,,,,,,,,,,,,,,,,,,,,,,
2025,2,TSU,Racing Bulls,16.0,0.0,Lapped,0,1,0.0,0.0,-5.0,0.0,-0.2666666666666666,0.2666666666666666,Chinese Grand Prix,0.0,13.5,11.0,0,0,2,2,0.0,16.0,0.0,1.0,0.0,16.0,0.0,1.0,,,,8.0,10.0,,,,,,,,,,,,,,,,,,,,,,,,,,,,,,,,,,,,,,,,,,,,,,,,,,,,,,,,,,,,,,,,,,,,,,,,,,,,,,,,,,,,,,,,,,,,,,,,,,,,,,,,,,,,,,,,,,,,,,,,,,,,,,,,,,,,,,,,,,,,,,,,,,,,,,,,,,,,,,,,,,,,,,,,,,,,,,,,,,,,,,,,,,,,,,,,,,,,,,,,,,,,,,,,,,,,,,,,,,,,,,,,,,,,,,,,,,,,,,,,,,,,,,,,,,,,,,,,,,,
2025,3,TSU,Red Bull Racing,12.0,0.0,Finished,0,0,25.0,1.0,-11.0,-25.0,-0.2666666666666666,0.4,Japanese Grand Prix,25.0,6.5,1.0,1,0,2,2,30.0,8.25,15.0,0.5,0.5,8.25,15.0,0.5,1.5,44.0,2.0,3.0,3.0,,,,,,,,,,,,,,,,,,,,,,,,,,,,,,,,,,,,,,,,,,,,,,,,,,,,,,,,,,,,,,,,,,,,,,,,,,,,,,,,,,,,,,,,,,,,,,,,,,,,,,,,,,,,,,,,,,,,,,,,,,,,,,,,,,,,,,,,,,,,,,,,,,,,,,,,,,,,,,,,,,,,,,,,,,,,,,,,,,,,,,,,,,,,,,,,,,,,,,,,,,,,,,,,,,,,,,,,,,,,,,,,,,,,,,,,,,,,,,,,,,,,,,,,,,,,,,,,,,,
2025,4,TSU,Red Bull Racing,9.0,2.0,Finished,0,0,8.0,0.0,-3.0,-6.0,-1.2,-1.3333333333333333,Bahrain Grand Prix,10.0,7.5,6.0,0,0,2,2,55.0,7.666666666666667,18.33333333333333,0.3333333333333333,0.6666666666666667,7.666666666666667,18.33333333333333,0.3333333333333333,1.5,44.0,2.0,3.0,3.0,,,,,,,,,,,,,,,,,,,,,,,,,,,,,,,,,,,,,,,,,,,,,,,,,,,,,,,,,,,,,,,,,,,,,,,,,,,,,,,,,,,,,,,,,,,,,,,,,,,,,,,,,,,,,,,,,,,,,,,,,,,,,,,,,,,,,,,,,,,,,,,,,,,,,,,,,,,,,,,,,,,,,,,,,,,,,,,,,,,,,,,,,,,,,,,,,,,,,,,,,,,,,,,,,,,,,,,,,,,,,,,,,,,,,,,,,,,,,,,,,,,,,,,,,,,,,,,,,,,
2025,5,TSU,Red Bull Racing,19.0,0.0,Retired,0,1,18.0,1.0,-17.0,-18.0,-1.6,-1.8666666666666667,Saudi Arabian Grand Prix,18.0,10.5,2.0,1,1,1,2,65.0,7.625,16.25,0.25,0.75,7.625,16.25,0.25,1.5,43.0,2.0,3.0,3.0,,,,,,,,,,,,,,,,,,,,,,,,,,,,,,,,,,,,,,,,,,,,,,,,,,,,,,,,,,,,,,,,,,,,,,,,,,,,,,,,,,,,,,,,,,,,,,,,,,,,,,,,,,,,,,,,,,,,,,,,,,,,,,,,,,,,,,,,,,,,,,,,,,,,,,,,,,,,,,,,,,,,,,,,,,,,,,,,,,,,,,,,,,,,,,,,,,,,,,,,,,,,,,,,,,,,,,,,,,,,,,,,,,,,,,,,,,,,,,,,,,,,,,,,,,,,,,,,,,,
2025,6,TSU,Red Bull Racing,10.0,1.0,Finished,0,0,12.0,0.0,-6.0,-11.0,-2.333333333333333,-3.0,Miami Grand Prix,13.0,7.0,4.0,0,0,2,2,83.0,8.2,16.6,0.4,0.6,8.2,16.6,0.4,3.0,30.0,1.0,3.0,3.0,,,,,,,,,,,,,,,,,,,,,,,,,,,,,,,,,,,,,,,,,,,,,,,,,,,,,,,,,,,,,,,,,,,,,,,,,,,,,,,,,,,,,,,,,,,,,,,,,,,,,,,,,,,,,,,,,,,,,,,,,,,,,,,,,,,,,,,,,,,,,,,,,,,,,,,,,,,,,,,,,,,,,,,,,,,,,,,,,,,,,,,,,,,,,,,,,,,,,,,,,,,,,,,,,,,,,,,,,,,,,,,,,,,,,,,,,,,,,,,,,,,,,,,,,,,,,,,,,,,
2025,7,TSU,Red Bull Racing,10.0,1.0,Finished,0,0,25.0,1.0,-9.0,-24.0,-2.4,-3.733333333333333,Emilia Romagna Grand Prix,26.0,5.5,1.0,1,0,2,2,96.0,8.0,16.0,0.3333333333333333,0.6666666666666667,8.0,16.0,0.3333333333333333,4.5,29.0,1.0,3.0,3.0,,,,,,,,,,,,,,,,,,,,,,,,,,,,,,,,,,,,,,,,,,,,,,,,,,,,,,,,,,,,,,,,,,,,,,,,,,,,,,,,,,,,,,,,,,,,,,,,,,,,,,,,,,,,,,,,,,,,,,,,,,,,,,,,,,,,,,,,,,,,,,,,,,,,,,,,,,,,,,,,,,,,,,,,,,,,,,,,,,,,,,,,,,,,,,,,,,,,,,,,,,,,,,,,,,,,,,,,,,,,,,,,,,,,,,,,,,,,,,,,,,,,,,,,,,,,,,,,,,,
2025,8,TSU,Red Bull Racing,17.0,0.0,Lapped,0,1,12.0,0.0,-13.0,-12.0,-2.533333333333333,-5.333333333333333,Monaco Grand Prix,12.0,10.5,4.0,0,0,2,2,122.0,7.642857142857143,17.428571428571427,0.2857142857142857,0.7142857142857143,7.642857142857143,17.428571428571427,0.2857142857142857,12.0,8.0,0.0,3.0,3.0,,,,,,,,,,,,,,,,,,,,,,,,,,,,,,,,,,,,,,,,,,,,,,,,,,,,,,,,,,,,,,,,,,,,,,,,,,,,,,,,,,,,,,,,,,,,,,,,,,,,,,,,,,,,,,,,,,,,,,,,,,,,,,,,,,,,,,,,,,,,,,,,,,,,,,,,,,,,,,,,,,,,,,,,,,,,,,,,,,,,,,,,,,,,,,,,,,,,,,,,,,,,,,,,,,,,,,,,,,,,,,,,,,,,,,,,,,,,,,,,,,,,,,,,,,,,,,,,,,,
2025,9,TSU,Red Bull Racing,13.0,0.0,Finished,0,0,1.0,0.0,-3.0,-1.0,-2.933333333333333,-6.133333333333334,Spanish Grand Prix,1.0,11.5,10.0,0,0,2,2,134.0,8.0,16.75,0.25,0.75,8.0,16.75,0.25,4.5,29.0,1.0,2.0,4.0,,,,,,,,,,,,,,,,,,,,,,,,,,,,,,,,,,,,,,,,,,,,,,,,,,,,,,,,,,,,,,,,,,,,,,,,,,,,,,,,,,,,,,,,,,,,,,,,,,,,,,,,,,,,,,,,,,,,,,,,,,,,,,,,,,,,,,,,,,,,,,,,,,,,,,,,,,,,,,,,,,,,,,,,,,,,,,,,,,,,,,,,,,,,,,,,,,,,,,,,,,,,,,,,,,,,,,,,,,,,,,,,,,,,,,,,,,,,,,,,,,,,,,,,,,,,,,,,,,,
2024,1,VER,Red Bull Racing,1.0,26.0,Finished,1,0,18.0,1.0,1.0,8.0,,,Bahrain Grand Prix,44.0,1.5,1.0,2,0,2,2,0.0,,,,,,,,,,,1.0,,Bahrain Grand Prix,93.238,,,104.62466666666667,,,104.34657142857142,,,17.227992965492167,,,6.0,,,,90.851,,,100.21122222222223,,,100.57357142857143,,,11.945153363566362,,,6.0,,,,91.062,,,113.33688888888888,,,110.37575000000001,,,22.223354327898697,,,3.0,34.21585365853659,,,31.9,,,36.0,,,19.373170731707315,,,19.0,,,19.8,,,38.74390243902439,,,36.0,,,41.0,,,1016.1012195121951,,,1015.9,,,1016.3,,,0.0,,,False,,,False,,,3.3780487804878048,,,2.1,,,4.7,,,66.45121951219512,,,35.0,,,109.0,,,,22.098780487804877,,,21.1,,,23.4,,,17.24756097560976,,,17.1,,,17.4,,,39.02439024390244,,,34.0,,,46.0,,,1017.2317073170732,,,1017.0,,,1017.6,,,0.0,,,False,,,False,,,2.2817073170731708,,,1.2,,,3.5,,,82.76829268292683,,,41.0,,,134.0,,,,32.01341463414634,,,29.2,,,35.2,,,20.259756097560977,,,19.9,,,20.6,,,35.71951219512195,,,30.0,,,41.0,,,1017.720731707317,,,1017.4,,,1018.0,,,0.0,,,False,,,False,,,2.778048780487805,,,1.6,,,4.0,,,54.5,,,28.0,,,85.0,0.0,0.0,0.0,0.0,,,,,,,,,,,,,91.717,106.0575925925926,105.09863095238096,5.0,,,,
2024,2,VER,Red Bull Racing,1.0,25.0,Finished,1,0,18.0,1.0,1.0,7.0,1.0,8.0,Saudi Arabian Grand Prix,43.0,1.5,1.0,2,0,2,2,44.0,1.5,44.0,0.0,1.0,1.5,44.0,0.0,,,,1.0,1.0,Saudi Arabian Grand Prix,89.659,,,107.20370588235293,,,101.274,,,16.677243665717494,,,1.0,,,,89.158,,,97.35529411764706,,,95.0029,,,3.0559809281691086,,,3.0,,,,88.412,,,110.380875,,,108.72166666666668,,,24.074767933807106,,,1.0,39.70125,,,38.2,,,41.9,,,26.754999999999995,,,26.4,,,27.1,,,57.575,,,53.0,,,61.0,,,1012.2375,,,1012.0,,,1012.5,,,0.0,,,False,,,False,,,4.80625,,,3.2,,,6.8,,,24.6125,,,1.0,,,41.0,,,,30.59677419354838,,,29.2,,,31.5,,,25.370967741935488,,,25.2,,,25.6,,,59.784946236559136,,,58.0,,,63.0,,,1013.7204301075269,,,1013.2,,,1014.1,,,0.0,,,False,,,False,,,2.4010752688172046,,,0.6,,,4.1,,,92.86021505376344,,,0.0,,,360.0,,,,39.558536585365864,,,37.3,,,43.5,,,25.98414634146341,,,25.6,,,26.3,,,60.34146341463415,,,57.0,,,63.0,,,1012.940243902439,,,1012.7,,,1013.4,,,0.0,,,False,,,False,,,4.16219512195122,,,2.1,,,5.8,,,23.451219512195124,,,0.0,,,54.0,0.0,0.0,0.0,0.0,,,,,,,,,,,,,89.07633333333335,104.97995833333334,101.6661888888889,1.6666666666666667,91.717,106.0575925925926,105.09863095238096,5.0
2024,3,VER,Red Bull Racing,19.0,0.0,Retired,0,1,10.0,0.0,-14.0,-10.0,1.0,7.5,Australian Grand Prix,10.0,12.0,5.0,0,1,1,2,87.0,1.5,43.5,0.0,1.0,1.5,43.5,0.0,,,,1.0,1.0,Australian Grand Prix,78.582,,,95.52912500000001,,,91.64233333333334,,,21.58287947270552,,,2.0,,,,77.658,,,92.09692307692309,,,94.72566666666667,,,19.63952335131041,,,2.0,,,,76.734,,,93.27131818181819,,,82.882,,,0.5399021075290271,,,2.0,33.70987654320987,,,29.9,,,36.8,,,18.469135802469136,,,18.0,,,19.0,,,61.01234567901235,,,55.0,,,64.0,,,1023.5641975308641,,,1023.2,,,1023.9,,,0.0,,,False,,,False,,,1.262962962962963,,,0.5,,,2.7,,,142.54320987654322,,,0.0,,,342.0,,,,36.15731707317073,,,34.0,,,38.3,,,20.157317073170734,,,20.0,,,20.4,,,56.926829268292686,,,55.0,,,58.0,,,1022.0512195121953,,,1021.8,,,1022.2,,,0.0,,,False,,,False,,,1.803658536585366,,,0.7,,,3.0,,,147.47560975609755,,,0.0,,,354.0,,,,27.669135802469132,,,25.2,,,31.0,,,18.27283950617284,,,17.9,,,18.8,,,59.39506172839506,,,56.0,,,62.0,,,1025.324691358025,,,1025.0,,,1025.6,,,0.0,,,False,,,False,,,1.4333333333333333,,,0.5,,,2.8,,,133.25925925925927,,,0.0,,,346.0,0.0,0.0,0.0,0.0,,,,,,,,,,,,,77.658,93.63245541958042,89.75,2.0,90.39666666666668,105.51877546296296,103.38240992063493,3.3333333333333335
2024,4,VER,Red Bull Racing,1.0,26.0,Finished,1,0,18.0,1.0,1.0,8.0,-4.0,1.6666666666666667,Japanese Grand Prix,44.0,1.5,1.0,2,0,2,2,97.0,5.0,32.333333333333336,0.3333333333333333,0.6666666666666667,5.0,32.333333333333336,0.3333333333333333,,,,1.0,2.0,Japanese Grand Prix,90.056,,,102.9349,,,104.32440000000001,,,17.698413821582996,,,1.0,,,,,,,,,,,,,,,,,,,,89.563,,,96.80424999999998,,,96.80799999999999,,,0.29128565590041133,,,1.0,24.296249999999997,,,22.9,,,25.8,,,16.566250000000004,,,15.4,,,17.2,,,42.6875,,,35.0,,,53.0,,,1013.31125,,,1012.9,,,1013.6,,,0.0,,,False,,,False,,,1.3625,,,0.4,,,3.0,,,178.175,,,10.0,,,359.0,,,,16.752325581395347,,,16.2,,,18.1,,,13.02093023255814,,,12.5,,,14.1,,,72.95348837209302,,,60.0,,,80.0,,,1013.4674418604648,,,1013.3,,,1013.7,,,0.20930232558139536,,,False,,,True,,,1.0046511627906978,,,0.0,,,1.9,,,157.5,,,0.0,,,218.0,,,,26.660759493670884,,,24.2,,,29.6,,,17.38227848101266,,,16.7,,,17.9,,,66.10126582278481,,,62.0,,,69.0,,,1015.8417721518989,,,1015.0,,,1016.5,,,0.0,,,False,,,False,,,1.3746835443037975,,,0.4,,,2.5,,,171.72151898734177,,,0.0,,,358.0,0.0,0.0,0.0,0.0,,,,,,,,,,,,,89.8095,99.869575,100.56620000000001,1.0,86.15044444444446,101.55666878183546,98.83827328042328,2.888888888888889
2024,5,VER,Red Bull Racing,1.0,25.0,Finished,1,0,15.0,1.0,2.0,10.0,-2.75,3.25,Chinese Grand Prix,40.0,2.0,1.0,2,0,2,2,141.0,4.125,35.25,0.25,0.75,4.125,35.25,0.25,,,,1.0,2.0,Chinese Grand Prix,96.66,,,106.851625,,,102.40475,,,0.3089085625229621,,,3.0,,,,,,,,,,,,,,,,,,,,,,,,,,,,,,,,,39.46829268292684,,,38.2,,,42.1,,,23.142682926829266,,,22.3,,,23.8,,,22.865853658536587,,,21.0,,,25.0,,,1009.3329268292683,,,1008.5,,,1010.1,,,0.0,,,False,,,False,,,1.3536585365853657,,,0.0,,,3.2,,,146.96341463414635,,,0.0,,,356.0,,,,,,,,,,,,,,,,,,,,,,,,,,,,,,,,,,,,,,,,,,,,,,,,,,,,,,,,,,,,,,,,,,,,,,,,,,,,,,,,,,,,,,,,,,,,,,,,,,,,,,,,,,,,,,,,,,,,,,,,,,,,,,,,,1.0,0.0,0.0,0.0,,,,,,,,,,,,,96.66,106.851625,102.40475,3.0,87.06520833333335,101.13489533637659,99.27025496031746,2.4166666666666665
2024,6,VER,Red Bull Racing,2.0,18.0,Finished,1,0,12.0,0.0,2.0,6.0,-1.8,4.6,Miami Grand Prix,30.0,3.0,2.0,1,0,2,2,181.0,3.7,36.2,0.2,0.8,3.7,36.2,0.2,,,,1.0,2.0,Miami Grand Prix,88.595,,,99.33,,,93.46918181818182,,,1.755103462373757,,,1.0,,,,,,,,,,,,,,,,,,,,,,,,,,,,,,,,,49.958441558441564,,,43.4,,,54.9,,,28.780519480519484,,,28.3,,,29.3,,,56.27272727272727,,,53.0,,,59.0,,,1015.31038961039,,,1015.0,,,1015.6,,,0.0,,,False,,,False,,,3.0090909090909084,,,1.3,,,4.7,,,160.14285714285714,,,99.0,,,197.0,,,,,,,,,,,,,,,,,,,,,,,,,,,,,,,,,,,,,,,,,,,,,,,,,,,,,,,,,,,,,,,,,,,,,,,,,,,,,,,,,,,,,,,,,,,,,,,,,,,,,,,,,,,,,,,,,,,,,,,,,,,,,,,,,1.0,0.0,0.0,0.0,,,,,,,,,,,,,88.595,99.33,93.46918181818182,1.0,88.98416666666667,102.27824126910127,99.89715396825397,2.5333333333333337
2024,7,VER,Red Bull Racing,1.0,25.0,Finished,1,0,4.0,0.0,7.0,21.0,-1.1666666666666667,4.833333333333333,Emilia Romagna Grand Prix,29.0,4.5,1.0,1,0,2,2,211.0,3.583333333333333,35.166666666666664,0.1666666666666666,0.8333333333333334,3.583333333333333,35.166666666666664,0.1666666666666666,,,,1.0,1.0,Emilia Romagna Grand Prix,77.24,,,96.56733333333334,,,98.9875,,,23.259513386999313,,,5.0,,,,76.447,,,97.339125,,,90.1241111111111,,,21.942570476384734,,,7.0,,,,76.366,,,89.8294,,,80.95675,,,0.0728851836795386,,,6.0,43.45443037974684,,,42.6,,,44.5,,,23.972151898734175,,,23.3,,,24.6,,,32.53164556962025,,,30.0,,,35.0,,,1006.8518987341771,,,1006.6,,,1007.1,,,0.0,,,False,,,False,,,3.951898734177215,,,2.3,,,5.3,,,301.0506329113924,,,239.0,,,338.0,,,,36.84230769230769,,,35.1,,,39.0,,,24.379487179487178,,,24.0,,,24.7,,,33.94871794871795,,,29.0,,,36.0,,,1006.4525641025638,,,1006.2,,,1006.7,,,0.0,,,False,,,False,,,2.5230769230769234,,,0.5,,,4.6,,,284.1923076923077,,,2.0,,,350.0,,,,44.48076923076923,,,42.4,,,45.9,,,23.603846153846156,,,23.0,,,24.3,,,41.32051282051282,,,39.0,,,44.0,,,1009.2435897435897,,,1008.9,,,1009.5,,,0.0,,,False,,,False,,,1.9025641025641027,,,0.7,,,3.8,,,137.17948717948718,,,0.0,,,354.0,0.0,0.0,0.0,0.0,,,,,,,,,,,,,76.68433333333333,94.57861944444444,90.02278703703705,6.0,88.91930555555557,101.78686772425107,98.82582527657529,2.277777777777778
2024,8,VER,Red Bull Racing,6.0,8.0,Finished,0,0,0.0,0.0,12.0,8.0,0.0,7.142857142857143,Monaco Grand Prix,8.0,12.0,6.0,0,1,1,2,240.0,3.7142857142857135,34.285714285714285,0.1428571428571428,0.8571428571428572,3.7142857142857135,34.285714285714285,0.1428571428571428,,,,1.0,1.0,Monaco Grand Prix,72.984,,,87.2745,,,86.62028571428571,,,13.960790232102262,,,11.0,,,,71.813,,,82.3694,,,85.3721,,,12.343242086709271,,,4.0,,,,71.566,,,93.02239130434783,,,96.69841666666666,,,22.65038359080495,,,2.0,35.56103896103896,,,32.5,,,38.6,,,20.71688311688312,,,19.9,,,21.5,,,66.72727272727273,,,61.0,,,72.0,,,1018.2766233766234,,,1017.7,,,1018.7,,,0.09090909090909091,,,False,,,True,,,0.7467532467532466,,,0.0,,,1.5,,,156.16883116883116,,,0.0,,,359.0,,,,31.30246913580247,,,29.9,,,32.5,,,20.76172839506173,,,20.2,,,21.3,,,66.44444444444444,,,63.0,,,70.0,,,1017.1432098765433,,,1016.8,,,1017.5,,,0.0,,,False,,,False,,,0.7901234567901234,,,0.0,,,1.7,,,144.09876543209876,,,0.0,,,348.0,,,,46.86202531645569,,,45.0,,,48.5,,,21.67468354430379,,,21.3,,,22.0,,,57.40506329113924,,,55.0,,,61.0,,,1017.5379746835443,,,1017.4,,,1017.7,,,0.0,,,False,,,False,,,0.8240506329113924,,,0.0,,,1.6,,,190.30379746835442,,,0.0,,,359.0,0.0,0.0,0.0,0.0,,,,,,,,,,,,,72.121,87.55543043478262,89.56360079365079,5.666666666666667,87.17145238095237,100.75711796999296,97.56824838521267,2.8095238095238098
2024,9,VER,Red Bull Racing,1.0,25.0,Finished,1,0,0.0,0.0,17.0,25.0,1.5,7.25,Canadian Grand Prix,25.0,9.5,1.0,1,1,1,2,248.0,4.75,31.0,0.25,0.75,4.75,31.0,0.25,,,,1.0,2.0,Canadian Grand Prix,86.502,,,96.62500000000001,,,94.73,,,7.959660608342542,,,5.0,,,,79.311,,,79.311,,,79.311,,,,,,18.0,,,,72.923,,,91.46050000000001,,,78.28077777777779,,,0.3702998034626018,,,2.0,28.68205128205127,,,25.5,,,32.2,,,18.237179487179485,,,17.2,,,19.3,,,83.57692307692308,,,77.0,,,89.0,,,998.6589743589747,,,998.2,,,999.5,,,0.1794871794871795,,,False,,,True,,,1.2474358974358977,,,0.0,,,2.8,,,226.64102564102564,,,0.0,,,355.0,,,,25.546249999999997,,,23.8,,,27.1,,,18.99625,,,18.1,,,19.6,,,68.5,,,64.0,,,72.0,,,999.23375,,,998.8,,,999.7,,,0.8875,,,False,,,True,,,1.2925,,,0.3,,,2.9,,,151.95,,,0.0,,,337.0,,,,36.4,,,32.2,,,39.1,,,20.854320987654322,,,19.9,,,21.6,,,61.925925925925924,,,59.0,,,64.0,,,1000.5185185185185,,,1000.2,,,1000.8,,,0.0,,,False,,,False,,,1.6790123456790123,,,0.8,,,2.9,,,157.17283950617283,,,0.0,,,348.0,0.0,0.0,0.0,0.0,,,,,,,,,,,,,79.57866666666666,89.13216666666669,84.10725925925927,8.333333333333334,85.29014583333333,99.10690702809168,96.56766743626744,3.166666666666667
2024,10,VER,Red Bull Racing,1.0,25.0,Finished,1,0,4.0,0.0,7.0,21.0,3.2222222222222223,9.22222222222222,Spanish Grand Prix,29.0,4.5,1.0,1,0,2,2,273.0,5.277777777777778,30.33333333333333,0.3333333333333333,0.6666666666666667,5.277777777777778,30.33333333333333,0.3333333333333333,,,,1.0,3.0,Spanish Grand Prix,74.252,,,79.2992857142857,,,80.560875,,,0.6565410307056244,,,2.0,,,,73.504,,,81.80815789473684,,,80.50550000000001,,,1.7230104952282366,,,5.0,,,,73.087,,,90.04075,,,80.41333333333334,,,0.26957373759325864,,,4.0,47.092592592592595,,,45.3,,,48.0,,,28.16543209876543,,,27.5,,,28.5,,,33.666666666666664,,,29.0,,,38.0,,,1004.3987654320988,,,1004.1,,,1004.6,,,0.0,,,False,,,False,,,2.0950617283950614,,,0.0,,,3.5,,,214.14814814814815,,,0.0,,,276.0,,,,43.05185185185185,,,41.2,,,44.2,,,24.86543209876543,,,24.5,,,25.6,,,49.901234567901234,,,45.0,,,56.0,,,1004.495061728395,,,1004.3,,,1004.7,,,0.0,,,False,,,False,,,1.8407407407407406,,,0.8,,,2.9,,,205.08641975308643,,,0.0,,,340.0,,,,43.355000000000004,,,38.9,,,46.3,,,26.441250000000004,,,26.0,,,26.9,,,57.7125,,,47.0,,,62.0,,,1004.5975000000001,,,1004.3,,,1005.0,,,0.0,,,False,,,False,,,1.6612500000000001,,,0.4,,,2.7,,,218.975,,,0.0,,,355.0,0.0,0.0,0.0,0.0,,,,,,,,,,,,,73.61433333333333,83.71606453634085,80.49323611111112,3.6666666666666665,84.65553703703705,97.9986025434889,95.18317763882209,3.7407407407407414
2024,11,VER,Red Bull Racing,5.0,10.0,Finished,0,0,6.0,0.0,2.0,4.0,3.6,10.4,Austrian Grand Prix,16.0,6.0,5.0,0,0,2,2,302.0,5.2,30.2,0.3,0.7,5.2,30.2,0.3,,,,1.0,3.0,Austrian Grand Prix,65.685,,,80.45418749999999,,,90.14783333333332,,,25.32302027339287,,,1.0,,,,,,,,,,,,,,,,,,,,,,,,,,,,,,,,,36.88354430379747,,,30.7,,,42.5,,,23.24430379746836,,,21.9,,,24.5,,,59.54430379746835,,,56.0,,,64.0,,,940.7518987341775,,,940.5,,,940.9,,,0.0,,,False,,,False,,,2.6,,,0.7,,,4.0,,,104.36708860759494,,,0.0,,,142.0,,,,,,,,,,,,,,,,,,,,,,,,,,,,,,,,,,,,,,,,,,,,,,,,,,,,,,,,,,,,,,,,,,,,,,,,,,,,,,,,,,,,,,,,,,,,,,,,,,,,,,,,,,,,,,,,,,,,,,,,,,,,,,,,,1.0,0.0,0.0,0.0,,,,,,,,,,,,,65.685,80.45418749999999,90.14783333333332,1.0,83.55141666666667,96.57034874277409,93.71418348605098,3.7333333333333334
2024,12,VER,Red Bull Racing,2.0,18.0,Finished,1,0,0.0,0.0,15.0,18.0,3.4545454545454546,9.818181818181818,British Grand Prix,18.0,9.5,2.0,1,0,2,2,318.0,5.2727272727272725,28.90909090909091,0.2727272727272727,0.7272727272727273,5.2727272727272725,28.90909090909091,0.2727272727272727,,,,1.0,1.0,British Grand Prix,87.729,,,100.0944705882353,,,97.9616,,,15.70652908258926,,,4.0,,,,87.233,,,92.16884615384616,,,93.01190909090909,,,1.9673715182723106,,,7.0,,,,98.393,,,103.265,,,105.77440000000001,,,9.253108845139565,,,5.0,24.554320987654318,,,21.2,,,28.1,,,16.386419753086418,,,15.6,,,17.2,,,75.61728395061728,,,72.0,,,81.0,,,989.422222222222,,,989.2,,,989.6,,,0.0,,,False,,,False,,,1.3691358024691358,,,0.3,,,3.2,,,213.44444444444446,,,0.0,,,353.0,,,,29.296296296296298,,,25.0,,,32.7,,,18.319753086419755,,,17.5,,,18.9,,,67.5679012345679,,,61.0,,,74.0,,,987.8740740740741,,,987.4,,,988.5,,,0.1728395061728395,,,False,,,True,,,1.7185185185185183,,,0.5,,,2.9,,,223.8148148148148,,,0.0,,,289.0,,,,16.291463414634144,,,15.7,,,17.7,,,11.173170731707318,,,10.7,,,11.6,,,89.42682926829268,,,87.0,,,92.0,,,984.439024390244,,,983.7,,,985.1,,,0.6585365853658537,,,False,,,True,,,2.296341463414634,,,1.0,,,4.2,,,233.8170731707317,,,0.0,,,277.0,0.0,0.0,0.0,0.0,,,,,,,,,,,,,91.11833333333334,98.50943891402716,98.9159696969697,5.333333333333333,81.92719696969696,95.10524317524919,93.38996983580392,3.484848484848485
2024,13,VER,Red Bull Racing,5.0,10.0,Finished,0,0,6.0,0.0,2.0,4.0,4.416666666666667,10.5,Hungarian Grand Prix,16.0,6.0,5.0,0,0,2,2,336.0,5.625,28.0,0.25,0.75,5.625,28.0,0.25,,,,1.0,2.0,Hungarian Grand Prix,78.989,,,83.41816666666666,,,78.989,,,,,,2.0,,,,78.031,,,85.63433333333334,,,87.96044444444445,,,10.010443672873734,,,2.0,,,,76.379,,,88.17035294117647,,,83.4946,,,0.9774965984595543,,,3.0,58.49878048780489,,,56.9,,,60.6,,,31.00487804878049,,,30.4,,,31.8,,,38.0,,,34.0,,,40.0,,,990.5731707317075,,,990.1,,,991.0,,,0.0,,,False,,,False,,,1.2621951219512195,,,0.3,,,3.8,,,207.78048780487805,,,0.0,,,345.0,,,,45.81975308641975,,,41.5,,,49.8,,,31.196296296296293,,,30.5,,,31.9,,,37.17283950617284,,,35.0,,,40.0,,,988.1012345679012,,,987.7,,,988.6,,,0.0,,,False,,,False,,,1.008641975308642,,,0.0,,,2.5,,,162.4320987654321,,,0.0,,,284.0,,,,39.0575,,,36.9,,,41.3,,,26.839999999999996,,,26.6,,,27.1,,,42.9375,,,42.0,,,44.0,,,984.8787500000001,,,984.6,,,985.2,,,0.0,,,False,,,False,,,0.92875,,,0.0,,,1.9,,,218.125,,,0.0,,,338.0,0.0,0.0,0.0,0.0,,,,,,,,,,,,,77.79966666666667,85.74095098039216,83.48134814814814,2.3333333333333335,82.693125,95.38892615348067,93.85046982423442,3.6388888888888893
2024,14,VER,Red Bull Racing,4.0,12.0,Finished,0,0,7.0,0.0,3.0,5.0,4.230769230769231,10.0,Belgian Grand Prix,19.0,5.5,4.0,0,0,2,2,352.0,5.653846153846154,27.07692307692308,0.2307692307692307,0.7692307692307692,5.653846153846154,27.07692307692308,0.2307692307692307,,,,1.0,3.0,Belgian Grand Prix,103.372,,,107.88907692307693,,,109.83866666666667,,,0.4198712501073004,,,1.0,,,,102.477,,,109.83743750000001,,,109.5535,,,1.0399688182138587,,,3.0,,,,121.565,,,122.3985,,,122.3985,,,1.1787470042379757,,,1.0,38.3867469879518,,,35.2,,,40.9,,,22.012048192771083,,,21.4,,,22.5,,,60.855421686746986,,,58.0,,,65.0,,,964.7867469879518,,,964.5,,,965.0,,,0.012048192771084338,,,False,,,True,,,1.5518072289156624,,,0.0,,,4.0,,,156.0120481927711,,,0.0,,,359.0,,,,35.19024390243902,,,33.3,,,36.9,,,21.78170731707317,,,21.2,,,22.2,,,64.3048780487805,,,62.0,,,67.0,,,965.0170731707318,,,964.8,,,965.2,,,0.0,,,False,,,False,,,1.2378048780487805,,,0.4,,,2.7,,,134.90243902439025,,,0.0,,,358.0,,,,21.782926829268295,,,21.2,,,22.9,,,18.108536585365854,,,17.8,,,18.7,,,92.91463414634147,,,89.0,,,96.0,,,965.8914634146339,,,965.7,,,966.0,,,0.8902439024390244,,,False,,,True,,,1.423170731707317,,,0.5,,,2.4,,,156.6829268292683,,,102.0,,,244.0,0.0,0.0,0.0,0.0,,,,,,,,,,,,,109.13799999999999,113.37500480769232,113.93022222222221,1.6666666666666667,82.31670512820513,94.64677421708924,93.05284507992009,3.5384615384615383
2024,15,VER,Red Bull Racing,2.0,18.0,Finished,1,0,8.0,0.0,4.0,10.0,4.142857142857143,9.642857142857142,Dutch Grand Prix,26.0,4.0,2.0,1,0,2,2,371.0,5.642857142857143,26.5,0.2142857142857142,0.7857142857142857,5.642857142857143,26.5,0.2142857142857142,,,,1.0,3.0,Dutch Grand Prix,72.523,,,96.44866666666667,,,99.29485714285715,,,27.384498263485806,,,2.0,,,,70.986,,,78.27726086956521,,,79.29554545454545,,,11.08965064700991,,,5.0,,,,84.36,,,84.36,,,84.36,,,,,,17.0,21.725925925925925,,,20.3,,,23.8,,,20.233333333333334,,,19.4,,,21.3,,,83.87654320987654,,,75.0,,,92.0,,,1003.335802469136,,,1002.6,,,1004.1,,,0.14814814814814814,,,False,,,True,,,7.109876543209876,,,4.7,,,9.6,,,223.8395061728395,,,204.0,,,242.0,,,,31.169620253164563,,,29.8,,,31.9,,,21.37721518987342,,,21.1,,,21.6,,,62.51898734177215,,,60.0,,,65.0,,,1006.8721518987339,,,1006.2,,,1007.4,,,0.0,,,False,,,False,,,5.472151898734178,,,4.3,,,7.0,,,207.31645569620252,,,187.0,,,230.0,,,,21.572151898734177,,,19.3,,,25.1,,,19.350632911392406,,,17.5,,,21.4,,,94.20253164556962,,,88.0,,,96.0,,,1004.4113924050635,,,1004.0,,,1004.7,,,0.21518987341772153,,,False,,,True,,,1.9759493670886072,,,0.0,,,3.5,,,209.34177215189874,,,0.0,,,244.0,0.0,0.0,0.0,0.0,,,,,,,,,,,,,75.95633333333335,86.36197584541064,87.6501341991342,8.0,84.23251190476189,95.9845049735609,94.54408630437024,3.404761904761905
2024,16,VER,Red Bull Racing,6.0,8.0,Finished,0,0,4.0,0.0,2.0,4.0,4.133333333333334,9.666666666666666,Italian Grand Prix,12.0,7.0,6.0,0,0,2,2,397.0,5.533333333333333,26.466666666666665,0.2,0.8,5.533333333333333,26.466666666666665,0.2,,,,1.0,3.0,Italian Grand Prix,81.676,,,99.30022222222222,,,100.15033333333334,,,28.81020260833536,,,1.0,,,,81.61,,,93.89464705882354,,,89.18084615384616,,,11.987453078435477,,,14.0,,,,80.368,,,87.73085714285716,,,86.05611111111111,,,2.3307459344834425,,,6.0,50.81358024691359,,,48.7,,,52.1,,,32.7641975308642,,,32.2,,,33.4,,,38.135802469135804,,,36.0,,,40.0,,,996.3456790123457,,,995.9,,,996.7,,,0.0,,,False,,,False,,,1.0333333333333334,,,0.0,,,2.1,,,192.23456790123456,,,0.0,,,357.0,,,,44.350632911392395,,,41.6,,,48.0,,,34.029113924050634,,,33.7,,,34.4,,,32.177215189873415,,,31.0,,,34.0,,,994.7316455696205,,,994.5,,,995.0,,,0.0,,,False,,,False,,,1.092405063291139,,,0.0,,,2.9,,,213.26582278481013,,,0.0,,,357.0,,,,46.333333333333336,,,43.3,,,48.5,,,31.627160493827162,,,30.9,,,32.4,,,41.7037037037037,,,35.0,,,46.0,,,997.4049382716049,,,997.2,,,997.6,,,0.0,,,False,,,False,,,1.1246913580246913,,,0.0,,,2.3,,,206.4814814814815,,,0.0,,,351.0,0.0,0.0,0.0,0.0,,,,,,,,,,,,,81.218,93.64190880796764,91.79576353276354,7.0,83.68076666666667,95.34300303168422,94.0844894973545,3.7111111111111112
2024,17,VER,Red Bull Racing,5.0,10.0,Finished,0,0,0.0,0.0,12.0,10.0,4.2,9.4,Azerbaijan Grand Prix,10.0,11.0,5.0,0,1,1,2,409.0,5.625,25.5625,0.1875,0.8125,5.9,24.33333333333333,0.2,,,,2.0,3.0,Azerbaijan Grand Prix,105.546,,,106.96442857142858,,,105.7205,,,0.2467802666340977,,,1.0,,,,104.029,,,115.81899999999999,,,111.12266666666667,,,2.278764632426965,,,6.0,,,,102.862,,,116.35057142857143,,,121.13220000000001,,,17.798737306337213,,,5.0,43.68478260869565,,,39.8,,,46.2,,,29.195652173913032,,,28.0,,,30.6,,,39.09782608695652,,,26.0,,,50.0,,,1015.1771739130434,,,1014.9,,,1015.6,,,0.0,,,False,,,False,,,1.6956521739130432,,,0.5,,,3.5,,,119.3695652173913,,,0.0,,,353.0,,,,36.34878048780487,,,32.9,,,41.2,,,28.52926829268293,,,27.5,,,29.2,,,33.09756097560975,,,27.0,,,47.0,,,1015.0731707317074,,,1014.8,,,1015.3,,,0.0,,,False,,,False,,,1.224390243902439,,,0.0,,,2.6,,,115.8170731707317,,,0.0,,,358.0,,,,31.889024390243897,,,31.0,,,33.1,,,26.991463414634143,,,26.7,,,27.3,,,39.40243902439025,,,35.0,,,44.0,,,1016.6475609756096,,,1016.3,,,1016.9,,,0.35365853658536583,,,False,,,True,,,0.7658536585365854,,,0.0,,,1.7,,,125.02439024390245,,,0.0,,,357.0,0.0,0.0,0.0,0.0,,,,,,,,,,,,,104.14566666666667,113.04466666666667,112.65845555555556,4.0,82.98083333333332,94.51529077937589,93.19763166938,3.8444444444444446
2024,18,VER,Red Bull Racing,2.0,18.0,Finished,1,0,1.0,0.0,8.0,17.0,4.933333333333334,9.6,Singapore Grand Prix,19.0,6.0,2.0,1,0,2,2,419.0,5.941176470588236,24.647058823529413,0.2352941176470588,0.7647058823529411,6.533333333333333,22.133333333333333,0.2666666666666666,,,,2.0,3.0,Singapore Grand Prix,92.097,,,105.11899999999999,,,105.87671428571427,,,17.429240418659344,,,4.0,,,,92.021,,,103.75014285714285,,,103.71744444444444,,,11.75009371357428,,,15.0,,,,90.54,,,95.98683333333334,,,91.83699999999999,,,0.2927422074112267,,,4.0,37.114999999999995,,,35.6,,,38.8,,,31.35,,,31.2,,,31.5,,,64.4375,,,63.0,,,67.0,,,1005.6075000000001,,,1005.3,,,1005.9,,,0.0,,,False,,,False,,,2.44875,,,1.2,,,3.4,,,187.9,,,177.0,,,214.0,,,,32.95000000000001,,,32.3,,,33.6,,,30.181707317073165,,,30.0,,,30.3,,,73.98780487804878,,,73.0,,,75.0,,,1008.1158536585366,,,1007.8,,,1008.6,,,0.0,,,False,,,False,,,1.6597560975609755,,,1.1,,,2.4,,,203.09756097560975,,,171.0,,,222.0,,,,37.0670731707317,,,34.9,,,38.6,,,30.06219512195122,,,29.9,,,30.2,,,75.13414634146342,,,74.0,,,77.0,,,1006.7951219512195,,,1006.6,,,1007.0,,,0.0,,,False,,,False,,,0.4817073170731707,,,0.0,,,1.5,,,199.15853658536585,,,0.0,,,323.0,0.0,0.0,0.0,0.0,,,,,,,,,,,,,91.55266666666667,101.61865873015871,100.4770529100529,7.666666666666667,83.98545555555556,95.05293800159811,93.93044944715778,4.0
2024,19,VER,Red Bull Racing,3.0,15.0,Finished,1,0,6.0,0.0,4.0,9.0,6.4,11.4,United States Grand Prix,21.0,5.0,3.0,1,0,2,2,438.0,5.944444444444445,24.33333333333333,0.2222222222222222,0.7777777777777778,6.133333333333334,22.73333333333333,0.2,,,,2.0,3.0,United States Grand Prix,93.855,,,101.59366666666669,,,106.06257142857143,,,14.664097390760679,,,3.0,,,,,,,,,,,,,,,,,,,,,,,,,,,,,,,,,36.703703703703695,,,33.9,,,38.7,,,25.27777777777778,,,23.5,,,26.4,,,52.24691358024691,,,47.0,,,56.0,,,1004.1839506172839,,,1003.5,,,1005.0,,,0.0,,,False,,,False,,,3.34074074074074,,,1.4,,,5.4,,,158.8641975308642,,,128.0,,,186.0,,,,,,,,,,,,,,,,,,,,,,,,,,,,,,,,,,,,,,,,,,,,,,,,,,,,,,,,,,,,,,,,,,,,,,,,,,,,,,,,,,,,,,,,,,,,,,,,,,,,,,,,,,,,,,,,,,,,,,,,,,,,,,,,,1.0,0.0,0.0,0.0,,,,,,,,,,,,,93.855,101.59366666666669,106.06257142857143,3.0,84.91176666666667,95.58535155563665,94.64558630782797,4.377777777777778
2024,20,VER,Red Bull Racing,6.0,8.0,Finished,0,0,0.0,0.0,11.0,8.0,6.6,11.466666666666669,Mexico City Grand Prix,8.0,11.5,6.0,0,0,2,2,459.0,5.894736842105263,24.157894736842103,0.2105263157894736,0.7894736842105263,6.366666666666666,21.2,0.2,,,,2.0,3.0,Mexico City Grand Prix,78.839,,,81.49033333333334,,,83.016,,,0.6388434863094415,,,4.0,,,,,,,,,,,,,,,,,,,,77.003,,,87.4764375,,,82.49233333333333,,,1.0721572879013603,,,4.0,45.61772151898734,,,42.1,,,48.6,,,19.534177215189874,,,17.6,,,21.1,,,45.139240506329116,,,34.0,,,57.0,,,784.5962025316454,,,784.0,,,785.2,,,0.0,,,False,,,False,,,1.6050632911392404,,,0.6,,,3.9,,,208.873417721519,,,0.0,,,344.0,,,,37.789908256880736,,,31.3,,,42.9,,,22.755963302752296,,,22.1,,,23.0,,,27.513761467889907,,,19.0,,,34.0,,,783.3422018348625,,,783.2,,,783.6,,,0.0,,,False,,,False,,,1.4238532110091744,,,0.0,,,3.1,,,255.9724770642202,,,0.0,,,358.0,,,,32.757831325301204,,,29.0,,,38.0,,,18.249397590361443,,,16.9,,,19.7,,,53.855421686746986,,,50.0,,,59.0,,,787.2807228915663,,,786.6,,,787.9,,,0.0,,,False,,,False,,,1.5783132530120483,,,0.0,,,3.8,,,265.90361445783134,,,0.0,,,357.0,0.0,0.0,0.0,0.0,,,,,,,,,,,,,77.92099999999999,84.48338541666666,82.75416666666666,4.0,85.18146666666668,95.70029100008111,95.01201106973275,4.511111111111111
2024,21,VER,Red Bull Racing,1.0,26.0,Finished,1,0,0.0,0.0,10.0,26.0,7.2,11.333333333333334,São Paulo Grand Prix,26.0,6.0,1.0,1,0,2,2,467.0,6.175,23.35,0.2,0.8,7.0,19.066666666666663,0.2,,,,3.0,3.0,São Paulo Grand Prix,71.712,,,79.3785,,,75.43285714285715,,,0.5832010943778424,,,15.0,,,,,,,,,,,,,,,,,,,,,,,,,,,,,,,,,54.140243902439025,,,49.7,,,57.5,,,26.103658536585368,,,25.7,,,26.4,,,54.9390243902439,,,48.0,,,59.0,,,928.0024390243904,,,927.6,,,928.4,,,0.0,,,False,,,False,,,1.0865853658536584,,,0.0,,,2.1,,,180.59756097560975,,,0.0,,,350.0,,,,,,,,,,,,,,,,,,,,,,,,,,,,,,,,,,,,,,,,,,,,,,,,,,,,,,,,,,,,,,,,,,,,,,,,,,,,,,,,,,,,,,,,,,,,,,,,,,,,,,,,,,,,,,,,,,,,,,,,,,,,,,,,,1.0,0.0,0.0,0.0,,,,,,,,,,,,,71.712,79.3785,75.43285714285715,15.0,83.9322,94.20907502785889,93.70197218084385,4.577777777777778
2024,22,VER,Red Bull Racing,5.0,10.0,Finished,0,0,1.0,0.0,5.0,9.0,7.733333333333333,12.666666666666666,Las Vegas Grand Prix,11.0,7.5,5.0,0,0,2,2,493.0,6.166666666666667,23.476190476190474,0.1904761904761904,0.8095238095238095,7.2,18.8,0.2,,,,3.0,3.0,Las Vegas Grand Prix,96.038,,,116.93924999999999,,,114.63591666666667,,,14.485425587360897,,,5.0,,,,95.834,,,106.0692105263158,,,104.56020000000001,,,13.725208978777381,,,17.0,,,,94.137,,,106.12100000000001,,,103.052875,,,3.445495379581039,,,5.0,15.683132530120483,,,14.9,,,16.5,,,14.065060240963856,,,13.3,,,14.6,,,19.626506024096386,,,17.0,,,22.0,,,947.4734939759037,,,947.2,,,947.7,,,0.0,,,False,,,False,,,0.9951807228915662,,,0.5,,,1.7,,,212.16867469879517,,,146.0,,,242.0,,,,12.870987654320986,,,12.6,,,13.2,,,11.146296296296295,,,10.8,,,11.5,,,24.290123456790123,,,23.0,,,26.0,,,947.783950617284,,,947.6,,,948.0,,,0.0,,,False,,,False,,,0.9117283950617283,,,0.4,,,1.4,,,216.62345679012347,,,184.0,,,260.0,,,,16.830487804878047,,,16.1,,,17.7,,,14.853658536585366,,,14.2,,,15.3,,,18.573170731707318,,,17.0,,,20.0,,,942.1670731707317,,,942.0,,,942.4,,,0.0,,,False,,,False,,,0.6524390243902439,,,0.0,,,1.5,,,178.41463414634146,,,0.0,,,310.0,0.0,0.0,0.0,0.0,,,,,,,,,,,,,95.33633333333334,109.70982017543861,107.41633055555558,9.0,82.80666666666666,92.87897502785889,92.49955053582221,5.511111111111111
2024,23,VER,Red Bull Racing,1.0,25.0,Finished,1,0,0.0,0.0,16.0,25.0,7.6,11.866666666666667,Qatar Grand Prix,25.0,9.0,1.0,1,1,1,2,504.0,6.227272727272728,22.90909090909091,0.1818181818181818,0.8181818181818181,7.4,17.6,0.2,,,,3.0,3.0,,,,,,,,,,,,,,,,,,,,,,,,,,,,,,,,,,,,,,,,,,,,,,,,,,,,,,,,,,,,,,,,,,,,,,,,,,,,,,,,,,,,,,,,,,,,,,,,,,,,,,,,,,,,,,,,,,,,,,,,,,,,,,,,,,,,,,,,,,,,,,,,,,,,,,,,,,,,,,,,,,,,,,,,,,,,,,,,,,,,,,,,,,,,,,,,,,,,,,,,,,,,,,,,,,,,,,,,,,,,,,,,,,,,,,,,,,,,,,,,,,,,,,,,,,,,,,,,,,,
2024,24,VER,Red Bull Racing,6.0,8.0,Finished,0,0,0.0,0.0,14.0,8.0,7.866666666666666,13.0,Abu Dhabi Grand Prix,8.0,13.0,6.0,0,1,1,2,529.0,6.3478260869565215,23.0,0.217391304347826,0.782608695652174,7.2,18.73333333333333,0.2,,,,3.0,3.0,,,,,,,,,,,,,,,,,,,,,,,,,,,,,,,,,,,,,,,,,,,,,,,,,,,,,,,,,,,,,,,,,,,,,,,,,,,,,,,,,,,,,,,,,,,,,,,,,,,,,,,,,,,,,,,,,,,,,,,,,,,,,,,,,,,,,,,,,,,,,,,,,,,,,,,,,,,,,,,,,,,,,,,,,,,,,,,,,,,,,,,,,,,,,,,,,,,,,,,,,,,,,,,,,,,,,,,,,,,,,,,,,,,,,,,,,,,,,,,,,,,,,,,,,,,,,,,,,,,
2025,1,VER,Red Bull Racing,2.0,18.0,Finished,1,0,0.0,0.0,13.0,18.0,7.666666666666667,11.866666666666667,Australian Grand Prix,18.0,8.5,2.0,1,1,1,2,0.0,,,,,,,,12.0,10.0,0.0,1.0,,,,,,,,,,,,,,,,,,,,,,,,,,,,,,,,,,,,,,,,,,,,,,,,,,,,,,,,,,,,,,,,,,,,,,,,,,,,,,,,,,,,,,,,,,,,,,,,,,,,,,,,,,,,,,,,,,,,,,,,,,,,,,,,,,,,,,,,,,,,,,,,,,,,,,,,,,,,,,,,,,,,,,,,,,,,,,,,,,,,,,,,,,,,,,,,,,,,,,,,,,,,,,,,,,,,,,,,,,,,,,,,,,,,,,,,,,,,,,,,,,,,,,,,,,,,,,,,,,,,
2025,2,VER,Red Bull Racing,4.0,12.0,Finished,0,0,0.0,0.0,8.0,12.0,8.066666666666666,11.666666666666666,Chinese Grand Prix,12.0,8.0,4.0,0,0,2,2,18.0,8.5,18.0,1.0,0.0,8.5,18.0,1.0,2.0,40.0,2.0,3.0,3.0,,,,,,,,,,,,,,,,,,,,,,,,,,,,,,,,,,,,,,,,,,,,,,,,,,,,,,,,,,,,,,,,,,,,,,,,,,,,,,,,,,,,,,,,,,,,,,,,,,,,,,,,,,,,,,,,,,,,,,,,,,,,,,,,,,,,,,,,,,,,,,,,,,,,,,,,,,,,,,,,,,,,,,,,,,,,,,,,,,,,,,,,,,,,,,,,,,,,,,,,,,,,,,,,,,,,,,,,,,,,,,,,,,,,,,,,,,,,,,,,,,,,,,,,,,,,,,,,,,,
2025,3,VER,Red Bull Racing,1.0,25.0,Finished,1,0,0.0,0.0,11.0,25.0,8.466666666666667,12.2,Japanese Grand Prix,25.0,6.5,1.0,1,0,2,2,30.0,8.25,15.0,0.5,0.5,8.25,15.0,0.5,1.5,44.0,2.0,3.0,3.0,,,,,,,,,,,,,,,,,,,,,,,,,,,,,,,,,,,,,,,,,,,,,,,,,,,,,,,,,,,,,,,,,,,,,,,,,,,,,,,,,,,,,,,,,,,,,,,,,,,,,,,,,,,,,,,,,,,,,,,,,,,,,,,,,,,,,,,,,,,,,,,,,,,,,,,,,,,,,,,,,,,,,,,,,,,,,,,,,,,,,,,,,,,,,,,,,,,,,,,,,,,,,,,,,,,,,,,,,,,,,,,,,,,,,,,,,,,,,,,,,,,,,,,,,,,,,,,,,,,
2025,4,VER,Red Bull Racing,6.0,8.0,Finished,0,0,2.0,0.0,3.0,6.0,8.2,12.666666666666666,Bahrain Grand Prix,10.0,7.5,6.0,0,0,2,2,55.0,7.666666666666667,18.33333333333333,0.3333333333333333,0.6666666666666667,7.666666666666667,18.33333333333333,0.3333333333333333,1.5,44.0,2.0,3.0,3.0,,,,,,,,,,,,,,,,,,,,,,,,,,,,,,,,,,,,,,,,,,,,,,,,,,,,,,,,,,,,,,,,,,,,,,,,,,,,,,,,,,,,,,,,,,,,,,,,,,,,,,,,,,,,,,,,,,,,,,,,,,,,,,,,,,,,,,,,,,,,,,,,,,,,,,,,,,,,,,,,,,,,,,,,,,,,,,,,,,,,,,,,,,,,,,,,,,,,,,,,,,,,,,,,,,,,,,,,,,,,,,,,,,,,,,,,,,,,,,,,,,,,,,,,,,,,,,,,,,,
2025,5,VER,Red Bull Racing,2.0,18.0,Finished,1,0,0.0,0.0,17.0,18.0,8.266666666666667,12.8,Saudi Arabian Grand Prix,18.0,10.5,2.0,1,1,1,2,65.0,7.625,16.25,0.25,0.75,7.625,16.25,0.25,1.5,43.0,2.0,3.0,3.0,,,,,,,,,,,,,,,,,,,,,,,,,,,,,,,,,,,,,,,,,,,,,,,,,,,,,,,,,,,,,,,,,,,,,,,,,,,,,,,,,,,,,,,,,,,,,,,,,,,,,,,,,,,,,,,,,,,,,,,,,,,,,,,,,,,,,,,,,,,,,,,,,,,,,,,,,,,,,,,,,,,,,,,,,,,,,,,,,,,,,,,,,,,,,,,,,,,,,,,,,,,,,,,,,,,,,,,,,,,,,,,,,,,,,,,,,,,,,,,,,,,,,,,,,,,,,,,,,,,
2025,6,VER,Red Bull Racing,4.0,12.0,Finished,0,0,1.0,0.0,6.0,11.0,9.2,13.666666666666666,Miami Grand Prix,13.0,7.0,4.0,0,0,2,2,83.0,8.2,16.6,0.4,0.6,8.2,16.6,0.4,3.0,30.0,1.0,3.0,3.0,,,,,,,,,,,,,,,,,,,,,,,,,,,,,,,,,,,,,,,,,,,,,,,,,,,,,,,,,,,,,,,,,,,,,,,,,,,,,,,,,,,,,,,,,,,,,,,,,,,,,,,,,,,,,,,,,,,,,,,,,,,,,,,,,,,,,,,,,,,,,,,,,,,,,,,,,,,,,,,,,,,,,,,,,,,,,,,,,,,,,,,,,,,,,,,,,,,,,,,,,,,,,,,,,,,,,,,,,,,,,,,,,,,,,,,,,,,,,,,,,,,,,,,,,,,,,,,,,,,
2025,7,VER,Red Bull Racing,1.0,25.0,Finished,1,0,1.0,0.0,9.0,24.0,9.333333333333334,13.733333333333333,Emilia Romagna Grand Prix,26.0,5.5,1.0,1,0,2,2,96.0,8.0,16.0,0.3333333333333333,0.6666666666666667,8.0,16.0,0.3333333333333333,4.5,29.0,1.0,3.0,3.0,,,,,,,,,,,,,,,,,,,,,,,,,,,,,,,,,,,,,,,,,,,,,,,,,,,,,,,,,,,,,,,,,,,,,,,,,,,,,,,,,,,,,,,,,,,,,,,,,,,,,,,,,,,,,,,,,,,,,,,,,,,,,,,,,,,,,,,,,,,,,,,,,,,,,,,,,,,,,,,,,,,,,,,,,,,,,,,,,,,,,,,,,,,,,,,,,,,,,,,,,,,,,,,,,,,,,,,,,,,,,,,,,,,,,,,,,,,,,,,,,,,,,,,,,,,,,,,,,,,
2025,8,VER,Red Bull Racing,4.0,12.0,Finished,0,0,0.0,0.0,13.0,12.0,9.8,15.066666666666666,Monaco Grand Prix,12.0,10.5,4.0,0,0,2,2,122.0,7.642857142857143,17.428571428571427,0.2857142857142857,0.7142857142857143,7.642857142857143,17.428571428571427,0.2857142857142857,12.0,8.0,0.0,3.0,3.0,,,,,,,,,,,,,,,,,,,,,,,,,,,,,,,,,,,,,,,,,,,,,,,,,,,,,,,,,,,,,,,,,,,,,,,,,,,,,,,,,,,,,,,,,,,,,,,,,,,,,,,,,,,,,,,,,,,,,,,,,,,,,,,,,,,,,,,,,,,,,,,,,,,,,,,,,,,,,,,,,,,,,,,,,,,,,,,,,,,,,,,,,,,,,,,,,,,,,,,,,,,,,,,,,,,,,,,,,,,,,,,,,,,,,,,,,,,,,,,,,,,,,,,,,,,,,,,,,,,
2025,9,VER,Red Bull Racing,10.0,1.0,Finished,0,0,0.0,0.0,3.0,1.0,9.866666666666667,15.2,Spanish Grand Prix,1.0,11.5,10.0,0,0,2,2,134.0,8.0,16.75,0.25,0.75,8.0,16.75,0.25,4.5,29.0,1.0,2.0,4.0,,,,,,,,,,,,,,,,,,,,,,,,,,,,,,,,,,,,,,,,,,,,,,,,,,,,,,,,,,,,,,,,,,,,,,,,,,,,,,,,,,,,,,,,,,,,,,,,,,,,,,,,,,,,,,,,,,,,,,,,,,,,,,,,,,,,,,,,,,,,,,,,,,,,,,,,,,,,,,,,,,,,,,,,,,,,,,,,,,,,,,,,,,,,,,,,,,,,,,,,,,,,,,,,,,,,,,,,,,,,,,,,,,,,,,,,,,,,,,,,,,,,,,,,,,,,,,,,,,,
2024,1,ZHO,Kick Sauber,11.0,0.0,Lapped,0,1,0.0,0.0,8.0,0.0,,,Bahrain Grand Prix,0.0,15.0,11.0,0,0,2,2,0.0,,,,,,,,,,,1.0,,Bahrain Grand Prix,93.923,,,110.86671428571427,,,116.34625,,,22.88066184029649,,,15.0,,,,92.048,,,101.53750000000001,,,101.34223076923078,,,10.47830718797846,,,19.0,,,,92.0,,,98.19766666666668,,,109.078,,,12.791561671664647,,,16.0,34.21585365853659,,,31.9,,,36.0,,,19.373170731707315,,,19.0,,,19.8,,,38.74390243902439,,,36.0,,,41.0,,,1016.1012195121951,,,1015.9,,,1016.3,,,0.0,,,False,,,False,,,3.3780487804878048,,,2.1,,,4.7,,,66.45121951219512,,,35.0,,,109.0,,,,22.098780487804877,,,21.1,,,23.4,,,17.24756097560976,,,17.1,,,17.4,,,39.02439024390244,,,34.0,,,46.0,,,1017.2317073170732,,,1017.0,,,1017.6,,,0.0,,,False,,,False,,,2.2817073170731708,,,1.2,,,3.5,,,82.76829268292683,,,41.0,,,134.0,,,,32.01341463414634,,,29.2,,,35.2,,,20.259756097560977,,,19.9,,,20.6,,,35.71951219512195,,,30.0,,,41.0,,,1017.720731707317,,,1017.4,,,1018.0,,,0.0,,,False,,,False,,,2.778048780487805,,,1.6,,,4.0,,,54.5,,,28.0,,,85.0,0.0,0.0,0.0,0.0,,,,,,,,,,,,,92.657,103.53396031746031,108.92216025641027,16.666666666666668,,,,
2024,2,ZHO,Kick Sauber,18.0,0.0,Lapped,0,1,0.0,0.0,-1.0,0.0,8.0,0.0,Saudi Arabian Grand Prix,0.0,17.5,17.0,0,0,2,2,0.0,15.0,0.0,0.0,1.0,15.0,0.0,0.0,,,,6.0,8.0,Saudi Arabian Grand Prix,91.131,,,105.63886666666667,,,105.37628571428571,,,20.36704233735052,,,18.0,,,,89.777,,,103.8164,,,100.10381818181818,,,16.05687600885167,,,13.0,,,,90.739,,,112.66028571428572,,,112.66028571428572,,,27.041775408395342,,,19.0,39.70125,,,38.2,,,41.9,,,26.754999999999995,,,26.4,,,27.1,,,57.575,,,53.0,,,61.0,,,1012.2375,,,1012.0,,,1012.5,,,0.0,,,False,,,False,,,4.80625,,,3.2,,,6.8,,,24.6125,,,1.0,,,41.0,,,,30.59677419354838,,,29.2,,,31.5,,,25.370967741935488,,,25.2,,,25.6,,,59.784946236559136,,,58.0,,,63.0,,,1013.7204301075269,,,1013.2,,,1014.1,,,0.0,,,False,,,False,,,2.4010752688172046,,,0.6,,,4.1,,,92.86021505376344,,,0.0,,,360.0,,,,39.558536585365864,,,37.3,,,43.5,,,25.98414634146341,,,25.6,,,26.3,,,60.34146341463415,,,57.0,,,63.0,,,1012.940243902439,,,1012.7,,,1013.4,,,0.0,,,False,,,False,,,4.16219512195122,,,2.1,,,5.8,,,23.451219512195124,,,0.0,,,54.0,0.0,0.0,0.0,0.0,,,,,,,,,,,,,90.54900000000002,107.37185079365081,106.04679653679655,16.666666666666668,92.657,103.53396031746031,108.92216025641027,16.666666666666668
2024,3,ZHO,Kick Sauber,15.0,0.0,Lapped,0,1,0.0,0.0,-1.0,0.0,3.5,0.0,Australian Grand Prix,0.0,14.5,14.0,0,0,2,2,0.0,16.25,0.0,0.0,1.0,16.25,0.0,0.0,,,,7.0,9.0,Australian Grand Prix,79.989,,,93.81092307692307,,,95.441,,,17.450997812923667,,,19.0,,,,78.421,,,90.78554545454546,,,90.06223076923077,,,15.994451184467303,,,11.0,,,,77.876,,,92.44528571428573,,,92.55233333333332,,,22.983777851635555,,,14.0,33.70987654320987,,,29.9,,,36.8,,,18.469135802469136,,,18.0,,,19.0,,,61.01234567901235,,,55.0,,,64.0,,,1023.5641975308641,,,1023.2,,,1023.9,,,0.0,,,False,,,False,,,1.262962962962963,,,0.5,,,2.7,,,142.54320987654322,,,0.0,,,342.0,,,,36.15731707317073,,,34.0,,,38.3,,,20.157317073170734,,,20.0,,,20.4,,,56.926829268292686,,,55.0,,,58.0,,,1022.0512195121953,,,1021.8,,,1022.2,,,0.0,,,False,,,False,,,1.803658536585366,,,0.7,,,3.0,,,147.47560975609755,,,0.0,,,354.0,,,,27.669135802469132,,,25.2,,,31.0,,,18.27283950617284,,,17.9,,,18.8,,,59.39506172839506,,,56.0,,,62.0,,,1025.324691358025,,,1025.0,,,1025.6,,,0.0,,,False,,,False,,,1.4333333333333333,,,0.5,,,2.8,,,133.25925925925927,,,0.0,,,346.0,0.0,0.0,0.0,0.0,,,,,,,,,,,,,78.76200000000001,92.34725141525142,92.68518803418802,14.666666666666666,91.60300000000001,105.45290555555556,107.48447839660341,16.666666666666668
2024,4,ZHO,Kick Sauber,18.0,0.0,Retired,0,1,0.0,0.0,-4.0,0.0,2.0,0.0,Japanese Grand Prix,0.0,16.0,14.0,0,1,1,2,0.0,15.666666666666666,0.0,0.0,1.0,15.666666666666666,0.0,0.0,,,,8.0,9.0,Japanese Grand Prix,92.638,,,111.1279,,,111.9856,,,25.044466859967294,,,18.0,,,,123.317,,,123.317,,,123.317,,,,,,11.0,,,,91.067,,,96.69969999999999,,,97.919,,,1.1987131194982137,,,15.0,24.296249999999997,,,22.9,,,25.8,,,16.566250000000004,,,15.4,,,17.2,,,42.6875,,,35.0,,,53.0,,,1013.31125,,,1012.9,,,1013.6,,,0.0,,,False,,,False,,,1.3625,,,0.4,,,3.0,,,178.175,,,10.0,,,359.0,,,,16.752325581395347,,,16.2,,,18.1,,,13.02093023255814,,,12.5,,,14.1,,,72.95348837209302,,,60.0,,,80.0,,,1013.4674418604648,,,1013.3,,,1013.7,,,0.20930232558139536,,,False,,,True,,,1.0046511627906978,,,0.0,,,1.9,,,157.5,,,0.0,,,218.0,,,,26.660759493670884,,,24.2,,,29.6,,,17.38227848101266,,,16.7,,,17.9,,,66.10126582278481,,,62.0,,,69.0,,,1015.8417721518989,,,1015.0,,,1016.5,,,0.0,,,False,,,False,,,1.3746835443037975,,,0.4,,,2.5,,,171.72151898734177,,,0.0,,,358.0,0.0,0.0,0.0,0.0,,,,,,,,,,,,,102.34066666666666,110.38153333333332,111.07386666666666,14.666666666666666,87.32266666666668,101.08435417545418,102.55138160913161,16.0
2024,5,ZHO,Kick Sauber,14.0,0.0,Finished,0,0,0.0,0.0,6.0,0.0,0.5,0.0,Chinese Grand Prix,0.0,17.0,14.0,0,1,1,2,0.0,15.75,0.0,0.25,0.75,15.75,0.0,0.25,,,,8.0,9.0,Chinese Grand Prix,97.626,,,112.78533333333333,,,116.42085714285714,,,18.885570209629815,,,11.0,,,,,,,,,,,,,,,,,,,,,,,,,,,,,,,,,39.46829268292684,,,38.2,,,42.1,,,23.142682926829266,,,22.3,,,23.8,,,22.865853658536587,,,21.0,,,25.0,,,1009.3329268292683,,,1008.5,,,1010.1,,,0.0,,,False,,,False,,,1.3536585365853657,,,0.0,,,3.2,,,146.96341463414635,,,0.0,,,356.0,,,,,,,,,,,,,,,,,,,,,,,,,,,,,,,,,,,,,,,,,,,,,,,,,,,,,,,,,,,,,,,,,,,,,,,,,,,,,,,,,,,,,,,,,,,,,,,,,,,,,,,,,,,,,,,,,,,,,,,,,,,,,,,,,1.0,0.0,0.0,0.0,,,,,,,,,,,,,97.626,112.78533333333333,116.42085714285714,11.0,91.07716666666667,103.40864896492397,104.68200287351537,15.666666666666668
2024,6,ZHO,Kick Sauber,14.0,0.0,Finished,0,0,0.0,0.0,2.0,0.0,1.6,0.0,Miami Grand Prix,0.0,15.0,14.0,0,0,2,2,0.0,16.0,0.0,0.4,0.6,16.0,0.0,0.4,,,,8.0,10.0,Miami Grand Prix,89.445,,,115.73658823529411,,,116.69912500000001,,,23.513771620888168,,,15.0,,,,,,,,,,,,,,,,,,,,,,,,,,,,,,,,,49.958441558441564,,,43.4,,,54.9,,,28.780519480519484,,,28.3,,,29.3,,,56.27272727272727,,,53.0,,,59.0,,,1015.31038961039,,,1015.0,,,1015.6,,,0.0,,,False,,,False,,,3.0090909090909084,,,1.3,,,4.7,,,160.14285714285714,,,99.0,,,197.0,,,,,,,,,,,,,,,,,,,,,,,,,,,,,,,,,,,,,,,,,,,,,,,,,,,,,,,,,,,,,,,,,,,,,,,,,,,,,,,,,,,,,,,,,,,,,,,,,,,,,,,,,,,,,,,,,,,,,,,,,,,,,,,,,1.0,0.0,0.0,0.0,,,,,,,,,,,,,89.445,115.73658823529411,116.69912500000001,15.0,92.38693333333335,105.28398583860584,107.02977372738374,14.733333333333334
2024,7,ZHO,Kick Sauber,15.0,0.0,Lapped,0,1,0.0,0.0,3.0,0.0,1.6666666666666667,0.0,Emilia Romagna Grand Prix,0.0,16.5,15.0,0,0,2,2,0.0,15.833333333333334,0.0,0.3333333333333333,0.6666666666666667,15.833333333333334,0.0,0.3333333333333333,,,,9.0,10.0,Emilia Romagna Grand Prix,79.129,,,96.84033333333333,,,98.22227272727272,,,16.988982294951686,,,17.0,,,,77.606,,,91.12515,,,85.20844444444444,,,8.6597034174259,,,19.0,,,,77.891,,,83.43025,,,77.891,,,,,,20.0,43.45443037974684,,,42.6,,,44.5,,,23.972151898734175,,,23.3,,,24.6,,,32.53164556962025,,,30.0,,,35.0,,,1006.8518987341771,,,1006.6,,,1007.1,,,0.0,,,False,,,False,,,3.951898734177215,,,2.3,,,5.3,,,301.0506329113924,,,239.0,,,338.0,,,,36.84230769230769,,,35.1,,,39.0,,,24.379487179487178,,,24.0,,,24.7,,,33.94871794871795,,,29.0,,,36.0,,,1006.4525641025638,,,1006.2,,,1006.7,,,0.0,,,False,,,False,,,2.5230769230769234,,,0.5,,,4.6,,,284.1923076923077,,,2.0,,,350.0,,,,44.48076923076923,,,42.4,,,45.9,,,23.603846153846156,,,23.0,,,24.3,,,41.32051282051282,,,39.0,,,44.0,,,1009.2435897435897,,,1008.9,,,1009.5,,,0.0,,,False,,,False,,,1.9025641025641027,,,0.7,,,3.8,,,137.17948717948718,,,0.0,,,354.0,0.0,0.0,0.0,0.0,,,,,,,,,,,,,78.20866666666667,90.46524444444445,87.10723905723906,18.666666666666668,91.89661111111111,107.02608623805388,108.64133227281978,14.777777777777779
2024,8,ZHO,Kick Sauber,16.0,0.0,Lapped,0,1,0.0,0.0,-3.0,0.0,1.8571428571428568,0.0,Monaco Grand Prix,0.0,14.5,13.0,0,0,2,2,0.0,15.928571428571429,0.0,0.2857142857142857,0.7142857142857143,15.928571428571429,0.0,0.2857142857142857,,,,9.0,9.0,Monaco Grand Prix,74.57,,,89.21990909090908,,,87.91522222222221,,,15.006726439981653,,,19.0,,,,73.773,,,85.67308333333334,,,87.15023076923077,,,13.821786685964577,,,20.0,,,,73.83,,,90.04068181818181,,,90.13191666666667,,,15.964125990131368,,,19.0,35.56103896103896,,,32.5,,,38.6,,,20.71688311688312,,,19.9,,,21.5,,,66.72727272727273,,,61.0,,,72.0,,,1018.2766233766234,,,1017.7,,,1018.7,,,0.09090909090909091,,,False,,,True,,,0.7467532467532466,,,0.0,,,1.5,,,156.16883116883116,,,0.0,,,359.0,,,,31.30246913580247,,,29.9,,,32.5,,,20.76172839506173,,,20.2,,,21.3,,,66.44444444444444,,,63.0,,,70.0,,,1017.1432098765433,,,1016.8,,,1017.5,,,0.0,,,False,,,False,,,0.7901234567901234,,,0.0,,,1.7,,,144.09876543209876,,,0.0,,,348.0,,,,46.86202531645569,,,45.0,,,48.5,,,21.67468354430379,,,21.3,,,22.0,,,57.40506329113924,,,55.0,,,61.0,,,1017.5379746835443,,,1017.4,,,1017.7,,,0.0,,,False,,,False,,,0.8240506329113924,,,0.0,,,1.6,,,190.30379746835442,,,0.0,,,359.0,0.0,0.0,0.0,0.0,,,,,,,,,,,,,74.05766666666666,88.31122474747474,88.39912321937322,19.333333333333332,89.94119047619049,104.66025169610967,105.56503324202254,15.333333333333334
2024,9,ZHO,Kick Sauber,15.0,0.0,Lapped,0,1,0.0,0.0,-2.0,0.0,1.25,0.0,Canadian Grand Prix,0.0,14.0,13.0,0,0,2,2,0.0,15.75,0.0,0.25,0.75,15.75,0.0,0.25,,,,10.0,10.0,Canadian Grand Prix,,,,,,,,,,,,,,,,,79.087,,,96.16166666666665,,,101.187375,,,21.381794124491584,,,17.0,,,,78.656,,,79.3095,,,79.3095,,,0.9241885630108091,,,20.0,28.68205128205127,,,25.5,,,32.2,,,18.237179487179485,,,17.2,,,19.3,,,83.57692307692308,,,77.0,,,89.0,,,998.6589743589747,,,998.2,,,999.5,,,0.1794871794871795,,,False,,,True,,,1.2474358974358977,,,0.0,,,2.8,,,226.64102564102564,,,0.0,,,355.0,,,,25.546249999999997,,,23.8,,,27.1,,,18.99625,,,18.1,,,19.6,,,68.5,,,64.0,,,72.0,,,999.23375,,,998.8,,,999.7,,,0.8875,,,False,,,True,,,1.2925,,,0.3,,,2.9,,,151.95,,,0.0,,,337.0,,,,36.4,,,32.2,,,39.1,,,20.854320987654322,,,19.9,,,21.6,,,61.925925925925924,,,59.0,,,64.0,,,1000.5185185185185,,,1000.2,,,1000.8,,,0.0,,,False,,,False,,,1.6790123456790123,,,0.8,,,2.9,,,157.17283950617283,,,0.0,,,348.0,0.0,0.0,0.0,0.0,,,,,,,,,,,,,78.8715,87.73558333333332,90.2484375,18.5,87.95575000000001,102.6166233275303,103.41929448919137,15.833333333333334
2024,10,ZHO,Kick Sauber,13.0,0.0,Lapped,0,1,0.0,0.0,3.0,0.0,0.8888888888888888,0.0,Spanish Grand Prix,0.0,14.5,13.0,0,0,2,2,0.0,15.555555555555555,0.0,0.2222222222222222,0.7777777777777778,15.555555555555555,0.0,0.2222222222222222,,,,10.0,9.0,Spanish Grand Prix,75.616,,,93.82899999999998,,,97.499125,,,21.358543398953962,,,16.0,,,,74.345,,,86.82672727272728,,,91.91828571428572,,,19.464899457864195,,,17.0,,,,74.572,,,84.90366666666667,,,102.8825,,,38.000625527746244,,,19.0,47.092592592592595,,,45.3,,,48.0,,,28.16543209876543,,,27.5,,,28.5,,,33.666666666666664,,,29.0,,,38.0,,,1004.3987654320988,,,1004.1,,,1004.6,,,0.0,,,False,,,False,,,2.0950617283950614,,,0.0,,,3.5,,,214.14814814814815,,,0.0,,,276.0,,,,43.05185185185185,,,41.2,,,44.2,,,24.86543209876543,,,24.5,,,25.6,,,49.901234567901234,,,45.0,,,56.0,,,1004.495061728395,,,1004.3,,,1004.7,,,0.0,,,False,,,False,,,1.8407407407407406,,,0.8,,,2.9,,,205.08641975308643,,,0.0,,,340.0,,,,43.355000000000004,,,38.9,,,46.3,,,26.441250000000004,,,26.0,,,26.9,,,57.7125,,,47.0,,,62.0,,,1004.5975000000001,,,1004.3,,,1005.0,,,0.0,,,False,,,False,,,1.6612500000000001,,,0.4,,,2.7,,,218.975,,,0.0,,,355.0,0.0,0.0,0.0,0.0,,,,,,,,,,,,,74.84433333333334,88.51979797979799,97.43330357142857,17.333333333333332,86.94638888888889,100.9631744392862,101.95586593483677,16.12962962962963
2024,11,ZHO,Kick Sauber,17.0,0.0,Lapped,0,1,0.0,0.0,-1.0,0.0,1.1,0.0,Austrian Grand Prix,0.0,16.5,16.0,0,0,2,2,0.0,15.45,0.0,0.2,0.8,15.45,0.0,0.2,,,,10.0,9.0,Austrian Grand Prix,66.919,,,79.13058823529413,,,86.01675,,,19.642140578358564,,,14.0,,,,,,,,,,,,,,,,,,,,,,,,,,,,,,,,,36.88354430379747,,,30.7,,,42.5,,,23.24430379746836,,,21.9,,,24.5,,,59.54430379746835,,,56.0,,,64.0,,,940.7518987341775,,,940.5,,,940.9,,,0.0,,,False,,,False,,,2.6,,,0.7,,,4.0,,,104.36708860759494,,,0.0,,,142.0,,,,,,,,,,,,,,,,,,,,,,,,,,,,,,,,,,,,,,,,,,,,,,,,,,,,,,,,,,,,,,,,,,,,,,,,,,,,,,,,,,,,,,,,,,,,,,,,,,,,,,,,,,,,,,,,,,,,,,,,,,,,,,,,,1.0,0.0,0.0,0.0,,,,,,,,,,,,,66.919,79.13058823529413,86.01675,14.0,85.73618333333334,99.71883679333737,101.50360969849595,16.25
2024,12,ZHO,Kick Sauber,18.0,0.0,Lapped,0,1,0.0,0.0,-3.0,0.0,0.9090909090909092,0.0,British Grand Prix,0.0,16.5,15.0,0,0,2,2,0.0,15.545454545454543,0.0,0.1818181818181818,0.8181818181818181,15.545454545454543,0.0,0.1818181818181818,,,,10.0,9.0,British Grand Prix,88.59,,,105.08000000000001,,,105.23440000000001,,,20.12408162625067,,,15.0,,,,87.813,,,104.36076923076924,,,94.05716666666667,,,0.5911187415965344,,,18.0,,,,101.785,,,108.21993333333334,,,105.756,,,4.2068536045362945,,,19.0,24.554320987654318,,,21.2,,,28.1,,,16.386419753086418,,,15.6,,,17.2,,,75.61728395061728,,,72.0,,,81.0,,,989.422222222222,,,989.2,,,989.6,,,0.0,,,False,,,False,,,1.3691358024691358,,,0.3,,,3.2,,,213.44444444444446,,,0.0,,,353.0,,,,29.296296296296298,,,25.0,,,32.7,,,18.319753086419755,,,17.5,,,18.9,,,67.5679012345679,,,61.0,,,74.0,,,987.8740740740741,,,987.4,,,988.5,,,0.1728395061728395,,,False,,,True,,,1.7185185185185183,,,0.5,,,2.9,,,223.8148148148148,,,0.0,,,289.0,,,,16.291463414634144,,,15.7,,,17.7,,,11.173170731707318,,,10.7,,,11.6,,,89.42682926829268,,,87.0,,,92.0,,,984.439024390244,,,983.7,,,985.1,,,0.6585365853658537,,,False,,,True,,,2.296341463414634,,,1.0,,,4.2,,,233.8170731707317,,,0.0,,,277.0,0.0,0.0,0.0,0.0,,,,,,,,,,,,,92.72933333333333,105.88690085470087,101.68252222222223,17.333333333333332,84.02553030303031,97.84717783351526,100.09571336226904,16.045454545454547
2024,13,ZHO,Kick Sauber,19.0,0.0,Lapped,0,1,0.0,0.0,-3.0,0.0,0.5833333333333334,0.0,Hungarian Grand Prix,0.0,17.5,16.0,0,0,2,2,0.0,15.625,0.0,0.1666666666666666,0.8333333333333334,15.625,0.0,0.1666666666666666,,,,10.0,9.0,Hungarian Grand Prix,79.18,,,83.79145454545456,,,86.43616666666667,,,0.5953101432586723,,,5.0,,,,80.067,,,94.98782352941177,,,90.99316666666668,,,17.667899869194382,,,20.0,,,,77.291,,,78.413,,,77.291,,,,,,17.0,58.49878048780489,,,56.9,,,60.6,,,31.00487804878049,,,30.4,,,31.8,,,38.0,,,34.0,,,40.0,,,990.5731707317075,,,990.1,,,991.0,,,0.0,,,False,,,False,,,1.2621951219512195,,,0.3,,,3.8,,,207.78048780487805,,,0.0,,,345.0,,,,45.81975308641975,,,41.5,,,49.8,,,31.196296296296293,,,30.5,,,31.9,,,37.17283950617284,,,35.0,,,40.0,,,988.1012345679012,,,987.7,,,988.6,,,0.0,,,False,,,False,,,1.008641975308642,,,0.0,,,2.5,,,162.4320987654321,,,0.0,,,284.0,,,,39.0575,,,36.9,,,41.3,,,26.839999999999996,,,26.6,,,27.1,,,42.9375,,,42.0,,,44.0,,,984.8787500000001,,,984.6,,,985.2,,,0.0,,,False,,,False,,,0.92875,,,0.0,,,1.9,,,218.125,,,0.0,,,338.0,0.0,0.0,0.0,0.0,,,,,,,,,,,,,78.846,85.73075935828878,84.90677777777778,14.0,84.75084722222222,98.51715475194739,100.22794743393182,16.15277777777778
2024,14,ZHO,Kick Sauber,19.0,0.0,Retired,0,1,0.0,0.0,-4.0,0.0,0.3076923076923077,0.0,Belgian Grand Prix,0.0,17.0,15.0,0,1,1,2,0.0,15.76923076923077,0.0,0.1538461538461538,0.8461538461538461,15.76923076923077,0.0,0.1538461538461538,,,,10.0,10.0,Belgian Grand Prix,105.995,,,109.77736363636363,,,112.7248,,,0.6480873397930271,,,19.0,,,,104.302,,,110.89764285714286,,,113.86522222222223,,,7.71819272527218,,,19.0,,,,131.109,,,134.8195,,,134.8195,,,5.247439423185364,,,16.0,38.3867469879518,,,35.2,,,40.9,,,22.012048192771083,,,21.4,,,22.5,,,60.855421686746986,,,58.0,,,65.0,,,964.7867469879518,,,964.5,,,965.0,,,0.012048192771084338,,,False,,,True,,,1.5518072289156624,,,0.0,,,4.0,,,156.0120481927711,,,0.0,,,359.0,,,,35.19024390243902,,,33.3,,,36.9,,,21.78170731707317,,,21.2,,,22.2,,,64.3048780487805,,,62.0,,,67.0,,,965.0170731707318,,,964.8,,,965.2,,,0.0,,,False,,,False,,,1.2378048780487805,,,0.4,,,2.7,,,134.90243902439025,,,0.0,,,358.0,,,,21.782926829268295,,,21.2,,,22.9,,,18.108536585365854,,,17.8,,,18.7,,,92.91463414634147,,,89.0,,,96.0,,,965.8914634146339,,,965.7,,,966.0,,,0.8902439024390244,,,False,,,True,,,1.423170731707317,,,0.5,,,2.4,,,156.6829268292683,,,102.0,,,244.0,0.0,0.0,0.0,0.0,,,,,,,,,,,,,113.80200000000002,118.49816883116883,120.46984074074074,18.0,84.2966282051282,97.53358587551212,99.04939592191997,15.987179487179487
2024,15,ZHO,Kick Sauber,20.0,0.0,Lapped,0,1,0.0,0.0,-1.0,0.0,0.0,0.0,Dutch Grand Prix,0.0,19.5,19.0,0,0,2,2,0.0,15.857142857142858,0.0,0.2142857142857142,0.7857142857142857,15.857142857142858,0.0,0.2142857142857142,,,,10.0,10.0,Dutch Grand Prix,73.965,,,95.253,,,100.6118,,,29.40362852948595,,,10.0,,,,71.934,,,84.63047826086957,,,83.28192857142858,,,17.33140379357783,,,16.0,,,,83.24,,,83.24,,,83.24,,,,,,11.0,21.725925925925925,,,20.3,,,23.8,,,20.233333333333334,,,19.4,,,21.3,,,83.87654320987654,,,75.0,,,92.0,,,1003.335802469136,,,1002.6,,,1004.1,,,0.14814814814814814,,,False,,,True,,,7.109876543209876,,,4.7,,,9.6,,,223.8395061728395,,,204.0,,,242.0,,,,31.169620253164563,,,29.8,,,31.9,,,21.37721518987342,,,21.1,,,21.6,,,62.51898734177215,,,60.0,,,65.0,,,1006.8721518987339,,,1006.2,,,1007.4,,,0.0,,,False,,,False,,,5.472151898734178,,,4.3,,,7.0,,,207.31645569620252,,,187.0,,,230.0,,,,21.572151898734177,,,19.3,,,25.1,,,19.350632911392406,,,17.5,,,21.4,,,94.20253164556962,,,88.0,,,96.0,,,1004.4113924050635,,,1004.0,,,1004.7,,,0.21518987341772153,,,False,,,True,,,1.9759493670886072,,,0.0,,,3.5,,,209.34177215189874,,,0.0,,,244.0,0.0,0.0,0.0,0.0,,,,,,,,,,,,,76.37966666666667,87.70782608695652,89.0445761904762,12.333333333333334,86.40415476190476,99.03105608663046,100.57942769469287,16.130952380952383
2024,16,ZHO,Kick Sauber,18.0,0.0,Lapped,0,1,0.0,0.0,-2.0,0.0,-0.0666666666666666,0.0,Italian Grand Prix,0.0,17.0,16.0,0,0,2,2,0.0,16.1,0.0,0.2,0.8,16.1,0.0,0.2,,,,10.0,10.0,Italian Grand Prix,82.854,,,90.82372727272728,,,96.10133333333333,,,19.497781849909668,,,15.0,,,,82.223,,,98.98972222222221,,,92.53018181818182,,,12.46952114411922,,,20.0,,,,82.035,,,106.493,,,104.8915,,,27.835260390375367,,,20.0,50.81358024691359,,,48.7,,,52.1,,,32.7641975308642,,,32.2,,,33.4,,,38.135802469135804,,,36.0,,,40.0,,,996.3456790123457,,,995.9,,,996.7,,,0.0,,,False,,,False,,,1.0333333333333334,,,0.0,,,2.1,,,192.23456790123456,,,0.0,,,357.0,,,,44.350632911392395,,,41.6,,,48.0,,,34.029113924050634,,,33.7,,,34.4,,,32.177215189873415,,,31.0,,,34.0,,,994.7316455696205,,,994.5,,,995.0,,,0.0,,,False,,,False,,,1.092405063291139,,,0.0,,,2.9,,,213.26582278481013,,,0.0,,,357.0,,,,46.333333333333336,,,43.3,,,48.5,,,31.627160493827162,,,30.9,,,32.4,,,41.7037037037037,,,35.0,,,46.0,,,997.4049382716049,,,997.2,,,997.6,,,0.0,,,False,,,False,,,1.1246913580246913,,,0.0,,,2.3,,,206.4814814814815,,,0.0,,,351.0,0.0,0.0,0.0,0.0,,,,,,,,,,,,,82.37066666666666,98.7688164983165,97.84100505050505,18.333333333333332,85.73585555555556,98.27617408665219,99.81043759441177,15.877777777777776
2024,17,ZHO,Kick Sauber,14.0,0.0,Finished,0,0,0.0,0.0,2.0,0.0,-0.7333333333333333,0.0,Azerbaijan Grand Prix,0.0,15.0,14.0,0,0,2,2,0.0,16.15625,0.0,0.1875,0.8125,16.233333333333334,0.0,0.2,,,,10.0,10.0,Azerbaijan Grand Prix,109.052,,,123.50177777777779,,,129.1855,,,18.272190463470253,,,19.0,,,,105.947,,,119.47353333333334,,,122.81516666666666,,,15.717344628360946,,,20.0,,,,104.869,,,120.30057142857143,,,123.248,,,20.89249513581372,,,18.0,43.68478260869565,,,39.8,,,46.2,,,29.195652173913032,,,28.0,,,30.6,,,39.09782608695652,,,26.0,,,50.0,,,1015.1771739130434,,,1014.9,,,1015.6,,,0.0,,,False,,,False,,,1.6956521739130432,,,0.5,,,3.5,,,119.3695652173913,,,0.0,,,353.0,,,,36.34878048780487,,,32.9,,,41.2,,,28.52926829268293,,,27.5,,,29.2,,,33.09756097560975,,,27.0,,,47.0,,,1015.0731707317074,,,1014.8,,,1015.3,,,0.0,,,False,,,False,,,1.224390243902439,,,0.0,,,2.6,,,115.8170731707317,,,0.0,,,358.0,,,,31.889024390243897,,,31.0,,,33.1,,,26.991463414634143,,,26.7,,,27.3,,,39.40243902439025,,,35.0,,,44.0,,,1016.6475609756096,,,1016.3,,,1016.9,,,0.35365853658536583,,,False,,,True,,,0.7658536585365854,,,0.0,,,1.7,,,125.02439024390245,,,0.0,,,357.0,0.0,0.0,0.0,0.0,,,,,,,,,,,,,106.62266666666669,121.09196084656087,125.08288888888887,19.0,85.0501,97.95849783204261,99.07169391401808,15.988888888888889
2024,18,ZHO,Kick Sauber,15.0,0.0,Lapped,0,1,0.0,0.0,1.0,0.0,-0.5333333333333333,0.0,Singapore Grand Prix,0.0,15.5,15.0,0,0,2,2,0.0,16.08823529411765,0.0,0.1764705882352941,0.8235294117647058,16.066666666666666,0.0,0.2,,,,10.0,10.0,Singapore Grand Prix,93.585,,,111.54858823529413,,,107.11357142857142,,,15.531349918333376,,,19.0,,,,92.359,,,108.13817647058825,,,104.38144444444444,,,13.399955019617712,,,19.0,,,,92.652,,,105.68828571428573,,,111.00600000000001,,,28.89667093282547,,,20.0,37.114999999999995,,,35.6,,,38.8,,,31.35,,,31.2,,,31.5,,,64.4375,,,63.0,,,67.0,,,1005.6075000000001,,,1005.3,,,1005.9,,,0.0,,,False,,,False,,,2.44875,,,1.2,,,3.4,,,187.9,,,177.0,,,214.0,,,,32.95000000000001,,,32.3,,,33.6,,,30.181707317073165,,,30.0,,,30.3,,,73.98780487804878,,,73.0,,,75.0,,,1008.1158536585366,,,1007.8,,,1008.6,,,0.0,,,False,,,False,,,1.6597560975609755,,,1.1,,,2.4,,,203.09756097560975,,,171.0,,,222.0,,,,37.0670731707317,,,34.9,,,38.6,,,30.06219512195122,,,29.9,,,30.2,,,75.13414634146342,,,74.0,,,77.0,,,1006.7951219512195,,,1006.6,,,1007.0,,,0.0,,,False,,,False,,,0.4817073170731707,,,0.0,,,1.5,,,199.15853658536585,,,0.0,,,323.0,0.0,0.0,0.0,0.0,,,,,,,,,,,,,92.86533333333334,108.45835014005604,107.50033862433862,19.333333333333332,86.12167777777776,98.87317183556995,100.3407667374909,16.144444444444442
2024,19,ZHO,Kick Sauber,19.0,0.0,Lapped,0,1,0.0,0.0,-2.0,0.0,-0.4,0.0,United States Grand Prix,0.0,18.0,17.0,0,0,2,2,0.0,16.055555555555557,0.0,0.1666666666666666,0.8333333333333334,16.133333333333333,0.0,0.2,,,,10.0,10.0,United States Grand Prix,97.219,,,100.18828571428571,,,101.363,,,0.6920173408231899,,,20.0,,,,,,,,,,,,,,,,,,,,,,,,,,,,,,,,,36.703703703703695,,,33.9,,,38.7,,,25.27777777777778,,,23.5,,,26.4,,,52.24691358024691,,,47.0,,,56.0,,,1004.1839506172839,,,1003.5,,,1005.0,,,0.0,,,False,,,False,,,3.34074074074074,,,1.4,,,5.4,,,158.8641975308642,,,128.0,,,186.0,,,,,,,,,,,,,,,,,,,,,,,,,,,,,,,,,,,,,,,,,,,,,,,,,,,,,,,,,,,,,,,,,,,,,,,,,,,,,,,,,,,,,,,,,,,,,,,,,,,,,,,,,,,,,,,,,,,,,,,,,,,,,,,,,1.0,0.0,0.0,0.0,,,,,,,,,,,,,97.219,100.18828571428571,101.363,20.0,87.0619,99.94724508389025,101.32844344350093,16.455555555555556
2024,20,ZHO,Kick Sauber,15.0,0.0,Lapped,0,1,0.0,0.0,-1.0,0.0,-0.2666666666666666,0.0,Mexico City Grand Prix,0.0,14.5,14.0,0,0,2,2,0.0,16.157894736842106,0.0,0.1578947368421052,0.8421052631578947,16.266666666666666,0.0,0.1333333333333333,,,,10.0,10.0,Mexico City Grand Prix,,,,,,,,,,,,,,,,,78.98,,,86.74485185185183,,,83.312125,,,0.3453856798669306,,,17.0,,,,78.428,,,95.57171428571428,,,102.81875,,,26.988376045685545,,,19.0,45.61772151898734,,,42.1,,,48.6,,,19.534177215189874,,,17.6,,,21.1,,,45.139240506329116,,,34.0,,,57.0,,,784.5962025316454,,,784.0,,,785.2,,,0.0,,,False,,,False,,,1.6050632911392404,,,0.6,,,3.9,,,208.873417721519,,,0.0,,,344.0,,,,37.789908256880736,,,31.3,,,42.9,,,22.755963302752296,,,22.1,,,23.0,,,27.513761467889907,,,19.0,,,34.0,,,783.3422018348625,,,783.2,,,783.6,,,0.0,,,False,,,False,,,1.4238532110091744,,,0.0,,,3.1,,,255.9724770642202,,,0.0,,,358.0,,,,32.757831325301204,,,29.0,,,38.0,,,18.249397590361443,,,16.9,,,19.7,,,53.855421686746986,,,50.0,,,59.0,,,787.2807228915663,,,786.6,,,787.9,,,0.0,,,False,,,False,,,1.5783132530120483,,,0.0,,,3.8,,,265.90361445783134,,,0.0,,,357.0,0.0,0.0,0.0,0.0,,,,,,,,,,,,,78.70400000000001,91.15828306878305,93.0654375,18.0,86.72045555555556,99.26769524262042,100.68105233238983,16.811111111111114
2024,21,ZHO,Kick Sauber,15.0,0.0,Finished,0,0,0.0,0.0,-2.0,0.0,-0.7333333333333333,0.0,São Paulo Grand Prix,0.0,14.0,13.0,0,0,2,2,0.0,16.075,0.0,0.15,0.85,16.1,0.0,0.0666666666666666,,,,10.0,10.0,São Paulo Grand Prix,72.883,,,89.55944444444445,,,102.13575,,,27.589633393463465,,,20.0,,,,,,,,,,,,,,,,,,,,,,,,,,,,,,,,,54.140243902439025,,,49.7,,,57.5,,,26.103658536585368,,,25.7,,,26.4,,,54.9390243902439,,,48.0,,,59.0,,,928.0024390243904,,,927.6,,,928.4,,,0.0,,,False,,,False,,,1.0865853658536584,,,0.0,,,2.1,,,180.59756097560975,,,0.0,,,350.0,,,,,,,,,,,,,,,,,,,,,,,,,,,,,,,,,,,,,,,,,,,,,,,,,,,,,,,,,,,,,,,,,,,,,,,,,,,,,,,,,,,,,,,,,,,,,,,,,,,,,,,,,,,,,,,,,,,,,,,,,,,,,,,,,1.0,0.0,0.0,0.0,,,,,,,,,,,,,72.883,89.55944444444445,102.13575,20.0,85.45898888888888,97.82589189165039,99.12402435619934,17.27777777777778
2024,22,ZHO,Kick Sauber,13.0,0.0,Finished,0,0,0.0,0.0,5.0,0.0,-1.0,0.0,Las Vegas Grand Prix,0.0,15.5,13.0,0,0,2,2,0.0,15.976190476190476,0.0,0.1428571428571428,0.8571428571428572,16.033333333333335,0.0,0.0666666666666666,,,,10.0,10.0,Las Vegas Grand Prix,98.35,,,113.79952941176471,,,114.90228571428572,,,16.116349935332604,,,18.0,,,,95.765,,,108.95909523809522,,,103.75744444444445,,,9.139109818673681,,,16.0,,,,96.988,,,113.38214285714287,,,114.04683333333332,,,18.607098166201702,,,20.0,15.683132530120483,,,14.9,,,16.5,,,14.065060240963856,,,13.3,,,14.6,,,19.626506024096386,,,17.0,,,22.0,,,947.4734939759037,,,947.2,,,947.7,,,0.0,,,False,,,False,,,0.9951807228915662,,,0.5,,,1.7,,,212.16867469879517,,,146.0,,,242.0,,,,12.870987654320986,,,12.6,,,13.2,,,11.146296296296295,,,10.8,,,11.5,,,24.290123456790123,,,23.0,,,26.0,,,947.783950617284,,,947.6,,,948.0,,,0.0,,,False,,,False,,,0.9117283950617283,,,0.4,,,1.4,,,216.62345679012347,,,184.0,,,260.0,,,,16.830487804878047,,,16.1,,,17.7,,,14.853658536585366,,,14.2,,,15.3,,,18.573170731707318,,,17.0,,,20.0,,,942.1670731707317,,,942.0,,,942.4,,,0.0,,,False,,,False,,,0.6524390243902439,,,0.0,,,1.5,,,178.41463414634146,,,0.0,,,310.0,0.0,0.0,0.0,0.0,,,,,,,,,,,,,97.03433333333334,112.04692250233427,110.90218783068782,18.0,84.35485555555556,96.08074897226042,98.1531326895327,17.61111111111111
2024,23,ZHO,Kick Sauber,8.0,4.0,Finished,0,0,0.0,0.0,3.0,4.0,-0.8666666666666667,0.0,Qatar Grand Prix,4.0,9.5,8.0,0,0,2,2,0.0,15.954545454545457,0.0,0.1363636363636363,0.8636363636363636,15.966666666666669,0.0,0.0666666666666666,,,,10.0,10.0,,,,,,,,,,,,,,,,,,,,,,,,,,,,,,,,,,,,,,,,,,,,,,,,,,,,,,,,,,,,,,,,,,,,,,,,,,,,,,,,,,,,,,,,,,,,,,,,,,,,,,,,,,,,,,,,,,,,,,,,,,,,,,,,,,,,,,,,,,,,,,,,,,,,,,,,,,,,,,,,,,,,,,,,,,,,,,,,,,,,,,,,,,,,,,,,,,,,,,,,,,,,,,,,,,,,,,,,,,,,,,,,,,,,,,,,,,,,,,,,,,,,,,,,,,,,,,,,,,,
2024,24,ZHO,Kick Sauber,13.0,0.0,Lapped,0,1,0.0,0.0,5.0,0.0,-0.4666666666666667,0.2666666666666666,Abu Dhabi Grand Prix,0.0,15.5,13.0,0,1,1,2,4.0,15.673913043478262,0.1739130434782608,0.1304347826086956,0.8695652173913043,15.633333333333333,0.2666666666666666,0.0666666666666666,,,,10.0,10.0,,,,,,,,,,,,,,,,,,,,,,,,,,,,,,,,,,,,,,,,,,,,,,,,,,,,,,,,,,,,,,,,,,,,,,,,,,,,,,,,,,,,,,,,,,,,,,,,,,,,,,,,,,,,,,,,,,,,,,,,,,,,,,,,,,,,,,,,,,,,,,,,,,,,,,,,,,,,,,,,,,,,,,,,,,,,,,,,,,,,,,,,,,,,,,,,,,,,,,,,,,,,,,,,,,,,,,,,,,,,,,,,,,,,,,,,,,,,,,,,,,,,,,,,,,,,,,,,,,,
